Record Length,2.500000e+03,,   0.001260000000,  -0.40000,
Sample Interval,2.000000e-06,,   0.001262000000,  -0.40000,
Trigger Point,-6.300000000000e+02,,   0.001264000000,  -0.40000,
,,,   0.001266000000,  -0.40800,
,,,   0.001268000000,  -0.40800,
,,,   0.001270000000,  -0.40800,
Source,CH2,,   0.001272000000,  -0.40800,
Vertical Units,V,,   0.001274000000,  -0.40800,
Vertical Scale,2.000000e-01,,   0.001276000000,  -0.40800,
Vertical Offset,1.600000e-02,,   0.001278000000,  -0.40800,
Horizontal Units,s,,   0.001280000000,  -0.41600,
Horizontal Scale,5.000000e-04,,   0.001282000000,  -0.41600,
Pt Fmt,Y,,   0.001284000000,  -0.42400,
Yzero,0.000000e+00,,   0.001286000000,  -0.42400,
Probe Atten,1.000000e+00,,   0.001288000000,  -0.42400,
Model Number,TBS1072B-EDU,,   0.001290000000,  -0.42400,
Serial Number,C015526,,   0.001292000000,  -0.42400,
Firmware Version,FV:v4.06,,   0.001294000000,  -0.43200,
,,,0.001296000000,  -0.43200,
,,,0.001298000000,  -0.43200,
,,,0.001300000000,  -0.43200,
,,,0.001302000000,  -0.44000,
,,,0.001304000000,  -0.44000,
,,,0.001306000000,  -0.44000,
,,,0.001308000000,  -0.44000,
,,,0.001310000000,  -0.44800,
,,,0.001312000000,  -0.44800,
,,,0.001314000000,  -0.44800,
,,,0.001316000000,  -0.44800,
,,,0.001318000000,  -0.44800,
,,,0.001320000000,  -0.45600,
,,,0.001322000000,  -0.44800,
,,,0.001324000000,  -0.44800,
,,,0.001326000000,  -0.45600,
,,,0.001328000000,  -0.45600,
,,,0.001330000000,  -0.45600,
,,,0.001332000000,  -0.45600,
,,,0.001334000000,  -0.46400,
,,,0.001336000000,  -0.46400,
,,,0.001338000000,  -0.46400,
,,,0.001340000000,  -0.47200,
,,,0.001342000000,  -0.46400,
,,,0.001344000000,  -0.46400,
,,,0.001346000000,  -0.47200,
,,,0.001348000000,  -0.47200,
,,,0.001350000000,  -0.47200,
,,,0.001352000000,  -0.47200,
,,,0.001354000000,  -0.47200,
,,,0.001356000000,  -0.48000,
,,,0.001358000000,  -0.48000,
,,,0.001360000000,  -0.48000,
,,,0.001362000000,  -0.48000,
,,,0.001364000000,  -0.48000,
,,,0.001366000000,  -0.48000,
,,,0.001368000000,  -0.48000,
,,,0.001370000000,  -0.48800,
,,,0.001372000000,  -0.48000,
,,,0.001374000000,  -0.48800,
,,,0.001376000000,  -0.48800,
,,,0.001378000000,  -0.48800,
,,,0.001380000000,  -0.48800,
,,,0.001382000000,  -0.48800,
,,,0.001384000000,  -0.48800,
,,,0.001386000000,  -0.48800,
,,,0.001388000000,  -0.48800,
,,,0.001390000000,  -0.49600,
,,,0.001392000000,  -0.49600,
,,,0.001394000000,  -0.49600,
,,,0.001396000000,  -0.49600,
,,,0.001398000000,  -0.49600,
,,,0.001400000000,  -0.49600,
,,,0.001402000000,  -0.49600,
,,,0.001404000000,  -0.49600,
,,,0.001406000000,  -0.49600,
,,,0.001408000000,  -0.49600,
,,,0.001410000000,  -0.49600,
,,,0.001412000000,  -0.50400,
,,,0.001414000000,  -0.49600,
,,,0.001416000000,  -0.49600,
,,,0.001418000000,  -0.50400,
,,,0.001420000000,  -0.49600,
,,,0.001422000000,  -0.50400,
,,,0.001424000000,  -0.50400,
,,,0.001426000000,  -0.50400,
,,,0.001428000000,  -0.50400,
,,,0.001430000000,  -0.50400,
,,,0.001432000000,  -0.50400,
,,,0.001434000000,  -0.50400,
,,,0.001436000000,  -0.50400,
,,,0.001438000000,  -0.50400,
,,,0.001440000000,  -0.50400,
,,,0.001442000000,  -0.50400,
,,,0.001444000000,  -0.50400,
,,,0.001446000000,  -0.50400,
,,,0.001448000000,  -0.51200,
,,,0.001450000000,  -0.51200,
,,,0.001452000000,  -0.50400,
,,,0.001454000000,  -0.51200,
,,,0.001456000000,  -0.50400,
,,,0.001458000000,  -0.51200,
,,,0.001460000000,  -0.50400,
,,,0.001462000000,  -0.51200,
,,,0.001464000000,  -0.50400,
,,,0.001466000000,  -0.50400,
,,,0.001468000000,  -0.51200,
,,,0.001470000000,  -0.50400,
,,,0.001472000000,  -0.50400,
,,,0.001474000000,  -0.51200,
,,,0.001476000000,  -0.50400,
,,,0.001478000000,  -0.51200,
,,,0.001480000000,  -0.50400,
,,,0.001482000000,  -0.50400,
,,,0.001484000000,  -0.51200,
,,,0.001486000000,  -0.50400,
,,,0.001488000000,  -0.50400,
,,,0.001490000000,  -0.51200,
,,,0.001492000000,  -0.51200,
,,,0.001494000000,  -0.50400,
,,,0.001496000000,  -0.50400,
,,,0.001498000000,  -0.50400,
,,,0.001500000000,  -0.50400,
,,,0.001502000000,  -0.50400,
,,,0.001504000000,  -0.51200,
,,,0.001506000000,  -0.50400,
,,,0.001508000000,  -0.50400,
,,,0.001510000000,  -0.50400,
,,,0.001512000000,  -0.50400,
,,,0.001514000000,  -0.50400,
,,,0.001516000000,  -0.50400,
,,,0.001518000000,  -0.50400,
,,,0.001520000000,  -0.50400,
,,,0.001522000000,  -0.50400,
,,,0.001524000000,  -0.50400,
,,,0.001526000000,  -0.50400,
,,,0.001528000000,  -0.50400,
,,,0.001530000000,  -0.50400,
,,,0.001532000000,  -0.50400,
,,,0.001534000000,  -0.49600,
,,,0.001536000000,  -0.50400,
,,,0.001538000000,  -0.49600,
,,,0.001540000000,  -0.49600,
,,,0.001542000000,  -0.49600,
,,,0.001544000000,  -0.49600,
,,,0.001546000000,  -0.49600,
,,,0.001548000000,  -0.49600,
,,,0.001550000000,  -0.49600,
,,,0.001552000000,  -0.49600,
,,,0.001554000000,  -0.49600,
,,,0.001556000000,  -0.48800,
,,,0.001558000000,  -0.48800,
,,,0.001560000000,  -0.49600,
,,,0.001562000000,  -0.49600,
,,,0.001564000000,  -0.48800,
,,,0.001566000000,  -0.48800,
,,,0.001568000000,  -0.48800,
,,,0.001570000000,  -0.48800,
,,,0.001572000000,  -0.48800,
,,,0.001574000000,  -0.48800,
,,,0.001576000000,  -0.48800,
,,,0.001578000000,  -0.48000,
,,,0.001580000000,  -0.48000,
,,,0.001582000000,  -0.48000,
,,,0.001584000000,  -0.48000,
,,,0.001586000000,  -0.48000,
,,,0.001588000000,  -0.47200,
,,,0.001590000000,  -0.48000,
,,,0.001592000000,  -0.47200,
,,,0.001594000000,  -0.47200,
,,,0.001596000000,  -0.47200,
,,,0.001598000000,  -0.47200,
,,,0.001600000000,  -0.47200,
,,,0.001602000000,  -0.47200,
,,,0.001604000000,  -0.47200,
,,,0.001606000000,  -0.47200,
,,,0.001608000000,  -0.47200,
,,,0.001610000000,  -0.46400,
,,,0.001612000000,  -0.46400,
,,,0.001614000000,  -0.46400,
,,,0.001616000000,  -0.46400,
,,,0.001618000000,  -0.45600,
,,,0.001620000000,  -0.46400,
,,,0.001622000000,  -0.45600,
,,,0.001624000000,  -0.44800,
,,,0.001626000000,  -0.45600,
,,,0.001628000000,  -0.45600,
,,,0.001630000000,  -0.44800,
,,,0.001632000000,  -0.44800,
,,,0.001634000000,  -0.44800,
,,,0.001636000000,  -0.44800,
,,,0.001638000000,  -0.44800,
,,,0.001640000000,  -0.44800,
,,,0.001642000000,  -0.44000,
,,,0.001644000000,  -0.44000,
,,,0.001646000000,  -0.43200,
,,,0.001648000000,  -0.44000,
,,,0.001650000000,  -0.44000,
,,,0.001652000000,  -0.43200,
,,,0.001654000000,  -0.43200,
,,,0.001656000000,  -0.43200,
,,,0.001658000000,  -0.42400,
,,,0.001660000000,  -0.43200,
,,,0.001662000000,  -0.42400,
,,,0.001664000000,  -0.42400,
,,,0.001666000000,  -0.42400,
,,,0.001668000000,  -0.42400,
,,,0.001670000000,  -0.42400,
,,,0.001672000000,  -0.41600,
,,,0.001674000000,  -0.40800,
,,,0.001676000000,  -0.40800,
,,,0.001678000000,  -0.40800,
,,,0.001680000000,  -0.40800,
,,,0.001682000000,  -0.40800,
,,,0.001684000000,  -0.40800,
,,,0.001686000000,  -0.40000,
,,,0.001688000000,  -0.40000,
,,,0.001690000000,  -0.40000,
,,,0.001692000000,  -0.40000,
,,,0.001694000000,  -0.39200,
,,,0.001696000000,  -0.39200,
,,,0.001698000000,  -0.38400,
,,,0.001700000000,  -0.38400,
,,,0.001702000000,  -0.39200,
,,,0.001704000000,  -0.38400,
,,,0.001706000000,  -0.38400,
,,,0.001708000000,  -0.37600,
,,,0.001710000000,  -0.37600,
,,,0.001712000000,  -0.37600,
,,,0.001714000000,  -0.36800,
,,,0.001716000000,  -0.36800,
,,,0.001718000000,  -0.36800,
,,,0.001720000000,  -0.36800,
,,,0.001722000000,  -0.36000,
,,,0.001724000000,  -0.36000,
,,,0.001726000000,  -0.36000,
,,,0.001728000000,  -0.36000,
,,,0.001730000000,  -0.35200,
,,,0.001732000000,  -0.35200,
,,,0.001734000000,  -0.35200,
,,,0.001736000000,  -0.35200,
,,,0.001738000000,  -0.34400,
,,,0.001740000000,  -0.34400,
,,,0.001742000000,  -0.34400,
,,,0.001744000000,  -0.33600,
,,,0.001746000000,  -0.33600,
,,,0.001748000000,  -0.32800,
,,,0.001750000000,  -0.32800,
,,,0.001752000000,  -0.32800,
,,,0.001754000000,  -0.32800,
,,,0.001756000000,  -0.32800,
,,,0.001758000000,  -0.32000,
,,,0.001760000000,  -0.32000,
,,,0.001762000000,  -0.32000,
,,,0.001764000000,  -0.31200,
,,,0.001766000000,  -0.31200,
,,,0.001768000000,  -0.31200,
,,,0.001770000000,  -0.30400,
,,,0.001772000000,  -0.30400,
,,,0.001774000000,  -0.30400,
,,,0.001776000000,  -0.29600,
,,,0.001778000000,  -0.29600,
,,,0.001780000000,  -0.29600,
,,,0.001782000000,  -0.28800,
,,,0.001784000000,  -0.28800,
,,,0.001786000000,  -0.28800,
,,,0.001788000000,  -0.28000,
,,,0.001790000000,  -0.28000,
,,,0.001792000000,  -0.28000,
,,,0.001794000000,  -0.27200,
,,,0.001796000000,  -0.26400,
,,,0.001798000000,  -0.27200,
,,,0.001800000000,  -0.26400,
,,,0.001802000000,  -0.26400,
,,,0.001804000000,  -0.26400,
,,,0.001806000000,  -0.25600,
,,,0.001808000000,  -0.25600,
,,,0.001810000000,  -0.25600,
,,,0.001812000000,  -0.24800,
,,,0.001814000000,  -0.24800,
,,,0.001816000000,  -0.24800,
,,,0.001818000000,  -0.24000,
,,,0.001820000000,  -0.24000,
,,,0.001822000000,  -0.23200,
,,,0.001824000000,  -0.23200,
,,,0.001826000000,  -0.23200,
,,,0.001828000000,  -0.22400,
,,,0.001830000000,  -0.22400,
,,,0.001832000000,  -0.22400,
,,,0.001834000000,  -0.21600,
,,,0.001836000000,  -0.21600,
,,,0.001838000000,  -0.21600,
,,,0.001840000000,  -0.20800,
,,,0.001842000000,  -0.20800,
,,,0.001844000000,  -0.20800,
,,,0.001846000000,  -0.20000,
,,,0.001848000000,  -0.20000,
,,,0.001850000000,  -0.19200,
,,,0.001852000000,  -0.19200,
,,,0.001854000000,  -0.19200,
,,,0.001856000000,  -0.18400,
,,,0.001858000000,  -0.18400,
,,,0.001860000000,  -0.18400,
,,,0.001862000000,  -0.17600,
,,,0.001864000000,  -0.17600,
,,,0.001866000000,  -0.16800,
,,,0.001868000000,  -0.16800,
,,,0.001870000000,  -0.16800,
,,,0.001872000000,  -0.16000,
,,,0.001874000000,  -0.16000,
,,,0.001876000000,  -0.16000,
,,,0.001878000000,  -0.15200,
,,,0.001880000000,  -0.15200,
,,,0.001882000000,  -0.15200,
,,,0.001884000000,  -0.14400,
,,,0.001886000000,  -0.13600,
,,,0.001888000000,  -0.13600,
,,,0.001890000000,  -0.13600,
,,,0.001892000000,  -0.12800,
,,,0.001894000000,  -0.12800,
,,,0.001896000000,  -0.12000,
,,,0.001898000000,  -0.12000,
,,,0.001900000000,  -0.12000,
,,,0.001902000000,  -0.11200,
,,,0.001904000000,  -0.11200,
,,,0.001906000000,  -0.11200,
,,,0.001908000000,  -0.10400,
,,,0.001910000000,  -0.10400,
,,,0.001912000000,  -0.10400,
,,,0.001914000000,  -0.09600,
,,,0.001916000000,  -0.09600,
,,,0.001918000000,  -0.08800,
,,,0.001920000000,  -0.08800,
,,,0.001922000000,  -0.08000,
,,,0.001924000000,  -0.08000,
,,,0.001926000000,  -0.08000,
,,,0.001928000000,  -0.07200,
,,,0.001930000000,  -0.07200,
,,,0.001932000000,  -0.07200,
,,,0.001934000000,  -0.06400,
,,,0.001936000000,  -0.05600,
,,,0.001938000000,  -0.06400,
,,,0.001940000000,  -0.05600,
,,,0.001942000000,  -0.05600,
,,,0.001944000000,  -0.04800,
,,,0.001946000000,  -0.04800,
,,,0.001948000000,  -0.04000,
,,,0.001950000000,  -0.03200,
,,,0.001952000000,  -0.03200,
,,,0.001954000000,  -0.03200,
,,,0.001956000000,  -0.03200,
,,,0.001958000000,  -0.02400,
,,,0.001960000000,  -0.02400,
,,,0.001962000000,  -0.01600,
,,,0.001964000000,  -0.01600,
,,,0.001966000000,  -0.01600,
,,,0.001968000000,  -0.00800,
,,,0.001970000000,  -0.00800,
,,,0.001972000000,   0.00000,
,,,0.001974000000,   0.00000,
,,,0.001976000000,   0.00000,
,,,0.001978000000,   0.00800,
,,,0.001980000000,   0.00800,
,,,0.001982000000,   0.00800,
,,,0.001984000000,   0.01600,
,,,0.001986000000,   0.01600,
,,,0.001988000000,   0.02400,
,,,0.001990000000,   0.02400,
,,,0.001992000000,   0.02400,
,,,0.001994000000,   0.03200,
,,,0.001996000000,   0.03200,
,,,0.001998000000,   0.04000,
,,,0.002000000000,   0.04000,
,,,0.002002000000,   0.04800,
,,,0.002004000000,   0.04800,
,,,0.002006000000,   0.04800,
,,,0.002008000000,   0.05600,
,,,0.002010000000,   0.05600,
,,,0.002012000000,   0.06400,
,,,0.002014000000,   0.06400,
,,,0.002016000000,   0.06400,
,,,0.002018000000,   0.07200,
,,,0.002020000000,   0.07200,
,,,0.002022000000,   0.08000,
,,,0.002024000000,   0.08000,
,,,0.002026000000,   0.08000,
,,,0.002028000000,   0.08800,
,,,0.002030000000,   0.08800,
,,,0.002032000000,   0.08800,
,,,0.002034000000,   0.09600,
,,,0.002036000000,   0.10400,
,,,0.002038000000,   0.10400,
,,,0.002040000000,   0.10400,
,,,0.002042000000,   0.10400,
,,,0.002044000000,   0.11200,
,,,0.002046000000,   0.11200,
,,,0.002048000000,   0.11200,
,,,0.002050000000,   0.12000,
,,,0.002052000000,   0.12800,
,,,0.002054000000,   0.12800,
,,,0.002056000000,   0.12800,
,,,0.002058000000,   0.13600,
,,,0.002060000000,   0.13600,
,,,0.002062000000,   0.14400,
,,,0.002064000000,   0.14400,
,,,0.002066000000,   0.14400,
,,,0.002068000000,   0.14400,
,,,0.002070000000,   0.15200,
,,,0.002072000000,   0.15200,
,,,0.002074000000,   0.15200,
,,,0.002076000000,   0.16000,
,,,0.002078000000,   0.16000,
,,,0.002080000000,   0.16800,
,,,0.002082000000,   0.16800,
,,,0.002084000000,   0.17600,
,,,0.002086000000,   0.17600,
,,,0.002088000000,   0.17600,
,,,0.002090000000,   0.18400,
,,,0.002092000000,   0.18400,
,,,0.002094000000,   0.18400,
,,,0.002096000000,   0.19200,
,,,0.002098000000,   0.19200,
,,,0.002100000000,   0.19200,
,,,0.002102000000,   0.19200,
,,,0.002104000000,   0.20000,
,,,0.002106000000,   0.20000,
,,,0.002108000000,   0.20800,
,,,0.002110000000,   0.20800,
,,,0.002112000000,   0.20800,
,,,0.002114000000,   0.21600,
,,,0.002116000000,   0.22400,
,,,0.002118000000,   0.22400,
,,,0.002120000000,   0.22400,
,,,0.002122000000,   0.22400,
,,,0.002124000000,   0.23200,
,,,0.002126000000,   0.23200,
,,,0.002128000000,   0.23200,
,,,0.002130000000,   0.24000,
,,,0.002132000000,   0.24000,
,,,0.002134000000,   0.24800,
,,,0.002136000000,   0.24000,
,,,0.002138000000,   0.24800,
,,,0.002140000000,   0.24800,
,,,0.002142000000,   0.25600,
,,,0.002144000000,   0.25600,
,,,0.002146000000,   0.26400,
,,,0.002148000000,   0.26400,
,,,0.002150000000,   0.26400,
,,,0.002152000000,   0.27200,
,,,0.002154000000,   0.28000,
,,,0.002156000000,   0.27200,
,,,0.002158000000,   0.28000,
,,,0.002160000000,   0.28000,
,,,0.002162000000,   0.28000,
,,,0.002164000000,   0.28800,
,,,0.002166000000,   0.28800,
,,,0.002168000000,   0.28800,
,,,0.002170000000,   0.28800,
,,,0.002172000000,   0.29600,
,,,0.002174000000,   0.29600,
,,,0.002176000000,   0.30400,
,,,0.002178000000,   0.30400,
,,,0.002180000000,   0.30400,
,,,0.002182000000,   0.30400,
,,,0.002184000000,   0.31200,
,,,0.002186000000,   0.31200,
,,,0.002188000000,   0.32000,
,,,0.002190000000,   0.32000,
,,,0.002192000000,   0.32000,
,,,0.002194000000,   0.32000,
,,,0.002196000000,   0.32800,
,,,0.002198000000,   0.32000,
,,,0.002200000000,   0.33600,
,,,0.002202000000,   0.33600,
,,,0.002204000000,   0.34400,
,,,0.002206000000,   0.34400,
,,,0.002208000000,   0.34400,
,,,0.002210000000,   0.34400,
,,,0.002212000000,   0.34400,
,,,0.002214000000,   0.35200,
,,,0.002216000000,   0.35200,
,,,0.002218000000,   0.35200,
,,,0.002220000000,   0.36000,
,,,0.002222000000,   0.36000,
,,,0.002224000000,   0.36000,
,,,0.002226000000,   0.36000,
,,,0.002228000000,   0.36800,
,,,0.002230000000,   0.36800,
,,,0.002232000000,   0.37600,
,,,0.002234000000,   0.37600,
,,,0.002236000000,   0.37600,
,,,0.002238000000,   0.37600,
,,,0.002240000000,   0.37600,
,,,0.002242000000,   0.38400,
,,,0.002244000000,   0.38400,
,,,0.002246000000,   0.38400,
,,,0.002248000000,   0.39200,
,,,0.002250000000,   0.39200,
,,,0.002252000000,   0.39200,
,,,0.002254000000,   0.39200,
,,,0.002256000000,   0.40000,
,,,0.002258000000,   0.40000,
,,,0.002260000000,   0.40000,
,,,0.002262000000,   0.40000,
,,,0.002264000000,   0.40000,
,,,0.002266000000,   0.40800,
,,,0.002268000000,   0.40800,
,,,0.002270000000,   0.40800,
,,,0.002272000000,   0.41600,
,,,0.002274000000,   0.41600,
,,,0.002276000000,   0.42400,
,,,0.002278000000,   0.42400,
,,,0.002280000000,   0.42400,
,,,0.002282000000,   0.42400,
,,,0.002284000000,   0.42400,
,,,0.002286000000,   0.42400,
,,,0.002288000000,   0.42400,
,,,0.002290000000,   0.43200,
,,,0.002292000000,   0.43200,
,,,0.002294000000,   0.43200,
,,,0.002296000000,   0.43200,
,,,0.002298000000,   0.43200,
,,,0.002300000000,   0.44000,
,,,0.002302000000,   0.44000,
,,,0.002304000000,   0.44000,
,,,0.002306000000,   0.44000,
,,,0.002308000000,   0.44800,
,,,0.002310000000,   0.44800,
,,,0.002312000000,   0.44800,
,,,0.002314000000,   0.45600,
,,,0.002316000000,   0.44800,
,,,0.002318000000,   0.45600,
,,,0.002320000000,   0.44800,
,,,0.002322000000,   0.45600,
,,,0.002324000000,   0.45600,
,,,0.002326000000,   0.45600,
,,,0.002328000000,   0.46400,
,,,0.002330000000,   0.46400,
,,,0.002332000000,   0.46400,
,,,0.002334000000,   0.46400,
,,,0.002336000000,   0.46400,
,,,0.002338000000,   0.47200,
,,,0.002340000000,   0.46400,
,,,0.002342000000,   0.47200,
,,,0.002344000000,   0.47200,
,,,0.002346000000,   0.47200,
,,,0.002348000000,   0.47200,
,,,0.002350000000,   0.47200,
,,,0.002352000000,   0.48000,
,,,0.002354000000,   0.48000,
,,,0.002356000000,   0.48000,
,,,0.002358000000,   0.48000,
,,,0.002360000000,   0.48000,
,,,0.002362000000,   0.48000,
,,,0.002364000000,   0.48000,
,,,0.002366000000,   0.48000,
,,,0.002368000000,   0.48800,
,,,0.002370000000,   0.48800,
,,,0.002372000000,   0.48800,
,,,0.002374000000,   0.48800,
,,,0.002376000000,   0.48800,
,,,0.002378000000,   0.48800,
,,,0.002380000000,   0.48800,
,,,0.002382000000,   0.48800,
,,,0.002384000000,   0.49600,
,,,0.002386000000,   0.48800,
,,,0.002388000000,   0.49600,
,,,0.002390000000,   0.49600,
,,,0.002392000000,   0.49600,
,,,0.002394000000,   0.49600,
,,,0.002396000000,   0.49600,
,,,0.002398000000,   0.49600,
,,,0.002400000000,   0.49600,
,,,0.002402000000,   0.50400,
,,,0.002404000000,   0.50400,
,,,0.002406000000,   0.49600,
,,,0.002408000000,   0.49600,
,,,0.002410000000,   0.50400,
,,,0.002412000000,   0.50400,
,,,0.002414000000,   0.50400,
,,,0.002416000000,   0.50400,
,,,0.002418000000,   0.50400,
,,,0.002420000000,   0.50400,
,,,0.002422000000,   0.50400,
,,,0.002424000000,   0.50400,
,,,0.002426000000,   0.50400,
,,,0.002428000000,   0.50400,
,,,0.002430000000,   0.50400,
,,,0.002432000000,   0.50400,
,,,0.002434000000,   0.50400,
,,,0.002436000000,   0.51200,
,,,0.002438000000,   0.51200,
,,,0.002440000000,   0.50400,
,,,0.002442000000,   0.51200,
,,,0.002444000000,   0.51200,
,,,0.002446000000,   0.51200,
,,,0.002448000000,   0.50400,
,,,0.002450000000,   0.50400,
,,,0.002452000000,   0.51200,
,,,0.002454000000,   0.51200,
,,,0.002456000000,   0.51200,
,,,0.002458000000,   0.52000,
,,,0.002460000000,   0.50400,
,,,0.002462000000,   0.51200,
,,,0.002464000000,   0.50400,
,,,0.002466000000,   0.51200,
,,,0.002468000000,   0.51200,
,,,0.002470000000,   0.51200,
,,,0.002472000000,   0.51200,
,,,0.002474000000,   0.51200,
,,,0.002476000000,   0.51200,
,,,0.002478000000,   0.51200,
,,,0.002480000000,   0.52000,
,,,0.002482000000,   0.51200,
,,,0.002484000000,   0.51200,
,,,0.002486000000,   0.51200,
,,,0.002488000000,   0.51200,
,,,0.002490000000,   0.51200,
,,,0.002492000000,   0.51200,
,,,0.002494000000,   0.50400,
,,,0.002496000000,   0.51200,
,,,0.002498000000,   0.51200,
,,,0.002500000000,   0.51200,
,,,0.002502000000,   0.51200,
,,,0.002504000000,   0.51200,
,,,0.002506000000,   0.51200,
,,,0.002508000000,   0.51200,
,,,0.002510000000,   0.50400,
,,,0.002512000000,   0.51200,
,,,0.002514000000,   0.50400,
,,,0.002516000000,   0.50400,
,,,0.002518000000,   0.51200,
,,,0.002520000000,   0.51200,
,,,0.002522000000,   0.50400,
,,,0.002524000000,   0.50400,
,,,0.002526000000,   0.50400,
,,,0.002528000000,   0.50400,
,,,0.002530000000,   0.50400,
,,,0.002532000000,   0.50400,
,,,0.002534000000,   0.50400,
,,,0.002536000000,   0.50400,
,,,0.002538000000,   0.50400,
,,,0.002540000000,   0.50400,
,,,0.002542000000,   0.49600,
,,,0.002544000000,   0.50400,
,,,0.002546000000,   0.50400,
,,,0.002548000000,   0.50400,
,,,0.002550000000,   0.49600,
,,,0.002552000000,   0.49600,
,,,0.002554000000,   0.49600,
,,,0.002556000000,   0.49600,
,,,0.002558000000,   0.49600,
,,,0.002560000000,   0.49600,
,,,0.002562000000,   0.49600,
,,,0.002564000000,   0.49600,
,,,0.002566000000,   0.49600,
,,,0.002568000000,   0.48800,
,,,0.002570000000,   0.48800,
,,,0.002572000000,   0.48800,
,,,0.002574000000,   0.48800,
,,,0.002576000000,   0.48800,
,,,0.002578000000,   0.48800,
,,,0.002580000000,   0.48800,
,,,0.002582000000,   0.48000,
,,,0.002584000000,   0.48000,
,,,0.002586000000,   0.48000,
,,,0.002588000000,   0.48000,
,,,0.002590000000,   0.48000,
,,,0.002592000000,   0.48000,
,,,0.002594000000,   0.48000,
,,,0.002596000000,   0.48000,
,,,0.002598000000,   0.48000,
,,,0.002600000000,   0.47200,
,,,0.002602000000,   0.47200,
,,,0.002604000000,   0.47200,
,,,0.002606000000,   0.47200,
,,,0.002608000000,   0.47200,
,,,0.002610000000,   0.46400,
,,,0.002612000000,   0.46400,
,,,0.002614000000,   0.46400,
,,,0.002616000000,   0.46400,
,,,0.002618000000,   0.46400,
,,,0.002620000000,   0.46400,
,,,0.002622000000,   0.45600,
,,,0.002624000000,   0.45600,
,,,0.002626000000,   0.46400,
,,,0.002628000000,   0.45600,
,,,0.002630000000,   0.45600,
,,,0.002632000000,   0.44800,
,,,0.002634000000,   0.45600,
,,,0.002636000000,   0.44800,
,,,0.002638000000,   0.44000,
,,,0.002640000000,   0.44800,
,,,0.002642000000,   0.44000,
,,,0.002644000000,   0.44000,
,,,0.002646000000,   0.44000,
,,,0.002648000000,   0.44000,
,,,0.002650000000,   0.44000,
,,,0.002652000000,   0.43200,
,,,0.002654000000,   0.43200,
,,,0.002656000000,   0.43200,
,,,0.002658000000,   0.43200,
,,,0.002660000000,   0.43200,
,,,0.002662000000,   0.43200,
,,,0.002664000000,   0.42400,
,,,0.002666000000,   0.42400,
,,,0.002668000000,   0.42400,
,,,0.002670000000,   0.42400,
,,,0.002672000000,   0.41600,
,,,0.002674000000,   0.41600,
,,,0.002676000000,   0.41600,
,,,0.002678000000,   0.40800,
,,,0.002680000000,   0.40800,
,,,0.002682000000,   0.40800,
,,,0.002684000000,   0.40800,
,,,0.002686000000,   0.40800,
,,,0.002688000000,   0.40000,
,,,0.002690000000,   0.40000,
,,,0.002692000000,   0.40000,
,,,0.002694000000,   0.40000,
,,,0.002696000000,   0.40000,
,,,0.002698000000,   0.39200,
,,,0.002700000000,   0.39200,
,,,0.002702000000,   0.39200,
,,,0.002704000000,   0.38400,
,,,0.002706000000,   0.38400,
,,,0.002708000000,   0.38400,
,,,0.002710000000,   0.38400,
,,,0.002712000000,   0.38400,
,,,0.002714000000,   0.37600,
,,,0.002716000000,   0.37600,
,,,0.002718000000,   0.36800,
,,,0.002720000000,   0.36000,
,,,0.002722000000,   0.36000,
,,,0.002724000000,   0.36000,
,,,0.002726000000,   0.36000,
,,,0.002728000000,   0.36000,
,,,0.002730000000,   0.36000,
,,,0.002732000000,   0.36000,
,,,0.002734000000,   0.35200,
,,,0.002736000000,   0.35200,
,,,0.002738000000,   0.35200,
,,,0.002740000000,   0.34400,
,,,0.002742000000,   0.34400,
,,,0.002744000000,   0.34400,
,,,0.002746000000,   0.33600,
,,,0.002748000000,   0.33600,
,,,0.002750000000,   0.33600,
,,,0.002752000000,   0.32800,
,,,0.002754000000,   0.32800,
,,,0.002756000000,   0.32800,
,,,0.002758000000,   0.32800,
,,,0.002760000000,   0.32000,
,,,0.002762000000,   0.32000,
,,,0.002764000000,   0.32000,
,,,0.002766000000,   0.32000,
,,,0.002768000000,   0.31200,
,,,0.002770000000,   0.31200,
,,,0.002772000000,   0.30400,
,,,0.002774000000,   0.30400,
,,,0.002776000000,   0.30400,
,,,0.002778000000,   0.30400,
,,,0.002780000000,   0.29600,
,,,0.002782000000,   0.28800,
,,,0.002784000000,   0.28800,
,,,0.002786000000,   0.28800,
,,,0.002788000000,   0.28800,
,,,0.002790000000,   0.28800,
,,,0.002792000000,   0.28000,
,,,0.002794000000,   0.28000,
,,,0.002796000000,   0.28000,
,,,0.002798000000,   0.27200,
,,,0.002800000000,   0.27200,
,,,0.002802000000,   0.26400,
,,,0.002804000000,   0.26400,
,,,0.002806000000,   0.26400,
,,,0.002808000000,   0.25600,
,,,0.002810000000,   0.25600,
,,,0.002812000000,   0.25600,
,,,0.002814000000,   0.25600,
,,,0.002816000000,   0.24800,
,,,0.002818000000,   0.24800,
,,,0.002820000000,   0.24000,
,,,0.002822000000,   0.24000,
,,,0.002824000000,   0.23200,
,,,0.002826000000,   0.23200,
,,,0.002828000000,   0.23200,
,,,0.002830000000,   0.22400,
,,,0.002832000000,   0.22400,
,,,0.002834000000,   0.22400,
,,,0.002836000000,   0.22400,
,,,0.002838000000,   0.21600,
,,,0.002840000000,   0.21600,
,,,0.002842000000,   0.20800,
,,,0.002844000000,   0.20800,
,,,0.002846000000,   0.20000,
,,,0.002848000000,   0.20000,
,,,0.002850000000,   0.20000,
,,,0.002852000000,   0.19200,
,,,0.002854000000,   0.19200,
,,,0.002856000000,   0.19200,
,,,0.002858000000,   0.18400,
,,,0.002860000000,   0.18400,
,,,0.002862000000,   0.17600,
,,,0.002864000000,   0.17600,
,,,0.002866000000,   0.17600,
,,,0.002868000000,   0.17600,
,,,0.002870000000,   0.16800,
,,,0.002872000000,   0.16800,
,,,0.002874000000,   0.16000,
,,,0.002876000000,   0.16000,
,,,0.002878000000,   0.15200,
,,,0.002880000000,   0.15200,
,,,0.002882000000,   0.15200,
,,,0.002884000000,   0.14400,
,,,0.002886000000,   0.14400,
,,,0.002888000000,   0.14400,
,,,0.002890000000,   0.13600,
,,,0.002892000000,   0.12800,
,,,0.002894000000,   0.12800,
,,,0.002896000000,   0.12800,
,,,0.002898000000,   0.12800,
,,,0.002900000000,   0.12800,
,,,0.002902000000,   0.12000,
,,,0.002904000000,   0.11200,
,,,0.002906000000,   0.11200,
,,,0.002908000000,   0.11200,
,,,0.002910000000,   0.10400,
,,,0.002912000000,   0.10400,
,,,0.002914000000,   0.09600,
,,,0.002916000000,   0.09600,
,,,0.002918000000,   0.09600,
,,,0.002920000000,   0.09600,
,,,0.002922000000,   0.08800,
,,,0.002924000000,   0.08000,
,,,0.002926000000,   0.08000,
,,,0.002928000000,   0.08000,
,,,0.002930000000,   0.07200,
,,,0.002932000000,   0.07200,
,,,0.002934000000,   0.06400,
,,,0.002936000000,   0.06400,
,,,0.002938000000,   0.06400,
,,,0.002940000000,   0.05600,
,,,0.002942000000,   0.05600,
,,,0.002944000000,   0.05600,
,,,0.002946000000,   0.04800,
,,,0.002948000000,   0.04800,
,,,0.002950000000,   0.04000,
,,,0.002952000000,   0.04000,
,,,0.002954000000,   0.03200,
,,,0.002956000000,   0.03200,
,,,0.002958000000,   0.03200,
,,,0.002960000000,   0.02400,
,,,0.002962000000,   0.02400,
,,,0.002964000000,   0.02400,
,,,0.002966000000,   0.01600,
,,,0.002968000000,   0.01600,
,,,0.002970000000,   0.00800,
,,,0.002972000000,   0.00800,
,,,0.002974000000,   0.00800,
,,,0.002976000000,   0.00800,
,,,0.002978000000,   0.00000,
,,,0.002980000000,  -0.00800,
,,,0.002982000000,  -0.00800,
,,,0.002984000000,  -0.00800,
,,,0.002986000000,  -0.01600,
,,,0.002988000000,  -0.02400,
,,,0.002990000000,  -0.01600,
,,,0.002992000000,  -0.02400,
,,,0.002994000000,  -0.03200,
,,,0.002996000000,  -0.03200,
,,,0.002998000000,  -0.03200,
,,,0.003000000000,  -0.03200,
,,,0.003002000000,  -0.04000,
,,,0.003004000000,  -0.04800,
,,,0.003006000000,  -0.04800,
,,,0.003008000000,  -0.04800,
,,,0.003010000000,  -0.05600,
,,,0.003012000000,  -0.05600,
,,,0.003014000000,  -0.05600,
,,,0.003016000000,  -0.06400,
,,,0.003018000000,  -0.06400,
,,,0.003020000000,  -0.06400,
,,,0.003022000000,  -0.08000,
,,,0.003024000000,  -0.07200,
,,,0.003026000000,  -0.08000,
,,,0.003028000000,  -0.08000,
,,,0.003030000000,  -0.08800,
,,,0.003032000000,  -0.08800,
,,,0.003034000000,  -0.09600,
,,,0.003036000000,  -0.09600,
,,,0.003038000000,  -0.09600,
,,,0.003040000000,  -0.10400,
,,,0.003042000000,  -0.11200,
,,,0.003044000000,  -0.11200,
,,,0.003046000000,  -0.11200,
,,,0.003048000000,  -0.11200,
,,,0.003050000000,  -0.12000,
,,,0.003052000000,  -0.12000,
,,,0.003054000000,  -0.12800,
,,,0.003056000000,  -0.12800,
,,,0.003058000000,  -0.13600,
,,,0.003060000000,  -0.13600,
,,,0.003062000000,  -0.13600,
,,,0.003064000000,  -0.13600,
,,,0.003066000000,  -0.14400,
,,,0.003068000000,  -0.14400,
,,,0.003070000000,  -0.15200,
,,,0.003072000000,  -0.15200,
,,,0.003074000000,  -0.15200,
,,,0.003076000000,  -0.16000,
,,,0.003078000000,  -0.16000,
,,,0.003080000000,  -0.16800,
,,,0.003082000000,  -0.16800,
,,,0.003084000000,  -0.16800,
,,,0.003086000000,  -0.16800,
,,,0.003088000000,  -0.17600,
,,,0.003090000000,  -0.17600,
,,,0.003092000000,  -0.18400,
,,,0.003094000000,  -0.19200,
,,,0.003096000000,  -0.19200,
,,,0.003098000000,  -0.19200,
,,,0.003100000000,  -0.20000,
,,,0.003102000000,  -0.19200,
,,,0.003104000000,  -0.20000,
,,,0.003106000000,  -0.20800,
,,,0.003108000000,  -0.20800,
,,,0.003110000000,  -0.20800,
,,,0.003112000000,  -0.20800,
,,,0.003114000000,  -0.21600,
,,,0.003116000000,  -0.21600,
,,,0.003118000000,  -0.21600,
,,,0.003120000000,  -0.22400,
,,,0.003122000000,  -0.22400,
,,,0.003124000000,  -0.23200,
,,,0.003126000000,  -0.23200,
,,,0.003128000000,  -0.24000,
,,,0.003130000000,  -0.24000,
,,,0.003132000000,  -0.24000,
,,,0.003134000000,  -0.24800,
,,,0.003136000000,  -0.24800,
,,,0.003138000000,  -0.24800,
,,,0.003140000000,  -0.24800,
,,,0.003142000000,  -0.25600,
,,,0.003144000000,  -0.25600,
,,,0.003146000000,  -0.25600,
,,,0.003148000000,  -0.25600,
,,,0.003150000000,  -0.26400,
,,,0.003152000000,  -0.26400,
,,,0.003154000000,  -0.27200,
,,,0.003156000000,  -0.27200,
,,,0.003158000000,  -0.27200,
,,,0.003160000000,  -0.28000,
,,,0.003162000000,  -0.28000,
,,,0.003164000000,  -0.28800,
,,,0.003166000000,  -0.28800,
,,,0.003168000000,  -0.28800,
,,,0.003170000000,  -0.28800,
,,,0.003172000000,  -0.29600,
,,,0.003174000000,  -0.30400,
,,,0.003176000000,  -0.30400,
,,,0.003178000000,  -0.30400,
,,,0.003180000000,  -0.30400,
,,,0.003182000000,  -0.31200,
,,,0.003184000000,  -0.31200,
,,,0.003186000000,  -0.31200,
,,,0.003188000000,  -0.32000,
,,,0.003190000000,  -0.32000,
,,,0.003192000000,  -0.32000,
,,,0.003194000000,  -0.32800,
,,,0.003196000000,  -0.32800,
,,,0.003198000000,  -0.32800,
,,,0.003200000000,  -0.32800,
,,,0.003202000000,  -0.32800,
,,,0.003204000000,  -0.33600,
,,,0.003206000000,  -0.34400,
,,,0.003208000000,  -0.33600,
,,,0.003210000000,  -0.34400,
,,,0.003212000000,  -0.35200,
,,,0.003214000000,  -0.34400,
,,,0.003216000000,  -0.35200,
,,,0.003218000000,  -0.35200,
,,,0.003220000000,  -0.35200,
,,,0.003222000000,  -0.35200,
,,,0.003224000000,  -0.36000,
,,,0.003226000000,  -0.36000,
,,,0.003228000000,  -0.36800,
,,,0.003230000000,  -0.36800,
,,,0.003232000000,  -0.36800,
,,,0.003234000000,  -0.36800,
,,,0.003236000000,  -0.36800,
,,,0.003238000000,  -0.37600,
,,,0.003240000000,  -0.37600,
,,,0.003242000000,  -0.37600,
,,,0.003244000000,  -0.38400,
,,,0.003246000000,  -0.38400,
,,,0.003248000000,  -0.38400,
,,,0.003250000000,  -0.39200,
,,,0.003252000000,  -0.39200,
,,,0.003254000000,  -0.39200,
,,,0.003256000000,  -0.39200,
,,,0.003258000000,  -0.40000,
,,,0.003260000000,  -0.40000,
,,,0.003262000000,  -0.40000,
,,,0.003264000000,  -0.40000,
,,,0.003266000000,  -0.40800,
,,,0.003268000000,  -0.40800,
,,,0.003270000000,  -0.40800,
,,,0.003272000000,  -0.40800,
,,,0.003274000000,  -0.40800,
,,,0.003276000000,  -0.40800,
,,,0.003278000000,  -0.40800,
,,,0.003280000000,  -0.41600,
,,,0.003282000000,  -0.41600,
,,,0.003284000000,  -0.42400,
,,,0.003286000000,  -0.42400,
,,,0.003288000000,  -0.42400,
,,,0.003290000000,  -0.43200,
,,,0.003292000000,  -0.42400,
,,,0.003294000000,  -0.43200,
,,,0.003296000000,  -0.43200,
,,,0.003298000000,  -0.43200,
,,,0.003300000000,  -0.43200,
,,,0.003302000000,  -0.43200,
,,,0.003304000000,  -0.43200,
,,,0.003306000000,  -0.44000,
,,,0.003308000000,  -0.44000,
,,,0.003310000000,  -0.44800,
,,,0.003312000000,  -0.44800,
,,,0.003314000000,  -0.44000,
,,,0.003316000000,  -0.44800,
,,,0.003318000000,  -0.44800,
,,,0.003320000000,  -0.44800,
,,,0.003322000000,  -0.44800,
,,,0.003324000000,  -0.45600,
,,,0.003326000000,  -0.45600,
,,,0.003328000000,  -0.45600,
,,,0.003330000000,  -0.46400,
,,,0.003332000000,  -0.46400,
,,,0.003334000000,  -0.46400,
,,,0.003336000000,  -0.46400,
,,,0.003338000000,  -0.46400,
,,,0.003340000000,  -0.46400,
,,,0.003342000000,  -0.46400,
,,,0.003344000000,  -0.47200,
,,,0.003346000000,  -0.47200,
,,,0.003348000000,  -0.47200,
,,,0.003350000000,  -0.47200,
,,,0.003352000000,  -0.47200,
,,,0.003354000000,  -0.47200,
,,,0.003356000000,  -0.47200,
,,,0.003358000000,  -0.47200,
,,,0.003360000000,  -0.47200,
,,,0.003362000000,  -0.47200,
,,,0.003364000000,  -0.48000,
,,,0.003366000000,  -0.48000,
,,,0.003368000000,  -0.48000,
,,,0.003370000000,  -0.48000,
,,,0.003372000000,  -0.48000,
,,,0.003374000000,  -0.48800,
,,,0.003376000000,  -0.48000,
,,,0.003378000000,  -0.48800,
,,,0.003380000000,  -0.48800,
,,,0.003382000000,  -0.48800,
,,,0.003384000000,  -0.48800,
,,,0.003386000000,  -0.48800,
,,,0.003388000000,  -0.48800,
,,,0.003390000000,  -0.48800,
,,,0.003392000000,  -0.49600,
,,,0.003394000000,  -0.49600,
,,,0.003396000000,  -0.49600,
,,,0.003398000000,  -0.49600,
,,,0.003400000000,  -0.49600,
,,,0.003402000000,  -0.49600,
,,,0.003404000000,  -0.49600,
,,,0.003406000000,  -0.49600,
,,,0.003408000000,  -0.49600,
,,,0.003410000000,  -0.50400,
,,,0.003412000000,  -0.49600,
,,,0.003414000000,  -0.49600,
,,,0.003416000000,  -0.50400,
,,,0.003418000000,  -0.50400,
,,,0.003420000000,  -0.50400,
,,,0.003422000000,  -0.50400,
,,,0.003424000000,  -0.49600,
,,,0.003426000000,  -0.50400,
,,,0.003428000000,  -0.50400,
,,,0.003430000000,  -0.50400,
,,,0.003432000000,  -0.50400,
,,,0.003434000000,  -0.50400,
,,,0.003436000000,  -0.50400,
,,,0.003438000000,  -0.50400,
,,,0.003440000000,  -0.50400,
,,,0.003442000000,  -0.50400,
,,,0.003444000000,  -0.50400,
,,,0.003446000000,  -0.50400,
,,,0.003448000000,  -0.50400,
,,,0.003450000000,  -0.50400,
,,,0.003452000000,  -0.50400,
,,,0.003454000000,  -0.50400,
,,,0.003456000000,  -0.51200,
,,,0.003458000000,  -0.51200,
,,,0.003460000000,  -0.50400,
,,,0.003462000000,  -0.51200,
,,,0.003464000000,  -0.51200,
,,,0.003466000000,  -0.51200,
,,,0.003468000000,  -0.50400,
,,,0.003470000000,  -0.51200,
,,,0.003472000000,  -0.51200,
,,,0.003474000000,  -0.51200,
,,,0.003476000000,  -0.50400,
,,,0.003478000000,  -0.50400,
,,,0.003480000000,  -0.51200,
,,,0.003482000000,  -0.50400,
,,,0.003484000000,  -0.50400,
,,,0.003486000000,  -0.50400,
,,,0.003488000000,  -0.50400,
,,,0.003490000000,  -0.50400,
,,,0.003492000000,  -0.50400,
,,,0.003494000000,  -0.50400,
,,,0.003496000000,  -0.50400,
,,,0.003498000000,  -0.50400,
,,,0.003500000000,  -0.50400,
,,,0.003502000000,  -0.51200,
,,,0.003504000000,  -0.50400,
,,,0.003506000000,  -0.50400,
,,,0.003508000000,  -0.50400,
,,,0.003510000000,  -0.50400,
,,,0.003512000000,  -0.50400,
,,,0.003514000000,  -0.50400,
,,,0.003516000000,  -0.50400,
,,,0.003518000000,  -0.50400,
,,,0.003520000000,  -0.50400,
,,,0.003522000000,  -0.50400,
,,,0.003524000000,  -0.50400,
,,,0.003526000000,  -0.50400,
,,,0.003528000000,  -0.50400,
,,,0.003530000000,  -0.50400,
,,,0.003532000000,  -0.49600,
,,,0.003534000000,  -0.50400,
,,,0.003536000000,  -0.49600,
,,,0.003538000000,  -0.49600,
,,,0.003540000000,  -0.49600,
,,,0.003542000000,  -0.49600,
,,,0.003544000000,  -0.49600,
,,,0.003546000000,  -0.49600,
,,,0.003548000000,  -0.49600,
,,,0.003550000000,  -0.49600,
,,,0.003552000000,  -0.49600,
,,,0.003554000000,  -0.49600,
,,,0.003556000000,  -0.48800,
,,,0.003558000000,  -0.48800,
,,,0.003560000000,  -0.48800,
,,,0.003562000000,  -0.48800,
,,,0.003564000000,  -0.48800,
,,,0.003566000000,  -0.48800,
,,,0.003568000000,  -0.48800,
,,,0.003570000000,  -0.48800,
,,,0.003572000000,  -0.48800,
,,,0.003574000000,  -0.48000,
,,,0.003576000000,  -0.48800,
,,,0.003578000000,  -0.48000,
,,,0.003580000000,  -0.48800,
,,,0.003582000000,  -0.48000,
,,,0.003584000000,  -0.48000,
,,,0.003586000000,  -0.48000,
,,,0.003588000000,  -0.47200,
,,,0.003590000000,  -0.47200,
,,,0.003592000000,  -0.47200,
,,,0.003594000000,  -0.47200,
,,,0.003596000000,  -0.47200,
,,,0.003598000000,  -0.47200,
,,,0.003600000000,  -0.47200,
,,,0.003602000000,  -0.46400,
,,,0.003604000000,  -0.47200,
,,,0.003606000000,  -0.46400,
,,,0.003608000000,  -0.46400,
,,,0.003610000000,  -0.46400,
,,,0.003612000000,  -0.46400,
,,,0.003614000000,  -0.46400,
,,,0.003616000000,  -0.46400,
,,,0.003618000000,  -0.45600,
,,,0.003620000000,  -0.45600,
,,,0.003622000000,  -0.45600,
,,,0.003624000000,  -0.45600,
,,,0.003626000000,  -0.46400,
,,,0.003628000000,  -0.44800,
,,,0.003630000000,  -0.44800,
,,,0.003632000000,  -0.44800,
,,,0.003634000000,  -0.44800,
,,,0.003636000000,  -0.44800,
,,,0.003638000000,  -0.44800,
,,,0.003640000000,  -0.44000,
,,,0.003642000000,  -0.44000,
,,,0.003644000000,  -0.44000,
,,,0.003646000000,  -0.44000,
,,,0.003648000000,  -0.44000,
,,,0.003650000000,  -0.43200,
,,,0.003652000000,  -0.43200,
,,,0.003654000000,  -0.43200,
,,,0.003656000000,  -0.43200,
,,,0.003658000000,  -0.43200,
,,,0.003660000000,  -0.43200,
,,,0.003662000000,  -0.42400,
,,,0.003664000000,  -0.42400,
,,,0.003666000000,  -0.42400,
,,,0.003668000000,  -0.41600,
,,,0.003670000000,  -0.41600,
,,,0.003672000000,  -0.40800,
,,,0.003674000000,  -0.41600,
,,,0.003676000000,  -0.40800,
,,,0.003678000000,  -0.40800,
,,,0.003680000000,  -0.40800,
,,,0.003682000000,  -0.40800,
,,,0.003684000000,  -0.40000,
,,,0.003686000000,  -0.40000,
,,,0.003688000000,  -0.40000,
,,,0.003690000000,  -0.40000,
,,,0.003692000000,  -0.40000,
,,,0.003694000000,  -0.39200,
,,,0.003696000000,  -0.39200,
,,,0.003698000000,  -0.39200,
,,,0.003700000000,  -0.38400,
,,,0.003702000000,  -0.38400,
,,,0.003704000000,  -0.38400,
,,,0.003706000000,  -0.38400,
,,,0.003708000000,  -0.37600,
,,,0.003710000000,  -0.37600,
,,,0.003712000000,  -0.37600,
,,,0.003714000000,  -0.36800,
,,,0.003716000000,  -0.37600,
,,,0.003718000000,  -0.36800,
,,,0.003720000000,  -0.36800,
,,,0.003722000000,  -0.36800,
,,,0.003724000000,  -0.36000,
,,,0.003726000000,  -0.36000,
,,,0.003728000000,  -0.36000,
,,,0.003730000000,  -0.36000,
,,,0.003732000000,  -0.35200,
,,,0.003734000000,  -0.35200,
,,,0.003736000000,  -0.34400,
,,,0.003738000000,  -0.34400,
,,,0.003740000000,  -0.34400,
,,,0.003742000000,  -0.34400,
,,,0.003744000000,  -0.33600,
,,,0.003746000000,  -0.33600,
,,,0.003748000000,  -0.33600,
,,,0.003750000000,  -0.32800,
,,,0.003752000000,  -0.32800,
,,,0.003754000000,  -0.32800,
,,,0.003756000000,  -0.32800,
,,,0.003758000000,  -0.32800,
,,,0.003760000000,  -0.32000,
,,,0.003762000000,  -0.32000,
,,,0.003764000000,  -0.31200,
,,,0.003766000000,  -0.31200,
,,,0.003768000000,  -0.31200,
,,,0.003770000000,  -0.31200,
,,,0.003772000000,  -0.30400,
,,,0.003774000000,  -0.30400,
,,,0.003776000000,  -0.29600,
,,,0.003778000000,  -0.29600,
,,,0.003780000000,  -0.28800,
,,,0.003782000000,  -0.28800,
,,,0.003784000000,  -0.28800,
,,,0.003786000000,  -0.28800,
,,,0.003788000000,  -0.28000,
,,,0.003790000000,  -0.28000,
,,,0.003792000000,  -0.28000,
,,,0.003794000000,  -0.27200,
,,,0.003796000000,  -0.27200,
,,,0.003798000000,  -0.27200,
,,,0.003800000000,  -0.27200,
,,,0.003802000000,  -0.26400,
,,,0.003804000000,  -0.25600,
,,,0.003806000000,  -0.25600,
,,,0.003808000000,  -0.25600,
,,,0.003810000000,  -0.25600,
,,,0.003812000000,  -0.24800,
,,,0.003814000000,  -0.24800,
,,,0.003816000000,  -0.24800,
,,,0.003818000000,  -0.24000,
,,,0.003820000000,  -0.24000,
,,,0.003822000000,  -0.24000,
,,,0.003824000000,  -0.23200,
,,,0.003826000000,  -0.23200,
,,,0.003828000000,  -0.23200,
,,,0.003830000000,  -0.22400,
,,,0.003832000000,  -0.22400,
,,,0.003834000000,  -0.21600,
,,,0.003836000000,  -0.21600,
,,,0.003838000000,  -0.20800,
,,,0.003840000000,  -0.20800,
,,,0.003842000000,  -0.20800,
,,,0.003844000000,  -0.20800,
,,,0.003846000000,  -0.20000,
,,,0.003848000000,  -0.20000,
,,,0.003850000000,  -0.19200,
,,,0.003852000000,  -0.19200,
,,,0.003854000000,  -0.19200,
,,,0.003856000000,  -0.18400,
,,,0.003858000000,  -0.18400,
,,,0.003860000000,  -0.18400,
,,,0.003862000000,  -0.17600,
,,,0.003864000000,  -0.17600,
,,,0.003866000000,  -0.16800,
,,,0.003868000000,  -0.16800,
,,,0.003870000000,  -0.16800,
,,,0.003872000000,  -0.16000,
,,,0.003874000000,  -0.16000,
,,,0.003876000000,  -0.16000,
,,,0.003878000000,  -0.15200,
,,,0.003880000000,  -0.15200,
,,,0.003882000000,  -0.14400,
,,,0.003884000000,  -0.14400,
,,,0.003886000000,  -0.13600,
,,,0.003888000000,  -0.13600,
,,,0.003890000000,  -0.13600,
,,,0.003892000000,  -0.12800,
,,,0.003894000000,  -0.12800,
,,,0.003896000000,  -0.12800,
,,,0.003898000000,  -0.12000,
,,,0.003900000000,  -0.12000,
,,,0.003902000000,  -0.11200,
,,,0.003904000000,  -0.11200,
,,,0.003906000000,  -0.11200,
,,,0.003908000000,  -0.10400,
,,,0.003910000000,  -0.10400,
,,,0.003912000000,  -0.10400,
,,,0.003914000000,  -0.09600,
,,,0.003916000000,  -0.09600,
,,,0.003918000000,  -0.08800,
,,,0.003920000000,  -0.08800,
,,,0.003922000000,  -0.08800,
,,,0.003924000000,  -0.08000,
,,,0.003926000000,  -0.08000,
,,,0.003928000000,  -0.07200,
,,,0.003930000000,  -0.07200,
,,,0.003932000000,  -0.07200,
,,,0.003934000000,  -0.06400,
,,,0.003936000000,  -0.06400,
,,,0.003938000000,  -0.05600,
,,,0.003940000000,  -0.05600,
,,,0.003942000000,  -0.04800,
,,,0.003944000000,  -0.04800,
,,,0.003946000000,  -0.04800,
,,,0.003948000000,  -0.04800,
,,,0.003950000000,  -0.04000,
,,,0.003952000000,  -0.03200,
,,,0.003954000000,  -0.03200,
,,,0.003956000000,  -0.03200,
,,,0.003958000000,  -0.02400,
,,,0.003960000000,  -0.02400,
,,,0.003962000000,  -0.01600,
,,,0.003964000000,  -0.01600,
,,,0.003966000000,  -0.01600,
,,,0.003968000000,  -0.00800,
,,,0.003970000000,  -0.00800,
,,,0.003972000000,  -0.00800,
,,,0.003974000000,   0.00000,
,,,0.003976000000,   0.00800,
,,,0.003978000000,   0.00800,
,,,0.003980000000,   0.00800,
,,,0.003982000000,   0.00800,
,,,0.003984000000,   0.01600,
,,,0.003986000000,   0.01600,
,,,0.003988000000,   0.02400,
,,,0.003990000000,   0.02400,
,,,0.003992000000,   0.02400,
,,,0.003994000000,   0.03200,
,,,0.003996000000,   0.03200,
,,,0.003998000000,   0.04000,
,,,0.004000000000,   0.04000,
,,,0.004002000000,   0.04800,
,,,0.004004000000,   0.04800,
,,,0.004006000000,   0.04800,
,,,0.004008000000,   0.05600,
,,,0.004010000000,   0.06400,
,,,0.004012000000,   0.06400,
,,,0.004014000000,   0.06400,
,,,0.004016000000,   0.06400,
,,,0.004018000000,   0.07200,
,,,0.004020000000,   0.07200,
,,,0.004022000000,   0.07200,
,,,0.004024000000,   0.08000,
,,,0.004026000000,   0.08800,
,,,0.004028000000,   0.08800,
,,,0.004030000000,   0.08800,
,,,0.004032000000,   0.08800,
,,,0.004034000000,   0.08800,
,,,0.004036000000,   0.10400,
,,,0.004038000000,   0.10400,
,,,0.004040000000,   0.10400,
,,,0.004042000000,   0.10400,
,,,0.004044000000,   0.10400,
,,,0.004046000000,   0.11200,
,,,0.004048000000,   0.12000,
,,,0.004050000000,   0.12000,
,,,0.004052000000,   0.12000,
,,,0.004054000000,   0.12800,
,,,0.004056000000,   0.12800,
,,,0.004058000000,   0.13600,
,,,0.004060000000,   0.13600,
,,,0.004062000000,   0.13600,
,,,0.004064000000,   0.14400,
,,,0.004066000000,   0.14400,
,,,0.004068000000,   0.14400,
,,,0.004070000000,   0.15200,
,,,0.004072000000,   0.15200,
,,,0.004074000000,   0.15200,
,,,0.004076000000,   0.16000,
,,,0.004078000000,   0.16800,
,,,0.004080000000,   0.16800,
,,,0.004082000000,   0.16800,
,,,0.004084000000,   0.16800,
,,,0.004086000000,   0.17600,
,,,0.004088000000,   0.17600,
,,,0.004090000000,   0.18400,
,,,0.004092000000,   0.18400,
,,,0.004094000000,   0.18400,
,,,0.004096000000,   0.18400,
,,,0.004098000000,   0.19200,
,,,0.004100000000,   0.19200,
,,,0.004102000000,   0.20000,
,,,0.004104000000,   0.20000,
,,,0.004106000000,   0.20800,
,,,0.004108000000,   0.20000,
,,,0.004110000000,   0.20800,
,,,0.004112000000,   0.21600,
,,,0.004114000000,   0.21600,
,,,0.004116000000,   0.21600,
,,,0.004118000000,   0.22400,
,,,0.004120000000,   0.22400,
,,,0.004122000000,   0.22400,
,,,0.004124000000,   0.22400,
,,,0.004126000000,   0.23200,
,,,0.004128000000,   0.23200,
,,,0.004130000000,   0.24000,
,,,0.004132000000,   0.24000,
,,,0.004134000000,   0.24800,
,,,0.004136000000,   0.24800,
,,,0.004138000000,   0.24800,
,,,0.004140000000,   0.25600,
,,,0.004142000000,   0.25600,
,,,0.004144000000,   0.25600,
,,,0.004146000000,   0.26400,
,,,0.004148000000,   0.26400,
,,,0.004150000000,   0.26400,
,,,0.004152000000,   0.27200,
,,,0.004154000000,   0.27200,
,,,0.004156000000,   0.27200,
,,,0.004158000000,   0.28000,
,,,0.004160000000,   0.28000,
,,,0.004162000000,   0.28000,
,,,0.004164000000,   0.28800,
,,,0.004166000000,   0.28800,
,,,0.004168000000,   0.28800,
,,,0.004170000000,   0.29600,
,,,0.004172000000,   0.29600,
,,,0.004174000000,   0.29600,
,,,0.004176000000,   0.30400,
,,,0.004178000000,   0.30400,
,,,0.004180000000,   0.30400,
,,,0.004182000000,   0.31200,
,,,0.004184000000,   0.31200,
,,,0.004186000000,   0.31200,
,,,0.004188000000,   0.32000,
,,,0.004190000000,   0.32000,
,,,0.004192000000,   0.32000,
,,,0.004194000000,   0.32000,
,,,0.004196000000,   0.32800,
,,,0.004198000000,   0.32800,
,,,0.004200000000,   0.32800,
,,,0.004202000000,   0.33600,
,,,0.004204000000,   0.33600,
,,,0.004206000000,   0.34400,
,,,0.004208000000,   0.34400,
,,,0.004210000000,   0.34400,
,,,0.004212000000,   0.35200,
,,,0.004214000000,   0.35200,
,,,0.004216000000,   0.35200,
,,,0.004218000000,   0.36000,
,,,0.004220000000,   0.36000,
,,,0.004222000000,   0.36000,
,,,0.004224000000,   0.36000,
,,,0.004226000000,   0.36000,
,,,0.004228000000,   0.36800,
,,,0.004230000000,   0.36800,
,,,0.004232000000,   0.36800,
,,,0.004234000000,   0.37600,
,,,0.004236000000,   0.37600,
,,,0.004238000000,   0.37600,
,,,0.004240000000,   0.38400,
,,,0.004242000000,   0.38400,
,,,0.004244000000,   0.38400,
,,,0.004246000000,   0.38400,
,,,0.004248000000,   0.39200,
,,,0.004250000000,   0.39200,
,,,0.004252000000,   0.39200,
,,,0.004254000000,   0.40000,
,,,0.004256000000,   0.39200,
,,,0.004258000000,   0.40000,
,,,0.004260000000,   0.40000,
,,,0.004262000000,   0.40000,
,,,0.004264000000,   0.40800,
,,,0.004266000000,   0.40800,
,,,0.004268000000,   0.40800,
,,,0.004270000000,   0.40800,
,,,0.004272000000,   0.41600,
,,,0.004274000000,   0.41600,
,,,0.004276000000,   0.41600,
,,,0.004278000000,   0.42400,
,,,0.004280000000,   0.42400,
,,,0.004282000000,   0.42400,
,,,0.004284000000,   0.42400,
,,,0.004286000000,   0.42400,
,,,0.004288000000,   0.42400,
,,,0.004290000000,   0.43200,
,,,0.004292000000,   0.43200,
,,,0.004294000000,   0.43200,
,,,0.004296000000,   0.43200,
,,,0.004298000000,   0.43200,
,,,0.004300000000,   0.44000,
,,,0.004302000000,   0.44000,
,,,0.004304000000,   0.44000,
,,,0.004306000000,   0.44000,
,,,0.004308000000,   0.44800,
,,,0.004310000000,   0.44000,
,,,0.004312000000,   0.44800,
,,,0.004314000000,   0.44800,
,,,0.004316000000,   0.45600,
,,,0.004318000000,   0.44800,
,,,0.004320000000,   0.44800,
,,,0.004322000000,   0.45600,
,,,0.004324000000,   0.45600,
,,,0.004326000000,   0.45600,
,,,0.004328000000,   0.45600,
,,,0.004330000000,   0.46400,
,,,0.004332000000,   0.45600,
,,,0.004334000000,   0.46400,
,,,0.004336000000,   0.46400,
,,,0.004338000000,   0.46400,
,,,0.004340000000,   0.47200,
,,,0.004342000000,   0.47200,
,,,0.004344000000,   0.47200,
,,,0.004346000000,   0.47200,
,,,0.004348000000,   0.47200,
,,,0.004350000000,   0.47200,
,,,0.004352000000,   0.47200,
,,,0.004354000000,   0.48000,
,,,0.004356000000,   0.47200,
,,,0.004358000000,   0.48000,
,,,0.004360000000,   0.48000,
,,,0.004362000000,   0.48000,
,,,0.004364000000,   0.48000,
,,,0.004366000000,   0.48800,
,,,0.004368000000,   0.48000,
,,,0.004370000000,   0.48800,
,,,0.004372000000,   0.48800,
,,,0.004374000000,   0.48800,
,,,0.004376000000,   0.48800,
,,,0.004378000000,   0.48800,
,,,0.004380000000,   0.48800,
,,,0.004382000000,   0.48800,
,,,0.004384000000,   0.48800,
,,,0.004386000000,   0.48800,
,,,0.004388000000,   0.49600,
,,,0.004390000000,   0.49600,
,,,0.004392000000,   0.49600,
,,,0.004394000000,   0.49600,
,,,0.004396000000,   0.48800,
,,,0.004398000000,   0.49600,
,,,0.004400000000,   0.50400,
,,,0.004402000000,   0.50400,
,,,0.004404000000,   0.50400,
,,,0.004406000000,   0.49600,
,,,0.004408000000,   0.50400,
,,,0.004410000000,   0.50400,
,,,0.004412000000,   0.50400,
,,,0.004414000000,   0.50400,
,,,0.004416000000,   0.49600,
,,,0.004418000000,   0.50400,
,,,0.004420000000,   0.50400,
,,,0.004422000000,   0.50400,
,,,0.004424000000,   0.50400,
,,,0.004426000000,   0.50400,
,,,0.004428000000,   0.50400,
,,,0.004430000000,   0.50400,
,,,0.004432000000,   0.50400,
,,,0.004434000000,   0.50400,
,,,0.004436000000,   0.50400,
,,,0.004438000000,   0.50400,
,,,0.004440000000,   0.51200,
,,,0.004442000000,   0.50400,
,,,0.004444000000,   0.50400,
,,,0.004446000000,   0.50400,
,,,0.004448000000,   0.51200,
,,,0.004450000000,   0.51200,
,,,0.004452000000,   0.50400,
,,,0.004454000000,   0.51200,
,,,0.004456000000,   0.50400,
,,,0.004458000000,   0.50400,
,,,0.004460000000,   0.51200,
,,,0.004462000000,   0.51200,
,,,0.004464000000,   0.51200,
,,,0.004466000000,   0.50400,
,,,0.004468000000,   0.50400,
,,,0.004470000000,   0.51200,
,,,0.004472000000,   0.51200,
,,,0.004474000000,   0.51200,
,,,0.004476000000,   0.51200,
,,,0.004478000000,   0.51200,
,,,0.004480000000,   0.51200,
,,,0.004482000000,   0.51200,
,,,0.004484000000,   0.51200,
,,,0.004486000000,   0.51200,
,,,0.004488000000,   0.51200,
,,,0.004490000000,   0.51200,
,,,0.004492000000,   0.51200,
,,,0.004494000000,   0.51200,
,,,0.004496000000,   0.51200,
,,,0.004498000000,   0.51200,
,,,0.004500000000,   0.51200,
,,,0.004502000000,   0.51200,
,,,0.004504000000,   0.51200,
,,,0.004506000000,   0.51200,
,,,0.004508000000,   0.51200,
,,,0.004510000000,   0.51200,
,,,0.004512000000,   0.51200,
,,,0.004514000000,   0.51200,
,,,0.004516000000,   0.51200,
,,,0.004518000000,   0.50400,
,,,0.004520000000,   0.51200,
,,,0.004522000000,   0.50400,
,,,0.004524000000,   0.50400,
,,,0.004526000000,   0.50400,
,,,0.004528000000,   0.50400,
,,,0.004530000000,   0.50400,
,,,0.004532000000,   0.50400,
,,,0.004534000000,   0.50400,
,,,0.004536000000,   0.50400,
,,,0.004538000000,   0.50400,
,,,0.004540000000,   0.50400,
,,,0.004542000000,   0.50400,
,,,0.004544000000,   0.50400,
,,,0.004546000000,   0.50400,
,,,0.004548000000,   0.50400,
,,,0.004550000000,   0.49600,
,,,0.004552000000,   0.49600,
,,,0.004554000000,   0.49600,
,,,0.004556000000,   0.49600,
,,,0.004558000000,   0.49600,
,,,0.004560000000,   0.49600,
,,,0.004562000000,   0.49600,
,,,0.004564000000,   0.48800,
,,,0.004566000000,   0.49600,
,,,0.004568000000,   0.48800,
,,,0.004570000000,   0.49600,
,,,0.004572000000,   0.48800,
,,,0.004574000000,   0.48800,
,,,0.004576000000,   0.48800,
,,,0.004578000000,   0.48800,
,,,0.004580000000,   0.48800,
,,,0.004582000000,   0.48000,
,,,0.004584000000,   0.48800,
,,,0.004586000000,   0.48000,
,,,0.004588000000,   0.48000,
,,,0.004590000000,   0.48000,
,,,0.004592000000,   0.48000,
,,,0.004594000000,   0.48000,
,,,0.004596000000,   0.48000,
,,,0.004598000000,   0.47200,
,,,0.004600000000,   0.48000,
,,,0.004602000000,   0.47200,
,,,0.004604000000,   0.47200,
,,,0.004606000000,   0.47200,
,,,0.004608000000,   0.47200,
,,,0.004610000000,   0.46400,
,,,0.004612000000,   0.46400,
,,,0.004614000000,   0.46400,
,,,0.004616000000,   0.46400,
,,,0.004618000000,   0.46400,
,,,0.004620000000,   0.46400,
,,,0.004622000000,   0.46400,
,,,0.004624000000,   0.46400,
,,,0.004626000000,   0.46400,
,,,0.004628000000,   0.45600,
,,,0.004630000000,   0.45600,
,,,0.004632000000,   0.44800,
,,,0.004634000000,   0.44800,
,,,0.004636000000,   0.44800,
,,,0.004638000000,   0.44800,
,,,0.004640000000,   0.44800,
,,,0.004642000000,   0.44000,
,,,0.004644000000,   0.44000,
,,,0.004646000000,   0.44000,
,,,0.004648000000,   0.44000,
,,,0.004650000000,   0.44000,
,,,0.004652000000,   0.44000,
,,,0.004654000000,   0.43200,
,,,0.004656000000,   0.43200,
,,,0.004658000000,   0.43200,
,,,0.004660000000,   0.43200,
,,,0.004662000000,   0.43200,
,,,0.004664000000,   0.43200,
,,,0.004666000000,   0.42400,
,,,0.004668000000,   0.42400,
,,,0.004670000000,   0.42400,
,,,0.004672000000,   0.41600,
,,,0.004674000000,   0.41600,
,,,0.004676000000,   0.41600,
,,,0.004678000000,   0.40800,
,,,0.004680000000,   0.40800,
,,,0.004682000000,   0.40800,
,,,0.004684000000,   0.40800,
,,,0.004686000000,   0.40800,
,,,0.004688000000,   0.40000,
,,,0.004690000000,   0.40000,
,,,0.004692000000,   0.40000,
,,,0.004694000000,   0.39200,
,,,0.004696000000,   0.40000,
,,,0.004698000000,   0.39200,
,,,0.004700000000,   0.39200,
,,,0.004702000000,   0.38400,
,,,0.004704000000,   0.38400,
,,,0.004706000000,   0.38400,
,,,0.004708000000,   0.38400,
,,,0.004710000000,   0.38400,
,,,0.004712000000,   0.37600,
,,,0.004714000000,   0.37600,
,,,0.004716000000,   0.37600,
,,,0.004718000000,   0.36800,
,,,0.004720000000,   0.36800,
,,,0.004722000000,   0.36800,
,,,0.004724000000,   0.36800,
,,,0.004726000000,   0.36000,
,,,0.004728000000,   0.36000,
,,,0.004730000000,   0.36000,
,,,0.004732000000,   0.36000,
,,,0.004734000000,   0.35200,
,,,0.004736000000,   0.35200,
,,,0.004738000000,   0.35200,
,,,0.004740000000,   0.34400,
,,,0.004742000000,   0.34400,
,,,0.004744000000,   0.34400,
,,,0.004746000000,   0.34400,
,,,0.004748000000,   0.33600,
,,,0.004750000000,   0.33600,
,,,0.004752000000,   0.33600,
,,,0.004754000000,   0.32800,
,,,0.004756000000,   0.32800,
,,,0.004758000000,   0.32000,
,,,0.004760000000,   0.32000,
,,,0.004762000000,   0.32000,
,,,0.004764000000,   0.32000,
,,,0.004766000000,   0.31200,
,,,0.004768000000,   0.31200,
,,,0.004770000000,   0.31200,
,,,0.004772000000,   0.30400,
,,,0.004774000000,   0.30400,
,,,0.004776000000,   0.30400,
,,,0.004778000000,   0.29600,
,,,0.004780000000,   0.29600,
,,,0.004782000000,   0.29600,
,,,0.004784000000,   0.28800,
,,,0.004786000000,   0.28800,
,,,0.004788000000,   0.28800,
,,,0.004790000000,   0.28000,
,,,0.004792000000,   0.28000,
,,,0.004794000000,   0.28000,
,,,0.004796000000,   0.27200,
,,,0.004798000000,   0.27200,
,,,0.004800000000,   0.27200,
,,,0.004802000000,   0.27200,
,,,0.004804000000,   0.26400,
,,,0.004806000000,   0.26400,
,,,0.004808000000,   0.26400,
,,,0.004810000000,   0.24800,
,,,0.004812000000,   0.25600,
,,,0.004814000000,   0.25600,
,,,0.004816000000,   0.24800,
,,,0.004818000000,   0.24000,
,,,0.004820000000,   0.24000,
,,,0.004822000000,   0.24000,
,,,0.004824000000,   0.23200,
,,,0.004826000000,   0.23200,
,,,0.004828000000,   0.23200,
,,,0.004830000000,   0.22400,
,,,0.004832000000,   0.22400,
,,,0.004834000000,   0.22400,
,,,0.004836000000,   0.22400,
,,,0.004838000000,   0.22400,
,,,0.004840000000,   0.21600,
,,,0.004842000000,   0.21600,
,,,0.004844000000,   0.20800,
,,,0.004846000000,   0.20800,
,,,0.004848000000,   0.20000,
,,,0.004850000000,   0.20000,
,,,0.004852000000,   0.19200,
,,,0.004854000000,   0.20000,
,,,0.004856000000,   0.18400,
,,,0.004858000000,   0.18400,
,,,0.004860000000,   0.18400,
,,,0.004862000000,   0.18400,
,,,0.004864000000,   0.17600,
,,,0.004866000000,   0.17600,
,,,0.004868000000,   0.16800,
,,,0.004870000000,   0.16800,
,,,0.004872000000,   0.16800,
,,,0.004874000000,   0.16000,
,,,0.004876000000,   0.16000,
,,,0.004878000000,   0.16000,
,,,0.004880000000,   0.15200,
,,,0.004882000000,   0.15200,
,,,0.004884000000,   0.15200,
,,,0.004886000000,   0.14400,
,,,0.004888000000,   0.13600,
,,,0.004890000000,   0.13600,
,,,0.004892000000,   0.13600,
,,,0.004894000000,   0.13600,
,,,0.004896000000,   0.12800,
,,,0.004898000000,   0.12800,
,,,0.004900000000,   0.12800,
,,,0.004902000000,   0.12000,
,,,0.004904000000,   0.11200,
,,,0.004906000000,   0.11200,
,,,0.004908000000,   0.11200,
,,,0.004910000000,   0.10400,
,,,0.004912000000,   0.10400,
,,,0.004914000000,   0.09600,
,,,0.004916000000,   0.09600,
,,,0.004918000000,   0.08800,
,,,0.004920000000,   0.08800,
,,,0.004922000000,   0.08800,
,,,0.004924000000,   0.08800,
,,,0.004926000000,   0.08000,
,,,0.004928000000,   0.08000,
,,,0.004930000000,   0.08000,
,,,0.004932000000,   0.07200,
,,,0.004934000000,   0.07200,
,,,0.004936000000,   0.07200,
,,,0.004938000000,   0.06400,
,,,0.004940000000,   0.06400,
,,,0.004942000000,   0.05600,
,,,0.004944000000,   0.04800,
,,,0.004946000000,   0.04800,
,,,0.004948000000,   0.04800,
,,,0.004950000000,   0.04000,
,,,0.004952000000,   0.04000,
,,,0.004954000000,   0.04000,
,,,0.004956000000,   0.03200,
,,,0.004958000000,   0.03200,
,,,0.004960000000,   0.02400,
,,,0.004962000000,   0.02400,
,,,0.004964000000,   0.02400,
,,,0.004966000000,   0.01600,
,,,0.004968000000,   0.01600,
,,,0.004970000000,   0.00800,
,,,0.004972000000,   0.00800,
,,,0.004974000000,   0.00800,
,,,0.004976000000,   0.00000,
,,,0.004978000000,   0.00000,
,,,0.004980000000,  -0.00800,
,,,0.004982000000,  -0.00800,
,,,0.004984000000,  -0.01600,
,,,0.004986000000,  -0.01600,
,,,0.004988000000,  -0.01600,
,,,0.004990000000,  -0.02400,
,,,0.004992000000,  -0.02400,
,,,0.004994000000,  -0.02400,
,,,0.004996000000,  -0.03200,
,,,0.004998000000,  -0.03200,
,,,0.005000000000,  -0.04000,
,,,0.005002000000,  -0.04000,
,,,0.005004000000,  -0.04800,
,,,0.005006000000,  -0.04800,
,,,0.005008000000,  -0.04800,
,,,0.005010000000,  -0.05600,
,,,0.005012000000,  -0.05600,
,,,0.005014000000,  -0.05600,
,,,0.005016000000,  -0.06400,
,,,0.005018000000,  -0.07200,
,,,0.005020000000,  -0.07200,
,,,0.005022000000,  -0.07200,
,,,0.005024000000,  -0.07200,
,,,0.005026000000,  -0.08000,
,,,0.005028000000,  -0.08000,
,,,0.005030000000,  -0.08800,
,,,0.005032000000,  -0.09600,
,,,0.005034000000,  -0.09600,
,,,0.005036000000,  -0.09600,
,,,0.005038000000,  -0.10400,
,,,0.005040000000,  -0.10400,
,,,0.005042000000,  -0.11200,
,,,0.005044000000,  -0.11200,
,,,0.005046000000,  -0.11200,
,,,0.005048000000,  -0.11200,
,,,0.005050000000,  -0.12000,
,,,0.005052000000,  -0.12000,
,,,0.005054000000,  -0.12800,
,,,0.005056000000,  -0.12800,
,,,0.005058000000,  -0.13600,
,,,0.005060000000,  -0.13600,
,,,0.005062000000,  -0.13600,
,,,0.005064000000,  -0.14400,
,,,0.005066000000,  -0.14400,
,,,0.005068000000,  -0.15200,
,,,0.005070000000,  -0.15200,
,,,0.005072000000,  -0.15200,
,,,0.005074000000,  -0.15200,
,,,0.005076000000,  -0.15200,
,,,0.005078000000,  -0.16000,
,,,0.005080000000,  -0.16000,
,,,0.005082000000,  -0.16800,
,,,0.005084000000,  -0.16800,
,,,0.005086000000,  -0.17600,
,,,0.005088000000,  -0.17600,
,,,0.005090000000,  -0.18400,
,,,0.005092000000,  -0.18400,
,,,0.005094000000,  -0.18400,
,,,0.005096000000,  -0.18400,
,,,0.005098000000,  -0.19200,
,,,0.005100000000,  -0.19200,
,,,0.005102000000,  -0.19200,
,,,0.005104000000,  -0.20000,
,,,0.005106000000,  -0.20000,
,,,0.005108000000,  -0.20000,
,,,0.005110000000,  -0.20800,
,,,0.005112000000,  -0.21600,
,,,0.005114000000,  -0.21600,
,,,0.005116000000,  -0.21600,
,,,0.005118000000,  -0.21600,
,,,0.005120000000,  -0.23200,
,,,0.005122000000,  -0.22400,
,,,0.005124000000,  -0.23200,
,,,0.005126000000,  -0.23200,
,,,0.005128000000,  -0.23200,
,,,0.005130000000,  -0.24000,
,,,0.005132000000,  -0.24000,
,,,0.005134000000,  -0.24800,
,,,0.005136000000,  -0.24800,
,,,0.005138000000,  -0.24800,
,,,0.005140000000,  -0.24800,
,,,0.005142000000,  -0.25600,
,,,0.005144000000,  -0.25600,
,,,0.005146000000,  -0.25600,
,,,0.005148000000,  -0.26400,
,,,0.005150000000,  -0.26400,
,,,0.005152000000,  -0.27200,
,,,0.005154000000,  -0.27200,
,,,0.005156000000,  -0.27200,
,,,0.005158000000,  -0.27200,
,,,0.005160000000,  -0.28000,
,,,0.005162000000,  -0.28000,
,,,0.005164000000,  -0.28800,
,,,0.005166000000,  -0.28800,
,,,0.005168000000,  -0.28800,
,,,0.005170000000,  -0.28800,
,,,0.005172000000,  -0.29600,
,,,0.005174000000,  -0.29600,
,,,0.005176000000,  -0.30400,
,,,0.005178000000,  -0.30400,
,,,0.005180000000,  -0.30400,
,,,0.005182000000,  -0.31200,
,,,0.005184000000,  -0.31200,
,,,0.005186000000,  -0.31200,
,,,0.005188000000,  -0.31200,
,,,0.005190000000,  -0.32000,
,,,0.005192000000,  -0.31200,
,,,0.005194000000,  -0.32800,
,,,0.005196000000,  -0.32000,
,,,0.005198000000,  -0.32800,
,,,0.005200000000,  -0.32800,
,,,0.005202000000,  -0.32800,
,,,0.005204000000,  -0.32800,
,,,0.005206000000,  -0.33600,
,,,0.005208000000,  -0.33600,
,,,0.005210000000,  -0.33600,
,,,0.005212000000,  -0.34400,
,,,0.005214000000,  -0.34400,
,,,0.005216000000,  -0.35200,
,,,0.005218000000,  -0.35200,
,,,0.005220000000,  -0.35200,
,,,0.005222000000,  -0.35200,
,,,0.005224000000,  -0.36000,
,,,0.005226000000,  -0.36000,
,,,0.005228000000,  -0.36000,
,,,0.005230000000,  -0.36800,
,,,0.005232000000,  -0.36800,
,,,0.005234000000,  -0.36800,
,,,0.005236000000,  -0.36800,
,,,0.005238000000,  -0.37600,
,,,0.005240000000,  -0.37600,
,,,0.005242000000,  -0.37600,
,,,0.005244000000,  -0.37600,
,,,0.005246000000,  -0.38400,
,,,0.005248000000,  -0.38400,
,,,0.005250000000,  -0.38400,
,,,0.005252000000,  -0.39200,
,,,0.005254000000,  -0.39200,
,,,0.005256000000,  -0.39200,
,,,0.005258000000,  -0.39200,
,,,0.005260000000,  -0.40000,
,,,0.005262000000,  -0.40000,
,,,0.005264000000,  -0.40000,
,,,0.005266000000,  -0.40000,
,,,0.005268000000,  -0.40000,
,,,0.005270000000,  -0.40800,
,,,0.005272000000,  -0.40800,
,,,0.005274000000,  -0.40800,
,,,0.005276000000,  -0.41600,
,,,0.005278000000,  -0.41600,
,,,0.005280000000,  -0.41600,
,,,0.005282000000,  -0.41600,
,,,0.005284000000,  -0.41600,
,,,0.005286000000,  -0.42400,
,,,0.005288000000,  -0.42400,
,,,0.005290000000,  -0.42400,
,,,0.005292000000,  -0.42400,
,,,0.005294000000,  -0.43200,
,,,0.005296000000,  -0.43200,
,,,0.005298000000,  -0.43200,
,,,0.005300000000,  -0.43200,
,,,0.005302000000,  -0.44000,
,,,0.005304000000,  -0.44000,
,,,0.005306000000,  -0.44000,
,,,0.005308000000,  -0.44000,
,,,0.005310000000,  -0.44000,
,,,0.005312000000,  -0.44000,
,,,0.005314000000,  -0.44800,
,,,0.005316000000,  -0.44800,
,,,0.005318000000,  -0.44800,
,,,0.005320000000,  -0.44800,
,,,0.005322000000,  -0.44800,
,,,0.005324000000,  -0.45600,
,,,0.005326000000,  -0.45600,
,,,0.005328000000,  -0.45600,
,,,0.005330000000,  -0.45600,
,,,0.005332000000,  -0.45600,
,,,0.005334000000,  -0.45600,
,,,0.005336000000,  -0.46400,
,,,0.005338000000,  -0.46400,
,,,0.005340000000,  -0.46400,
,,,0.005342000000,  -0.47200,
,,,0.005344000000,  -0.47200,
,,,0.005346000000,  -0.47200,
,,,0.005348000000,  -0.47200,
,,,0.005350000000,  -0.47200,
,,,0.005352000000,  -0.47200,
,,,0.005354000000,  -0.47200,
,,,0.005356000000,  -0.47200,
,,,0.005358000000,  -0.48000,
,,,0.005360000000,  -0.47200,
,,,0.005362000000,  -0.48000,
,,,0.005364000000,  -0.48000,
,,,0.005366000000,  -0.48000,
,,,0.005368000000,  -0.48000,
,,,0.005370000000,  -0.48000,
,,,0.005372000000,  -0.48000,
,,,0.005374000000,  -0.48000,
,,,0.005376000000,  -0.48000,
,,,0.005378000000,  -0.48000,
,,,0.005380000000,  -0.48800,
,,,0.005382000000,  -0.48800,
,,,0.005384000000,  -0.48800,
,,,0.005386000000,  -0.48800,
,,,0.005388000000,  -0.48800,
,,,0.005390000000,  -0.48800,
,,,0.005392000000,  -0.48800,
,,,0.005394000000,  -0.49600,
,,,0.005396000000,  -0.48800,
,,,0.005398000000,  -0.48800,
,,,0.005400000000,  -0.49600,
,,,0.005402000000,  -0.49600,
,,,0.005404000000,  -0.49600,
,,,0.005406000000,  -0.49600,
,,,0.005408000000,  -0.49600,
,,,0.005410000000,  -0.49600,
,,,0.005412000000,  -0.49600,
,,,0.005414000000,  -0.49600,
,,,0.005416000000,  -0.49600,
,,,0.005418000000,  -0.49600,
,,,0.005420000000,  -0.50400,
,,,0.005422000000,  -0.50400,
,,,0.005424000000,  -0.50400,
,,,0.005426000000,  -0.50400,
,,,0.005428000000,  -0.50400,
,,,0.005430000000,  -0.50400,
,,,0.005432000000,  -0.50400,
,,,0.005434000000,  -0.50400,
,,,0.005436000000,  -0.50400,
,,,0.005438000000,  -0.50400,
,,,0.005440000000,  -0.50400,
,,,0.005442000000,  -0.50400,
,,,0.005444000000,  -0.50400,
,,,0.005446000000,  -0.50400,
,,,0.005448000000,  -0.50400,
,,,0.005450000000,  -0.50400,
,,,0.005452000000,  -0.50400,
,,,0.005454000000,  -0.50400,
,,,0.005456000000,  -0.50400,
,,,0.005458000000,  -0.50400,
,,,0.005460000000,  -0.50400,
,,,0.005462000000,  -0.51200,
,,,0.005464000000,  -0.50400,
,,,0.005466000000,  -0.50400,
,,,0.005468000000,  -0.51200,
,,,0.005470000000,  -0.51200,
,,,0.005472000000,  -0.51200,
,,,0.005474000000,  -0.50400,
,,,0.005476000000,  -0.50400,
,,,0.005478000000,  -0.51200,
,,,0.005480000000,  -0.50400,
,,,0.005482000000,  -0.50400,
,,,0.005484000000,  -0.50400,
,,,0.005486000000,  -0.51200,
,,,0.005488000000,  -0.50400,
,,,0.005490000000,  -0.50400,
,,,0.005492000000,  -0.50400,
,,,0.005494000000,  -0.50400,
,,,0.005496000000,  -0.50400,
,,,0.005498000000,  -0.50400,
,,,0.005500000000,  -0.50400,
,,,0.005502000000,  -0.50400,
,,,0.005504000000,  -0.50400,
,,,0.005506000000,  -0.50400,
,,,0.005508000000,  -0.50400,
,,,0.005510000000,  -0.50400,
,,,0.005512000000,  -0.50400,
,,,0.005514000000,  -0.50400,
,,,0.005516000000,  -0.50400,
,,,0.005518000000,  -0.50400,
,,,0.005520000000,  -0.50400,
,,,0.005522000000,  -0.50400,
,,,0.005524000000,  -0.50400,
,,,0.005526000000,  -0.50400,
,,,0.005528000000,  -0.50400,
,,,0.005530000000,  -0.50400,
,,,0.005532000000,  -0.50400,
,,,0.005534000000,  -0.50400,
,,,0.005536000000,  -0.50400,
,,,0.005538000000,  -0.49600,
,,,0.005540000000,  -0.49600,
,,,0.005542000000,  -0.49600,
,,,0.005544000000,  -0.49600,
,,,0.005546000000,  -0.49600,
,,,0.005548000000,  -0.49600,
,,,0.005550000000,  -0.48800,
,,,0.005552000000,  -0.49600,
,,,0.005554000000,  -0.49600,
,,,0.005556000000,  -0.48800,
,,,0.005558000000,  -0.48800,
,,,0.005560000000,  -0.48800,
,,,0.005562000000,  -0.48800,
,,,0.005564000000,  -0.48800,
,,,0.005566000000,  -0.48800,
,,,0.005568000000,  -0.48800,
,,,0.005570000000,  -0.48800,
,,,0.005572000000,  -0.48800,
,,,0.005574000000,  -0.48800,
,,,0.005576000000,  -0.48800,
,,,0.005578000000,  -0.48800,
,,,0.005580000000,  -0.48000,
,,,0.005582000000,  -0.48000,
,,,0.005584000000,  -0.48000,
,,,0.005586000000,  -0.48000,
,,,0.005588000000,  -0.48000,
,,,0.005590000000,  -0.48000,
,,,0.005592000000,  -0.47200,
,,,0.005594000000,  -0.47200,
,,,0.005596000000,  -0.47200,
,,,0.005598000000,  -0.47200,
,,,0.005600000000,  -0.47200,
,,,0.005602000000,  -0.47200,
,,,0.005604000000,  -0.47200,
,,,0.005606000000,  -0.46400,
,,,0.005608000000,  -0.46400,
,,,0.005610000000,  -0.46400,
,,,0.005612000000,  -0.46400,
,,,0.005614000000,  -0.46400,
,,,0.005616000000,  -0.45600,
,,,0.005618000000,  -0.45600,
,,,0.005620000000,  -0.45600,
,,,0.005622000000,  -0.45600,
,,,0.005624000000,  -0.45600,
,,,0.005626000000,  -0.45600,
,,,0.005628000000,  -0.45600,
,,,0.005630000000,  -0.44800,
,,,0.005632000000,  -0.44800,
,,,0.005634000000,  -0.44800,
,,,0.005636000000,  -0.44800,
,,,0.005638000000,  -0.44000,
,,,0.005640000000,  -0.44800,
,,,0.005642000000,  -0.44000,
,,,0.005644000000,  -0.44000,
,,,0.005646000000,  -0.44000,
,,,0.005648000000,  -0.43200,
,,,0.005650000000,  -0.43200,
,,,0.005652000000,  -0.43200,
,,,0.005654000000,  -0.43200,
,,,0.005656000000,  -0.43200,
,,,0.005658000000,  -0.43200,
,,,0.005660000000,  -0.42400,
,,,0.005662000000,  -0.42400,
,,,0.005664000000,  -0.42400,
,,,0.005666000000,  -0.42400,
,,,0.005668000000,  -0.41600,
,,,0.005670000000,  -0.41600,
,,,0.005672000000,  -0.41600,
,,,0.005674000000,  -0.40800,
,,,0.005676000000,  -0.40800,
,,,0.005678000000,  -0.40800,
,,,0.005680000000,  -0.40800,
,,,0.005682000000,  -0.40800,
,,,0.005684000000,  -0.40800,
,,,0.005686000000,  -0.40000,
,,,0.005688000000,  -0.40000,
,,,0.005690000000,  -0.40000,
,,,0.005692000000,  -0.39200,
,,,0.005694000000,  -0.39200,
,,,0.005696000000,  -0.39200,
,,,0.005698000000,  -0.39200,
,,,0.005700000000,  -0.39200,
,,,0.005702000000,  -0.38400,
,,,0.005704000000,  -0.38400,
,,,0.005706000000,  -0.38400,
,,,0.005708000000,  -0.38400,
,,,0.005710000000,  -0.37600,
,,,0.005712000000,  -0.37600,
,,,0.005714000000,  -0.37600,
,,,0.005716000000,  -0.36800,
,,,0.005718000000,  -0.36800,
,,,0.005720000000,  -0.36800,
,,,0.005722000000,  -0.36800,
,,,0.005724000000,  -0.36000,
,,,0.005726000000,  -0.36000,
,,,0.005728000000,  -0.35200,
,,,0.005730000000,  -0.35200,
,,,0.005732000000,  -0.35200,
,,,0.005734000000,  -0.35200,
,,,0.005736000000,  -0.34400,
,,,0.005738000000,  -0.34400,
,,,0.005740000000,  -0.34400,
,,,0.005742000000,  -0.34400,
,,,0.005744000000,  -0.33600,
,,,0.005746000000,  -0.33600,
,,,0.005748000000,  -0.33600,
,,,0.005750000000,  -0.32800,
,,,0.005752000000,  -0.32800,
,,,0.005754000000,  -0.32800,
,,,0.005756000000,  -0.32000,
,,,0.005758000000,  -0.32000,
,,,0.005760000000,  -0.32000,
,,,0.005762000000,  -0.32000,
,,,0.005764000000,  -0.31200,
,,,0.005766000000,  -0.31200,
,,,0.005768000000,  -0.31200,
,,,0.005770000000,  -0.31200,
,,,0.005772000000,  -0.30400,
,,,0.005774000000,  -0.30400,
,,,0.005776000000,  -0.29600,
,,,0.005778000000,  -0.28800,
,,,0.005780000000,  -0.29600,
,,,0.005782000000,  -0.28800,
,,,0.005784000000,  -0.28800,
,,,0.005786000000,  -0.28800,
,,,0.005788000000,  -0.28000,
,,,0.005790000000,  -0.28000,
,,,0.005792000000,  -0.28000,
,,,0.005794000000,  -0.27200,
,,,0.005796000000,  -0.27200,
,,,0.005798000000,  -0.27200,
,,,0.005800000000,  -0.26400,
,,,0.005802000000,  -0.26400,
,,,0.005804000000,  -0.25600,
,,,0.005806000000,  -0.25600,
,,,0.005808000000,  -0.25600,
,,,0.005810000000,  -0.24800,
,,,0.005812000000,  -0.24800,
,,,0.005814000000,  -0.24800,
,,,0.005816000000,  -0.24800,
,,,0.005818000000,  -0.24000,
,,,0.005820000000,  -0.24000,
,,,0.005822000000,  -0.23200,
,,,0.005824000000,  -0.23200,
,,,0.005826000000,  -0.23200,
,,,0.005828000000,  -0.23200,
,,,0.005830000000,  -0.22400,
,,,0.005832000000,  -0.22400,
,,,0.005834000000,  -0.21600,
,,,0.005836000000,  -0.21600,
,,,0.005838000000,  -0.20800,
,,,0.005840000000,  -0.20800,
,,,0.005842000000,  -0.20800,
,,,0.005844000000,  -0.20000,
,,,0.005846000000,  -0.20000,
,,,0.005848000000,  -0.20000,
,,,0.005850000000,  -0.19200,
,,,0.005852000000,  -0.19200,
,,,0.005854000000,  -0.19200,
,,,0.005856000000,  -0.18400,
,,,0.005858000000,  -0.18400,
,,,0.005860000000,  -0.18400,
,,,0.005862000000,  -0.17600,
,,,0.005864000000,  -0.17600,
,,,0.005866000000,  -0.16800,
,,,0.005868000000,  -0.16800,
,,,0.005870000000,  -0.16800,
,,,0.005872000000,  -0.16000,
,,,0.005874000000,  -0.16000,
,,,0.005876000000,  -0.15200,
,,,0.005878000000,  -0.15200,
,,,0.005880000000,  -0.15200,
,,,0.005882000000,  -0.14400,
,,,0.005884000000,  -0.14400,
,,,0.005886000000,  -0.14400,
,,,0.005888000000,  -0.13600,
,,,0.005890000000,  -0.13600,
,,,0.005892000000,  -0.13600,
,,,0.005894000000,  -0.12800,
,,,0.005896000000,  -0.12000,
,,,0.005898000000,  -0.12000,
,,,0.005900000000,  -0.12000,
,,,0.005902000000,  -0.11200,
,,,0.005904000000,  -0.11200,
,,,0.005906000000,  -0.11200,
,,,0.005908000000,  -0.11200,
,,,0.005910000000,  -0.10400,
,,,0.005912000000,  -0.10400,
,,,0.005914000000,  -0.09600,
,,,0.005916000000,  -0.08800,
,,,0.005918000000,  -0.09600,
,,,0.005920000000,  -0.08800,
,,,0.005922000000,  -0.08000,
,,,0.005924000000,  -0.08000,
,,,0.005926000000,  -0.07200,
,,,0.005928000000,  -0.07200,
,,,0.005930000000,  -0.07200,
,,,0.005932000000,  -0.07200,
,,,0.005934000000,  -0.06400,
,,,0.005936000000,  -0.06400,
,,,0.005938000000,  -0.05600,
,,,0.005940000000,  -0.05600,
,,,0.005942000000,  -0.05600,
,,,0.005944000000,  -0.04800,
,,,0.005946000000,  -0.04000,
,,,0.005948000000,  -0.04000,
,,,0.005950000000,  -0.04000,
,,,0.005952000000,  -0.03200,
,,,0.005954000000,  -0.03200,
,,,0.005956000000,  -0.03200,
,,,0.005958000000,  -0.03200,
,,,0.005960000000,  -0.02400,
,,,0.005962000000,  -0.02400,
,,,0.005964000000,  -0.01600,
,,,0.005966000000,  -0.01600,
,,,0.005968000000,  -0.00800,
,,,0.005970000000,  -0.00800,
,,,0.005972000000,   0.00000,
,,,0.005974000000,   0.00000,
,,,0.005976000000,   0.00800,
,,,0.005978000000,   0.00800,
,,,0.005980000000,   0.00800,
,,,0.005982000000,   0.00800,
,,,0.005984000000,   0.01600,
,,,0.005986000000,   0.01600,
,,,0.005988000000,   0.02400,
,,,0.005990000000,   0.02400,
,,,0.005992000000,   0.03200,
,,,0.005994000000,   0.03200,
,,,0.005996000000,   0.03200,
,,,0.005998000000,   0.04000,
,,,0.006000000000,   0.04000,
,,,0.006002000000,   0.04800,
,,,0.006004000000,   0.05600,
,,,0.006006000000,   0.05600,
,,,0.006008000000,   0.05600,
,,,0.006010000000,   0.05600,
,,,0.006012000000,   0.06400,
,,,0.006014000000,   0.06400,
,,,0.006016000000,   0.06400,
,,,0.006018000000,   0.07200,
,,,0.006020000000,   0.08000,
,,,0.006022000000,   0.08000,
,,,0.006024000000,   0.08000,
,,,0.006026000000,   0.08800,
,,,0.006028000000,   0.08800,
,,,0.006030000000,   0.08800,
,,,0.006032000000,   0.08800,
,,,0.006034000000,   0.09600,
,,,0.006036000000,   0.09600,
,,,0.006038000000,   0.10400,
,,,0.006040000000,   0.10400,
,,,0.006042000000,   0.11200,
,,,0.006044000000,   0.11200,
,,,0.006046000000,   0.11200,
,,,0.006048000000,   0.11200,
,,,0.006050000000,   0.12000,
,,,0.006052000000,   0.12000,
,,,0.006054000000,   0.12800,
,,,0.006056000000,   0.12800,
,,,0.006058000000,   0.13600,
,,,0.006060000000,   0.13600,
,,,0.006062000000,   0.13600,
,,,0.006064000000,   0.14400,
,,,0.006066000000,   0.14400,
,,,0.006068000000,   0.15200,
,,,0.006070000000,   0.15200,
,,,0.006072000000,   0.15200,
,,,0.006074000000,   0.16000,
,,,0.006076000000,   0.16000,
,,,0.006078000000,   0.16000,
,,,0.006080000000,   0.16800,
,,,0.006082000000,   0.16800,
,,,0.006084000000,   0.17600,
,,,0.006086000000,   0.17600,
,,,0.006088000000,   0.17600,
,,,0.006090000000,   0.18400,
,,,0.006092000000,   0.18400,
,,,0.006094000000,   0.18400,
,,,0.006096000000,   0.19200,
,,,0.006098000000,   0.19200,
,,,0.006100000000,   0.20000,
,,,0.006102000000,   0.20000,
,,,0.006104000000,   0.20000,
,,,0.006106000000,   0.20000,
,,,0.006108000000,   0.20800,
,,,0.006110000000,   0.20800,
,,,0.006112000000,   0.21600,
,,,0.006114000000,   0.21600,
,,,0.006116000000,   0.21600,
,,,0.006118000000,   0.22400,
,,,0.006120000000,   0.22400,
,,,0.006122000000,   0.22400,
,,,0.006124000000,   0.23200,
,,,0.006126000000,   0.23200,
,,,0.006128000000,   0.24000,
,,,0.006130000000,   0.24000,
,,,0.006132000000,   0.24000,
,,,0.006134000000,   0.24000,
,,,0.006136000000,   0.24800,
,,,0.006138000000,   0.24800,
,,,0.006140000000,   0.24800,
,,,0.006142000000,   0.25600,
,,,0.006144000000,   0.25600,
,,,0.006146000000,   0.26400,
,,,0.006148000000,   0.26400,
,,,0.006150000000,   0.26400,
,,,0.006152000000,   0.27200,
,,,0.006154000000,   0.27200,
,,,0.006156000000,   0.27200,
,,,0.006158000000,   0.27200,
,,,0.006160000000,   0.28000,
,,,0.006162000000,   0.28000,
,,,0.006164000000,   0.28800,
,,,0.006166000000,   0.28800,
,,,0.006168000000,   0.28800,
,,,0.006170000000,   0.28800,
,,,0.006172000000,   0.29600,
,,,0.006174000000,   0.29600,
,,,0.006176000000,   0.30400,
,,,0.006178000000,   0.30400,
,,,0.006180000000,   0.31200,
,,,0.006182000000,   0.31200,
,,,0.006184000000,   0.31200,
,,,0.006186000000,   0.32000,
,,,0.006188000000,   0.32000,
,,,0.006190000000,   0.32000,
,,,0.006192000000,   0.32000,
,,,0.006194000000,   0.32800,
,,,0.006196000000,   0.32800,
,,,0.006198000000,   0.32800,
,,,0.006200000000,   0.33600,
,,,0.006202000000,   0.33600,
,,,0.006204000000,   0.33600,
,,,0.006206000000,   0.34400,
,,,0.006208000000,   0.34400,
,,,0.006210000000,   0.34400,
,,,0.006212000000,   0.34400,
,,,0.006214000000,   0.35200,
,,,0.006216000000,   0.35200,
,,,0.006218000000,   0.36000,
,,,0.006220000000,   0.36000,
,,,0.006222000000,   0.36000,
,,,0.006224000000,   0.36000,
,,,0.006226000000,   0.36000,
,,,0.006228000000,   0.36800,
,,,0.006230000000,   0.36800,
,,,0.006232000000,   0.37600,
,,,0.006234000000,   0.37600,
,,,0.006236000000,   0.37600,
,,,0.006238000000,   0.37600,
,,,0.006240000000,   0.38400,
,,,0.006242000000,   0.38400,
,,,0.006244000000,   0.38400,
,,,0.006246000000,   0.38400,
,,,0.006248000000,   0.38400,
,,,0.006250000000,   0.39200,
,,,0.006252000000,   0.39200,
,,,0.006254000000,   0.39200,
,,,0.006256000000,   0.40000,
,,,0.006258000000,   0.40000,
