;;;t;V in;V out
Record Length;2,50E+03;;-0,0000294;5;
Sample Interval;2,00E-08;;-0,00002938;4,96;
Trigger Point;1,47E+03;;-0,00002936;4,96;
;;;-0,00002934;4,96;
;;;-0,00002932;5;
;;;-0,0000293;4,96;
Source;CH2;;-0,00002928;4,96;
Vertical Units;V;;-0,00002926;5,04;
Vertical Scale;1,00E+00;;-0,00002924;4,96;
Vertical Offset;-1,68E+00;;-0,00002922;5;
Horizontal Units;s;;-0,0000292;5;
Horizontal Scale;5,00E-06;;-0,00002918;5;
Pt Fmt;Y;;-0,00002916;5;
Yzero;0,00E+00;;-0,00002914;5;
Probe Atten;1,00E+00;;-0,00002912;5;
Model Number;TBS1072B-EDU;;-0,0000291;5,04;
Serial Number;C015526;;-0,00002908;4,96;
Firmware Version;FV:v4,06;;-0,00002906;4,96;
;;;-0,00002904;4,96;
;;;-0,00002902;5;
;;;-0,000029;5;
;;;-0,00002898;4,96;
;;;-0,00002896;4,96;
;;;-0,00002894;4,96;
;;;-0,00002892;5;
;;;-0,0000289;5;
;;;-0,00002888;4,96;
;;;-0,00002886;5,04;
;;;-0,00002884;4,96;
;;;-0,00002882;5;
;;;-0,0000288;4,96;
;;;-0,00002878;5;
;;;-0,00002876;5,04;
;;;-0,00002874;5;
;;;-0,00002872;4,96;
;;;-0,0000287;5;
;;;-0,00002868;4,92;
;;;-0,00002866;5;
;;;-0,00002864;4,96;
;;;-0,00002862;4,96;
;;;-0,0000286;5;
;;;-0,00002858;4,96;
;;;-0,00002856;4,96;
;;;-0,00002854;4,96;
;;;-0,00002852;5;
;;;-0,0000285;5;
;;;-0,00002848;4,96;
;;;-0,00002846;5;
;;;-0,00002844;4,92;
;;;-0,00002842;5;
;;;-0,0000284;5;
;;;-0,00002838;4,96;
;;;-0,00002836;4,96;
;;;-0,00002834;5;
;;;-0,00002832;4,96;
;;;-0,0000283;5;
;;;-0,00002828;4,96;
;;;-0,00002826;4,96;
;;;-0,00002824;4,96;
;;;-0,00002822;5;
;;;-0,0000282;4,92;
;;;-0,00002818;5;
;;;-0,00002816;5;
;;;-0,00002814;4,96;
;;;-0,00002812;4,96;
;;;-0,0000281;5;
;;;-0,00002808;4,96;
;;;-0,00002806;5;
;;;-0,00002804;4,96;
;;;-0,00002802;5;
;;;-0,000028;5;
;;;-0,00002798;5;
;;;-0,00002796;5;
;;;-0,00002794;4,96;
;;;-0,00002792;4,96;
;;;-0,0000279;5;
;;;-0,00002788;4,96;
;;;-0,00002786;5;
;;;-0,00002784;4,96;
;;;-0,00002782;4,96;
;;;-0,0000278;5;
;;;-0,00002778;4,96;
;;;-0,00002776;4,96;
;;;-0,00002774;4,96;
;;;-0,00002772;4,96;
;;;-0,0000277;4,92;
;;;-0,00002768;5;
;;;-0,00002766;4,96;
;;;-0,00002764;4,92;
;;;-0,00002762;4,96;
;;;-0,0000276;4,96;
;;;-0,00002758;5,04;
;;;-0,00002756;5;
;;;-0,00002754;4,96;
;;;-0,00002752;4,92;
;;;-0,0000275;4,96;
;;;-0,00002748;5;
;;;-0,00002746;5;
;;;-0,00002744;5;
;;;-0,00002742;5;
;;;-0,0000274;4,96;
;;;-0,00002738;4,92;
;;;-0,00002736;4,96;
;;;-0,00002734;4,96;
;;;-0,00002732;5;
;;;-0,0000273;4,96;
;;;-0,00002728;5;
;;;-0,00002726;5;
;;;-0,00002724;4,96;
;;;-0,00002722;4,96;
;;;-0,0000272;4,96;
;;;-0,00002718;4,96;
;;;-0,00002716;4,96;
;;;-0,00002714;5,04;
;;;-0,00002712;5;
;;;-0,0000271;4,96;
;;;-0,00002708;4,96;
;;;-0,00002706;4,96;
;;;-0,00002704;4,96;
;;;-0,00002702;5;
;;;-0,000027;4,96;
;;;-0,00002698;4,96;
;;;-0,00002696;5;
;;;-0,00002694;4,92;
;;;-0,00002692;4,96;
;;;-0,0000269;4,96;
;;;-0,00002688;4,96;
;;;-0,00002686;5;
;;;-0,00002684;5;
;;;-0,00002682;5;
;;;-0,0000268;4,96;
;;;-0,00002678;5,04;
;;;-0,00002676;4,96;
;;;-0,00002674;4,96;
;;;-0,00002672;5;
;;;-0,0000267;4,92;
;;;-0,00002668;4,96;
;;;-0,00002666;4,96;
;;;-0,00002664;4,96;
;;;-0,00002662;5;
;;;-0,0000266;4,96;
;;;-0,00002658;4,96;
;;;-0,00002656;4,96;
;;;-0,00002654;4,96;
;;;-0,00002652;4,96;
;;;-0,0000265;4,96;
;;;-0,00002648;5;
;;;-0,00002646;4,96;
;;;-0,00002644;4,96;
;;;-0,00002642;5;
;;;-0,0000264;4,96;
;;;-0,00002638;4,96;
;;;-0,00002636;4,96;
;;;-0,00002634;4,96;
;;;-0,00002632;5;
;;;-0,0000263;5;
;;;-0,00002628;4,92;
;;;-0,00002626;4,92;
;;;-0,00002624;4,96;
;;;-0,00002622;5;
;;;-0,0000262;5;
;;;-0,00002618;4,96;
;;;-0,00002616;4,96;
;;;-0,00002614;4,96;
;;;-0,00002612;4,96;
;;;-0,0000261;4,92;
;;;-0,00002608;4,96;
;;;-0,00002606;4,96;
;;;-0,00002604;4,96;
;;;-0,00002602;5;
;;;-0,000026;4,96;
;;;-0,00002598;4,96;
;;;-0,00002596;4,96;
;;;-0,00002594;5;
;;;-0,00002592;4,96;
;;;-0,0000259;4,96;
;;;-0,00002588;4,96;
;;;-0,00002586;4,92;
;;;-0,00002584;4,96;
;;;-0,00002582;5;
;;;-0,0000258;4,96;
;;;-0,00002578;5;
;;;-0,00002576;5;
;;;-0,00002574;4,96;
;;;-0,00002572;4,92;
;;;-0,0000257;4,92;
;;;-0,00002568;4,96;
;;;-0,00002566;4,92;
;;;-0,00002564;4,92;
;;;-0,00002562;4,96;
;;;-0,0000256;4,96;
;;;-0,00002558;4,96;
;;;-0,00002556;4,92;
;;;-0,00002554;4,96;
;;;-0,00002552;4,96;
;;;-0,0000255;4,96;
;;;-0,00002548;4,96;
;;;-0,00002546;4,96;
;;;-0,00002544;4,96;
;;;-0,00002542;4,96;
;;;-0,0000254;4,92;
;;;-0,00002538;4,92;
;;;-0,00002536;5;
;;;-0,00002534;4,92;
;;;-0,00002532;4,96;
;;;-0,0000253;4,92;
;;;-0,00002528;5;
;;;-0,00002526;4,96;
;;;-0,00002524;4,96;
;;;-0,00002522;4,92;
;;;-0,0000252;4,96;
;;;-0,00002518;4,96;
;;;-0,00002516;5;
;;;-0,00002514;4,96;
;;;-0,00002512;4,96;
;;;-0,0000251;4,92;
;;;-0,00002508;4,92;
;;;-0,00002506;4,96;
;;;-0,00002504;5;
;;;-0,00002502;4,96;
;;;-0,000025;5;
;;;-0,00002498;4,96;
;;;-0,00002496;4,96;
;;;-0,00002494;4,96;
;;;-0,00002492;4,96;
;;;-0,0000249;5;
;;;-0,00002488;4,96;
;;;-0,00002486;4,96;
;;;-0,00002484;4,96;
;;;-0,00002482;4,96;
;;;-0,0000248;4,96;
;;;-0,00002478;4,92;
;;;-0,00002476;4,96;
;;;-0,00002474;4,92;
;;;-0,00002472;4,96;
;;;-0,0000247;4,96;
;;;-0,00002468;4,96;
;;;-0,00002466;4,92;
;;;-0,00002464;5;
;;;-0,00002462;4,96;
;;;-0,0000246;4,96;
;;;-0,00002458;4,92;
;;;-0,00002456;4,92;
;;;-0,00002454;4,96;
;;;-0,00002452;4,96;
;;;-0,0000245;4,96;
;;;-0,00002448;4,96;
;;;-0,00002446;4,92;
;;;-0,00002444;5;
;;;-0,00002442;4,96;
;;;-0,0000244;4,92;
;;;-0,00002438;4,96;
;;;-0,00002436;4,96;
;;;-0,00002434;4,96;
;;;-0,00002432;4,96;
;;;-0,0000243;4,92;
;;;-0,00002428;4,92;
;;;-0,00002426;4,96;
;;;-0,00002424;4,96;
;;;-0,00002422;4,96;
;;;-0,0000242;4,96;
;;;-0,00002418;4,92;
;;;-0,00002416;4,92;
;;;-0,00002414;4,92;
;;;-0,00002412;4,96;
;;;-0,0000241;4,96;
;;;-0,00002408;4,96;
;;;-0,00002406;4,92;
;;;-0,00002404;4,96;
;;;-0,00002402;5;
;;;-0,000024;4,92;
;;;-0,00002398;4,92;
;;;-0,00002396;4,96;
;;;-0,00002394;4,96;
;;;-0,00002392;4,96;
;;;-0,0000239;4,96;
;;;-0,00002388;4,92;
;;;-0,00002386;4,96;
;;;-0,00002384;4,96;
;;;-0,00002382;4,96;
;;;-0,0000238;4,92;
;;;-0,00002378;4,92;
;;;-0,00002376;4,96;
;;;-0,00002374;4,92;
;;;-0,00002372;4,92;
;;;-0,0000237;4,92;
;;;-0,00002368;4,92;
;;;-0,00002366;4,92;
;;;-0,00002364;4,92;
;;;-0,00002362;4,96;
;;;-0,0000236;4,96;
;;;-0,00002358;4,92;
;;;-0,00002356;4,92;
;;;-0,00002354;4,92;
;;;-0,00002352;4,96;
;;;-0,0000235;4,92;
;;;-0,00002348;4,96;
;;;-0,00002346;4,92;
;;;-0,00002344;4,96;
;;;-0,00002342;4,96;
;;;-0,0000234;4,92;
;;;-0,00002338;4,92;
;;;-0,00002336;4,92;
;;;-0,00002334;4,88;
;;;-0,00002332;4,96;
;;;-0,0000233;5;
;;;-0,00002328;4,88;
;;;-0,00002326;4,88;
;;;-0,00002324;4,92;
;;;-0,00002322;4,92;
;;;-0,0000232;4,96;
;;;-0,00002318;4,96;
;;;-0,00002316;4,92;
;;;-0,00002314;4,96;
;;;-0,00002312;4,92;
;;;-0,0000231;4,92;
;;;-0,00002308;4,96;
;;;-0,00002306;4,92;
;;;-0,00002304;4,92;
;;;-0,00002302;4,92;
;;;-0,000023;4,96;
;;;-0,00002298;4,92;
;;;-0,00002296;4,96;
;;;-0,00002294;4,92;
;;;-0,00002292;4,96;
;;;-0,0000229;4,92;
;;;-0,00002288;4,96;
;;;-0,00002286;4,88;
;;;-0,00002284;4,92;
;;;-0,00002282;4,96;
;;;-0,0000228;4,92;
;;;-0,00002278;4,96;
;;;-0,00002276;4,92;
;;;-0,00002274;4,92;
;;;-0,00002272;4,92;
;;;-0,0000227;4,96;
;;;-0,00002268;4,92;
;;;-0,00002266;4,92;
;;;-0,00002264;4,92;
;;;-0,00002262;4,92;
;;;-0,0000226;4,92;
;;;-0,00002258;4,96;
;;;-0,00002256;4,96;
;;;-0,00002254;5;
;;;-0,00002252;4,88;
;;;-0,0000225;4,88;
;;;-0,00002248;4,92;
;;;-0,00002246;4,92;
;;;-0,00002244;4,92;
;;;-0,00002242;4,92;
;;;-0,0000224;4,92;
;;;-0,00002238;4,92;
;;;-0,00002236;4,88;
;;;-0,00002234;4,96;
;;;-0,00002232;4,88;
;;;-0,0000223;4,88;
;;;-0,00002228;4,92;
;;;-0,00002226;4,92;
;;;-0,00002224;4,92;
;;;-0,00002222;4,92;
;;;-0,0000222;4,88;
;;;-0,00002218;4,92;
;;;-0,00002216;4,92;
;;;-0,00002214;4,88;
;;;-0,00002212;4,92;
;;;-0,0000221;4,88;
;;;-0,00002208;4,88;
;;;-0,00002206;4,88;
;;;-0,00002204;4,96;
;;;-0,00002202;4,92;
;;;-0,000022;4,92;
;;;-0,00002198;4,96;
;;;-0,00002196;4,88;
;;;-0,00002194;4,92;
;;;-0,00002192;4,92;
;;;-0,0000219;4,88;
;;;-0,00002188;4,92;
;;;-0,00002186;4,92;
;;;-0,00002184;4,92;
;;;-0,00002182;4,92;
;;;-0,0000218;4,92;
;;;-0,00002178;4,96;
;;;-0,00002176;4,88;
;;;-0,00002174;4,88;
;;;-0,00002172;4,88;
;;;-0,0000217;4,92;
;;;-0,00002168;4,88;
;;;-0,00002166;4,92;
;;;-0,00002164;4,92;
;;;-0,00002162;4,88;
;;;-0,0000216;4,88;
;;;-0,00002158;4,92;
;;;-0,00002156;4,92;
;;;-0,00002154;4,96;
;;;-0,00002152;4,88;
;;;-0,0000215;4,92;
;;;-0,00002148;4,92;
;;;-0,00002146;4,92;
;;;-0,00002144;4,88;
;;;-0,00002142;4,88;
;;;-0,0000214;4,88;
;;;-0,00002138;4,92;
;;;-0,00002136;4,92;
;;;-0,00002134;4,92;
;;;-0,00002132;4,84;
;;;-0,0000213;4,88;
;;;-0,00002128;4,84;
;;;-0,00002126;4,84;
;;;-0,00002124;4,92;
;;;-0,00002122;4,92;
;;;-0,0000212;4,92;
;;;-0,00002118;4,88;
;;;-0,00002116;4,88;
;;;-0,00002114;4,88;
;;;-0,00002112;4,88;
;;;-0,0000211;4,88;
;;;-0,00002108;4,88;
;;;-0,00002106;4,88;
;;;-0,00002104;4,92;
;;;-0,00002102;4,88;
;;;-0,000021;4,88;
;;;-0,00002098;4,92;
;;;-0,00002096;4,88;
;;;-0,00002094;4,88;
;;;-0,00002092;4,88;
;;;-0,0000209;4,88;
;;;-0,00002088;4,88;
;;;-0,00002086;4,88;
;;;-0,00002084;4,92;
;;;-0,00002082;4,92;
;;;-0,0000208;4,88;
;;;-0,00002078;4,88;
;;;-0,00002076;4,88;
;;;-0,00002074;4,88;
;;;-0,00002072;4,92;
;;;-0,0000207;4,84;
;;;-0,00002068;4,88;
;;;-0,00002066;4,88;
;;;-0,00002064;4,88;
;;;-0,00002062;4,84;
;;;-0,0000206;4,88;
;;;-0,00002058;4,92;
;;;-0,00002056;4,84;
;;;-0,00002054;4,84;
;;;-0,00002052;4,84;
;;;-0,0000205;4,88;
;;;-0,00002048;4,84;
;;;-0,00002046;4,84;
;;;-0,00002044;4,88;
;;;-0,00002042;4,84;
;;;-0,0000204;4,88;
;;;-0,00002038;4,88;
;;;-0,00002036;4,84;
;;;-0,00002034;4,84;
;;;-0,00002032;4,84;
;;;-0,0000203;4,84;
;;;-0,00002028;4,84;
;;;-0,00002026;4,88;
;;;-0,00002024;4,88;
;;;-0,00002022;4,88;
;;;-0,0000202;4,84;
;;;-0,00002018;4,88;
;;;-0,00002016;4,88;
;;;-0,00002014;4,84;
;;;-0,00002012;4,84;
;;;-0,0000201;4,84;
;;;-0,00002008;4,84;
;;;-0,00002006;4,92;
;;;-0,00002004;4,88;
;;;-0,00002002;4,8;
;;;-0,00002;4,88;
;;;-0,00001998;4,84;
;;;-0,00001996;4,88;
;;;-0,00001994;4,88;
;;;-0,00001992;4,84;
;;;-0,0000199;4,88;
;;;-0,00001988;4,88;
;;;-0,00001986;4,84;
;;;-0,00001984;4,84;
;;;-0,00001982;4,8;
;;;-0,0000198;4,8;
;;;-0,00001978;4,84;
;;;-0,00001976;4,8;
;;;-0,00001974;4,84;
;;;-0,00001972;4,84;
;;;-0,0000197;4,84;
;;;-0,00001968;4,8;
;;;-0,00001966;4,84;
;;;-0,00001964;4,84;
;;;-0,00001962;4,84;
;;;-0,0000196;4,84;
;;;-0,00001958;4,8;
;;;-0,00001956;4,84;
;;;-0,00001954;4,84;
;;;-0,00001952;4,84;
;;;-0,0000195;4,8;
;;;-0,00001948;4,8;
;;;-0,00001946;4,84;
;;;-0,00001944;4,84;
;;;-0,00001942;4,88;
;;;-0,0000194;4,84;
;;;-0,00001938;4,84;
;;;-0,00001936;4,84;
;;;-0,00001934;4,8;
;;;-0,00001932;4,84;
;;;-0,0000193;4,84;
;;;-0,00001928;4,84;
;;;-0,00001926;4,84;
;;;-0,00001924;4,8;
;;;-0,00001922;4,84;
;;;-0,0000192;4,84;
;;;-0,00001918;4,84;
;;;-0,00001916;4,8;
;;;-0,00001914;4,8;
;;;-0,00001912;4,88;
;;;-0,0000191;4,8;
;;;-0,00001908;4,84;
;;;-0,00001906;4,84;
;;;-0,00001904;4,84;
;;;-0,00001902;4,84;
;;;-0,000019;4,8;
;;;-0,00001898;4,8;
;;;-0,00001896;4,84;
;;;-0,00001894;4,84;
;;;-0,00001892;4,84;
;;;-0,0000189;4,84;
;;;-0,00001888;4,76;
;;;-0,00001886;4,84;
;;;-0,00001884;4,84;
;;;-0,00001882;4,84;
;;;-0,0000188;4,8;
;;;-0,00001878;4,8;
;;;-0,00001876;4,8;
;;;-0,00001874;4,8;
;;;-0,00001872;4,84;
;;;-0,0000187;4,8;
;;;-0,00001868;4,84;
;;;-0,00001866;4,8;
;;;-0,00001864;4,8;
;;;-0,00001862;4,8;
;;;-0,0000186;4,8;
;;;-0,00001858;4,84;
;;;-0,00001856;4,76;
;;;-0,00001854;4,76;
;;;-0,00001852;4,8;
;;;-0,0000185;4,8;
;;;-0,00001848;4,76;
;;;-0,00001846;4,8;
;;;-0,00001844;4,8;
;;;-0,00001842;4,8;
;;;-0,0000184;4,76;
;;;-0,00001838;4,8;
;;;-0,00001836;4,76;
;;;-0,00001834;4,76;
;;;-0,00001832;4,8;
;;;-0,0000183;4,8;
;;;-0,00001828;4,76;
;;;-0,00001826;4,8;
;;;-0,00001824;4,76;
;;;-0,00001822;4,8;
;;;-0,0000182;4,76;
;;;-0,00001818;4,76;
;;;-0,00001816;4,76;
;;;-0,00001814;4,8;
;;;-0,00001812;4,72;
;;;-0,0000181;4,8;
;;;-0,00001808;4,76;
;;;-0,00001806;4,76;
;;;-0,00001804;4,72;
;;;-0,00001802;4,8;
;;;-0,000018;4,8;
;;;-0,00001798;4,76;
;;;-0,00001796;4,76;
;;;-0,00001794;4,8;
;;;-0,00001792;4,8;
;;;-0,0000179;4,8;
;;;-0,00001788;4,76;
;;;-0,00001786;4,76;
;;;-0,00001784;4,76;
;;;-0,00001782;4,76;
;;;-0,0000178;4,72;
;;;-0,00001778;4,8;
;;;-0,00001776;4,76;
;;;-0,00001774;4,8;
;;;-0,00001772;4,76;
;;;-0,0000177;4,76;
;;;-0,00001768;4,76;
;;;-0,00001766;4,76;
;;;-0,00001764;4,76;
;;;-0,00001762;4,68;
;;;-0,0000176;4,76;
;;;-0,00001758;4,76;
;;;-0,00001756;4,72;
;;;-0,00001754;4,76;
;;;-0,00001752;4,72;
;;;-0,0000175;4,72;
;;;-0,00001748;4,72;
;;;-0,00001746;4,72;
;;;-0,00001744;4,72;
;;;-0,00001742;4,76;
;;;-0,0000174;4,72;
;;;-0,00001738;4,72;
;;;-0,00001736;4,68;
;;;-0,00001734;4,72;
;;;-0,00001732;4,72;
;;;-0,0000173;4,76;
;;;-0,00001728;4,76;
;;;-0,00001726;4,76;
;;;-0,00001724;4,72;
;;;-0,00001722;4,68;
;;;-0,0000172;4,72;
;;;-0,00001718;4,68;
;;;-0,00001716;4,72;
;;;-0,00001714;4,72;
;;;-0,00001712;4,72;
;;;-0,0000171;4,72;
;;;-0,00001708;4,72;
;;;-0,00001706;4,72;
;;;-0,00001704;4,72;
;;;-0,00001702;4,72;
;;;-0,000017;4,68;
;;;-0,00001698;4,72;
;;;-0,00001696;4,72;
;;;-0,00001694;4,72;
;;;-0,00001692;4,68;
;;;-0,0000169;4,68;
;;;-0,00001688;4,76;
;;;-0,00001686;4,72;
;;;-0,00001684;4,68;
;;;-0,00001682;4,68;
;;;-0,0000168;4,64;
;;;-0,00001678;4,68;
;;;-0,00001676;4,68;
;;;-0,00001674;4,72;
;;;-0,00001672;4,64;
;;;-0,0000167;4,68;
;;;-0,00001668;4,68;
;;;-0,00001666;4,72;
;;;-0,00001664;4,68;
;;;-0,00001662;4,68;
;;;-0,0000166;4,68;
;;;-0,00001658;4,64;
;;;-0,00001656;4,68;
;;;-0,00001654;4,68;
;;;-0,00001652;4,72;
;;;-0,0000165;4,68;
;;;-0,00001648;4,68;
;;;-0,00001646;4,68;
;;;-0,00001644;4,68;
;;;-0,00001642;4,68;
;;;-0,0000164;4,68;
;;;-0,00001638;4,64;
;;;-0,00001636;4,68;
;;;-0,00001634;4,68;
;;;-0,00001632;4,68;
;;;-0,0000163;4,64;
;;;-0,00001628;4,68;
;;;-0,00001626;4,64;
;;;-0,00001624;4,64;
;;;-0,00001622;4,68;
;;;-0,0000162;4,68;
;;;-0,00001618;4,64;
;;;-0,00001616;4,64;
;;;-0,00001614;4,64;
;;;-0,00001612;4,64;
;;;-0,0000161;4,6;
;;;-0,00001608;4,64;
;;;-0,00001606;4,68;
;;;-0,00001604;4,6;
;;;-0,00001602;4,64;
;;;-0,000016;4,64;
;;;-0,00001598;4,68;
;;;-0,00001596;4,6;
;;;-0,00001594;4,64;
;;;-0,00001592;4,64;
;;;-0,0000159;4,64;
;;;-0,00001588;4,6;
;;;-0,00001586;4,64;
;;;-0,00001584;4,6;
;;;-0,00001582;4,56;
;;;-0,0000158;4,64;
;;;-0,00001578;4,6;
;;;-0,00001576;4,6;
;;;-0,00001574;4,6;
;;;-0,00001572;4,56;
;;;-0,0000157;4,6;
;;;-0,00001568;4,64;
;;;-0,00001566;4,6;
;;;-0,00001564;4,64;
;;;-0,00001562;4,56;
;;;-0,0000156;4,6;
;;;-0,00001558;4,6;
;;;-0,00001556;4,64;
;;;-0,00001554;4,52;
;;;-0,00001552;4,56;
;;;-0,0000155;4,56;
;;;-0,00001548;4,56;
;;;-0,00001546;4,56;
;;;-0,00001544;4,6;
;;;-0,00001542;4,56;
;;;-0,0000154;4,56;
;;;-0,00001538;4,52;
;;;-0,00001536;4,56;
;;;-0,00001534;4,56;
;;;-0,00001532;4,56;
;;;-0,0000153;4,6;
;;;-0,00001528;4,6;
;;;-0,00001526;4,52;
;;;-0,00001524;4,6;
;;;-0,00001522;4,56;
;;;-0,0000152;4,56;
;;;-0,00001518;4,6;
;;;-0,00001516;4,56;
;;;-0,00001514;4,52;
;;;-0,00001512;4,56;
;;;-0,0000151;4,52;
;;;-0,00001508;4,52;
;;;-0,00001506;4,52;
;;;-0,00001504;4,52;
;;;-0,00001502;4,52;
;;;-0,000015;4,52;
;;;-0,00001498;4,52;
;;;-0,00001496;4,56;
;;;-0,00001494;4,52;
;;;-0,00001492;4,52;
;;;-0,0000149;4,6;
;;;-0,00001488;4,48;
;;;-0,00001486;4,52;
;;;-0,00001484;4,56;
;;;-0,00001482;4,52;
;;;-0,0000148;4,56;
;;;-0,00001478;4,48;
;;;-0,00001476;4,48;
;;;-0,00001474;4,52;
;;;-0,00001472;4,52;
;;;-0,0000147;4,52;
;;;-0,00001468;4,52;
;;;-0,00001466;4,52;
;;;-0,00001464;4,48;
;;;-0,00001462;4,52;
;;;-0,0000146;4,48;
;;;-0,00001458;4,48;
;;;-0,00001456;4,52;
;;;-0,00001454;4,52;
;;;-0,00001452;4,48;
;;;-0,0000145;4,48;
;;;-0,00001448;4,52;
;;;-0,00001446;4,52;
;;;-0,00001444;4,56;
;;;-0,00001442;4,48;
;;;-0,0000144;4,44;
;;;-0,00001438;4,48;
;;;-0,00001436;4,48;
;;;-0,00001434;4,48;
;;;-0,00001432;4,48;
;;;-0,0000143;4,48;
;;;-0,00001428;4,48;
;;;-0,00001426;4,44;
;;;-0,00001424;4,48;
;;;-0,00001422;4,48;
;;;-0,0000142;4,48;
;;;-0,00001418;4,48;
;;;-0,00001416;4,48;
;;;-0,00001414;4,44;
;;;-0,00001412;4,48;
;;;-0,0000141;4,48;
;;;-0,00001408;4,44;
;;;-0,00001406;4,44;
;;;-0,00001404;4,44;
;;;-0,00001402;4,44;
;;;-0,000014;4,48;
;;;-0,00001398;4,4;
;;;-0,00001396;4,48;
;;;-0,00001394;4,44;
;;;-0,00001392;4,44;
;;;-0,0000139;4,44;
;;;-0,00001388;4,4;
;;;-0,00001386;4,44;
;;;-0,00001384;4,36;
;;;-0,00001382;4,48;
;;;-0,0000138;4,44;
;;;-0,00001378;4,4;
;;;-0,00001376;4,4;
;;;-0,00001374;4,4;
;;;-0,00001372;4,44;
;;;-0,0000137;4,4;
;;;-0,00001368;4,4;
;;;-0,00001366;4,4;
;;;-0,00001364;4,4;
;;;-0,00001362;4,44;
;;;-0,0000136;4,36;
;;;-0,00001358;4,4;
;;;-0,00001356;4,4;
;;;-0,00001354;4,4;
;;;-0,00001352;4,4;
;;;-0,0000135;4,36;
;;;-0,00001348;4,36;
;;;-0,00001346;4,4;
;;;-0,00001344;4,36;
;;;-0,00001342;4,36;
;;;-0,0000134;4,36;
;;;-0,00001338;4,36;
;;;-0,00001336;4,36;
;;;-0,00001334;4,36;
;;;-0,00001332;4,4;
;;;-0,0000133;4,4;
;;;-0,00001328;4,36;
;;;-0,00001326;4,36;
;;;-0,00001324;4,36;
;;;-0,00001322;4,32;
;;;-0,0000132;4,28;
;;;-0,00001318;4,36;
;;;-0,00001316;4,32;
;;;-0,00001314;4,36;
;;;-0,00001312;4,32;
;;;-0,0000131;4,32;
;;;-0,00001308;4,32;
;;;-0,00001306;4,32;
;;;-0,00001304;4,32;
;;;-0,00001302;4,32;
;;;-0,000013;4,32;
;;;-0,00001298;4,28;
;;;-0,00001296;4,36;
;;;-0,00001294;4,32;
;;;-0,00001292;4,32;
;;;-0,0000129;4,32;
;;;-0,00001288;4,28;
;;;-0,00001286;4,28;
;;;-0,00001284;4,28;
;;;-0,00001282;4,32;
;;;-0,0000128;4,32;
;;;-0,00001278;4,32;
;;;-0,00001276;4,28;
;;;-0,00001274;4,32;
;;;-0,00001272;4,28;
;;;-0,0000127;4,24;
;;;-0,00001268;4,28;
;;;-0,00001266;4,28;
;;;-0,00001264;4,28;
;;;-0,00001262;4,28;
;;;-0,0000126;4,28;
;;;-0,00001258;4,28;
;;;-0,00001256;4,28;
;;;-0,00001254;4,28;
;;;-0,00001252;4,24;
;;;-0,0000125;4,28;
;;;-0,00001248;4,28;
;;;-0,00001246;4,24;
;;;-0,00001244;4,28;
;;;-0,00001242;4,28;
;;;-0,0000124;4,24;
;;;-0,00001238;4,28;
;;;-0,00001236;4,24;
;;;-0,00001234;4,28;
;;;-0,00001232;4,2;
;;;-0,0000123;4,28;
;;;-0,00001228;4,2;
;;;-0,00001226;4,28;
;;;-0,00001224;4,24;
;;;-0,00001222;4,24;
;;;-0,0000122;4,2;
;;;-0,00001218;4,2;
;;;-0,00001216;4,24;
;;;-0,00001214;4,2;
;;;-0,00001212;4,2;
;;;-0,0000121;4,2;
;;;-0,00001208;4,24;
;;;-0,00001206;4,2;
;;;-0,00001204;4,2;
;;;-0,00001202;4,2;
;;;-0,000012;4,16;
;;;-0,00001198;4,16;
;;;-0,00001196;4,2;
;;;-0,00001194;4,2;
;;;-0,00001192;4,2;
;;;-0,0000119;4,16;
;;;-0,00001188;4,2;
;;;-0,00001186;4,16;
;;;-0,00001184;4,2;
;;;-0,00001182;4,16;
;;;-0,0000118;4,16;
;;;-0,00001178;4,2;
;;;-0,00001176;4,16;
;;;-0,00001174;4,2;
;;;-0,00001172;4,16;
;;;-0,0000117;4,16;
;;;-0,00001168;4,16;
;;;-0,00001166;4,12;
;;;-0,00001164;4,16;
;;;-0,00001162;4,16;
;;;-0,0000116;4,16;
;;;-0,00001158;4,12;
;;;-0,00001156;4,12;
;;;-0,00001154;4,16;
;;;-0,00001152;4,12;
;;;-0,0000115;4,16;
;;;-0,00001148;4,08;
;;;-0,00001146;4,08;
;;;-0,00001144;4,12;
;;;-0,00001142;4,12;
;;;-0,0000114;4,12;
;;;-0,00001138;4,08;
;;;-0,00001136;4,12;
;;;-0,00001134;4,12;
;;;-0,00001132;4,12;
;;;-0,0000113;4,16;
;;;-0,00001128;4,08;
;;;-0,00001126;4,08;
;;;-0,00001124;4,12;
;;;-0,00001122;4,08;
;;;-0,0000112;4,08;
;;;-0,00001118;4,04;
;;;-0,00001116;4,08;
;;;-0,00001114;4,08;
;;;-0,00001112;4,08;
;;;-0,0000111;4,04;
;;;-0,00001108;4,08;
;;;-0,00001106;4,08;
;;;-0,00001104;4,08;
;;;-0,00001102;4,04;
;;;-0,000011;4,04;
;;;-0,00001098;4,04;
;;;-0,00001096;4,04;
;;;-0,00001094;4,08;
;;;-0,00001092;4,04;
;;;-0,0000109;4;
;;;-0,00001088;4,04;
;;;-0,00001086;4,04;
;;;-0,00001084;4,04;
;;;-0,00001082;4;
;;;-0,0000108;4;
;;;-0,00001078;4,04;
;;;-0,00001076;4;
;;;-0,00001074;4,04;
;;;-0,00001072;4;
;;;-0,0000107;4;
;;;-0,00001068;4;
;;;-0,00001066;4;
;;;-0,00001064;3,96;
;;;-0,00001062;3,96;
;;;-0,0000106;4,04;
;;;-0,00001058;4;
;;;-0,00001056;4,04;
;;;-0,00001054;3,96;
;;;-0,00001052;4;
;;;-0,0000105;3,96;
;;;-0,00001048;4;
;;;-0,00001046;3,92;
;;;-0,00001044;3,96;
;;;-0,00001042;3,96;
;;;-0,0000104;3,96;
;;;-0,00001038;3,92;
;;;-0,00001036;3,96;
;;;-0,00001034;3,96;
;;;-0,00001032;3,88;
;;;-0,0000103;3,92;
;;;-0,00001028;3,96;
;;;-0,00001026;3,96;
;;;-0,00001024;3,96;
;;;-0,00001022;3,92;
;;;-0,0000102;3,92;
;;;-0,00001018;3,92;
;;;-0,00001016;3,96;
;;;-0,00001014;3,96;
;;;-0,00001012;3,88;
;;;-0,0000101;3,92;
;;;-0,00001008;3,88;
;;;-0,00001006;3,88;
;;;-0,00001004;3,92;
;;;-0,00001002;3,88;
;;;-0,00001;3,88;
;;;-0,00000998;3,88;
;;;-0,00000996;3,88;
;;;-0,00000994;3,88;
;;;-0,00000992;3,88;
;;;-0,0000099;3,84;
;;;-0,00000988;3,84;
;;;-0,00000986;3,84;
;;;-0,00000984;3,88;
;;;-0,00000982;3,84;
;;;-0,0000098;3,84;
;;;-0,00000978;3,84;
;;;-0,00000976;3,88;
;;;-0,00000974;3,88;
;;;-0,00000972;3,88;
;;;-0,0000097;3,88;
;;;-0,00000968;3,8;
;;;-0,00000966;3,8;
;;;-0,00000964;3,8;
;;;-0,00000962;3,8;
;;;-0,0000096;3,84;
;;;-0,00000958;3,84;
;;;-0,00000956;3,8;
;;;-0,00000954;3,76;
;;;-0,00000952;3,8;
;;;-0,0000095;3,8;
;;;-0,00000948;3,76;
;;;-0,00000946;3,8;
;;;-0,00000944;3,84;
;;;-0,00000942;3,8;
;;;-0,0000094;3,84;
;;;-0,00000938;3,76;
;;;-0,00000936;3,76;
;;;-0,00000934;3,8;
;;;-0,00000932;3,8;
;;;-0,0000093;3,76;
;;;-0,00000928;3,76;
;;;-0,00000926;3,72;
;;;-0,00000924;3,8;
;;;-0,00000922;3,76;
;;;-0,0000092;3,76;
;;;-0,00000918;3,72;
;;;-0,00000916;3,76;
;;;-0,00000914;3,72;
;;;-0,00000912;3,72;
;;;-0,0000091;3,72;
;;;-0,00000908;3,72;
;;;-0,00000906;3,76;
;;;-0,00000904;3,68;
;;;-0,00000902;3,72;
;;;-0,000009;3,72;
;;;-0,00000898;3,72;
;;;-0,00000896;3,72;
;;;-0,00000894;3,72;
;;;-0,00000892;3,64;
;;;-0,0000089;3,72;
;;;-0,00000888;3,68;
;;;-0,00000886;3,64;
;;;-0,00000884;3,68;
;;;-0,00000882;3,68;
;;;-0,0000088;3,72;
;;;-0,00000878;3,68;
;;;-0,00000876;3,64;
;;;-0,00000874;3,64;
;;;-0,00000872;3,68;
;;;-0,0000087;3,64;
;;;-0,00000868;3,68;
;;;-0,00000866;3,68;
;;;-0,00000864;3,64;
;;;-0,00000862;3,68;
;;;-0,0000086;3,68;
;;;-0,00000858;3,6;
;;;-0,00000856;3,64;
;;;-0,00000854;3,6;
;;;-0,00000852;3,6;
;;;-0,0000085;3,6;
;;;-0,00000848;3,6;
;;;-0,00000846;3,6;
;;;-0,00000844;3,56;
;;;-0,00000842;3,56;
;;;-0,0000084;3,6;
;;;-0,00000838;3,56;
;;;-0,00000836;3,6;
;;;-0,00000834;3,56;
;;;-0,00000832;3,6;
;;;-0,0000083;3,56;
;;;-0,00000828;3,6;
;;;-0,00000826;3,6;
;;;-0,00000824;3,56;
;;;-0,00000822;3,56;
;;;-0,0000082;3,56;
;;;-0,00000818;3,52;
;;;-0,00000816;3,56;
;;;-0,00000814;3,52;
;;;-0,00000812;3,52;
;;;-0,0000081;3,56;
;;;-0,00000808;3,52;
;;;-0,00000806;3,52;
;;;-0,00000804;3,52;
;;;-0,00000802;3,52;
;;;-0,000008;3,52;
;;;-0,00000798;3,56;
;;;-0,00000796;3,52;
;;;-0,00000794;3,52;
;;;-0,00000792;3,48;
;;;-0,0000079;3,52;
;;;-0,00000788;3,52;
;;;-0,00000786;3,48;
;;;-0,00000784;3,44;
;;;-0,00000782;3,44;
;;;-0,0000078;3,48;
;;;-0,00000778;3,52;
;;;-0,00000776;3,48;
;;;-0,00000774;3,44;
;;;-0,00000772;3,44;
;;;-0,0000077;3,44;
;;;-0,00000768;3,44;
;;;-0,00000766;3,44;
;;;-0,00000764;3,4;
;;;-0,00000762;3,4;
;;;-0,0000076;3,44;
;;;-0,00000758;3,44;
;;;-0,00000756;3,48;
;;;-0,00000754;3,4;
;;;-0,00000752;3,44;
;;;-0,0000075;3,4;
;;;-0,00000748;3,4;
;;;-0,00000746;3,4;
;;;-0,00000744;3,44;
;;;-0,00000742;3,44;
;;;-0,0000074;3,4;
;;;-0,00000738;3,4;
;;;-0,00000736;3,4;
;;;-0,00000734;3,4;
;;;-0,00000732;3,36;
;;;-0,0000073;3,4;
;;;-0,00000728;3,36;
;;;-0,00000726;3,36;
;;;-0,00000724;3,36;
;;;-0,00000722;3,4;
;;;-0,0000072;3,36;
;;;-0,00000718;3,32;
;;;-0,00000716;3,36;
;;;-0,00000714;3,36;
;;;-0,00000712;3,36;
;;;-0,0000071;3,36;
;;;-0,00000708;3,32;
;;;-0,00000706;3,28;
;;;-0,00000704;3,32;
;;;-0,00000702;3,32;
;;;-0,000007;3,32;
;;;-0,00000698;3,36;
;;;-0,00000696;3,32;
;;;-0,00000694;3,24;
;;;-0,00000692;3,32;
;;;-0,0000069;3,28;
;;;-0,00000688;3,32;
;;;-0,00000686;3,28;
;;;-0,00000684;3,28;
;;;-0,00000682;3,24;
;;;-0,0000068;3,24;
;;;-0,00000678;3,24;
;;;-0,00000676;3,24;
;;;-0,00000674;3,24;
;;;-0,00000672;3,24;
;;;-0,0000067;3,2;
;;;-0,00000668;3,24;
;;;-0,00000666;3,24;
;;;-0,00000664;3,24;
;;;-0,00000662;3,24;
;;;-0,0000066;3,2;
;;;-0,00000658;3,2;
;;;-0,00000656;3,2;
;;;-0,00000654;3,24;
;;;-0,00000652;3,16;
;;;-0,0000065;3,24;
;;;-0,00000648;3,2;
;;;-0,00000646;3,16;
;;;-0,00000644;3,16;
;;;-0,00000642;3,2;
;;;-0,0000064;3,16;
;;;-0,00000638;3,2;
;;;-0,00000636;3,16;
;;;-0,00000634;3,16;
;;;-0,00000632;3,2;
;;;-0,0000063;3,16;
;;;-0,00000628;3,12;
;;;-0,00000626;3,16;
;;;-0,00000624;3,12;
;;;-0,00000622;3,16;
;;;-0,0000062;3,12;
;;;-0,00000618;3,12;
;;;-0,00000616;3,12;
;;;-0,00000614;3,12;
;;;-0,00000612;3,12;
;;;-0,0000061;3,12;
;;;-0,00000608;3,12;
;;;-0,00000606;3,08;
;;;-0,00000604;3,12;
;;;-0,00000602;3,08;
;;;-0,000006;3,08;
;;;-0,00000598;3,12;
;;;-0,00000596;3,08;
;;;-0,00000594;3,04;
;;;-0,00000592;3,04;
;;;-0,0000059;3,08;
;;;-0,00000588;3,04;
;;;-0,00000586;3,08;
;;;-0,00000584;3,08;
;;;-0,00000582;3,04;
;;;-0,0000058;3,08;
;;;-0,00000578;3;
;;;-0,00000576;3,04;
;;;-0,00000574;3,04;
;;;-0,00000572;3,04;
;;;-0,0000057;3,04;
;;;-0,00000568;3;
;;;-0,00000566;3;
;;;-0,00000564;3;
;;;-0,00000562;3;
;;;-0,0000056;3,04;
;;;-0,00000558;3;
;;;-0,00000556;3,04;
;;;-0,00000554;3;
;;;-0,00000552;3;
;;;-0,0000055;3;
;;;-0,00000548;3;
;;;-0,00000546;3;
;;;-0,00000544;2,96;
;;;-0,00000542;2,96;
;;;-0,0000054;2,96;
;;;-0,00000538;2,96;
;;;-0,00000536;2,96;
;;;-0,00000534;2,92;
;;;-0,00000532;2,92;
;;;-0,0000053;3;
;;;-0,00000528;2,92;
;;;-0,00000526;2,92;
;;;-0,00000524;2,92;
;;;-0,00000522;2,92;
;;;-0,0000052;2,92;
;;;-0,00000518;2,92;
;;;-0,00000516;2,88;
;;;-0,00000514;2,88;
;;;-0,00000512;2,88;
;;;-0,0000051;2,88;
;;;-0,00000508;2,84;
;;;-0,00000506;2,84;
;;;-0,00000504;2,88;
;;;-0,00000502;2,88;
;;;-0,000005;2,88;
;;;-0,00000498;2,88;
;;;-0,00000496;2,88;
;;;-0,00000494;2,88;
;;;-0,00000492;2,84;
;;;-0,0000049;2,84;
;;;-0,00000488;2,84;
;;;-0,00000486;2,84;
;;;-0,00000484;2,84;
;;;-0,00000482;2,84;
;;;-0,0000048;2,8;
;;;-0,00000478;2,8;
;;;-0,00000476;2,84;
;;;-0,00000474;2,84;
;;;-0,00000472;2,8;
;;;-0,0000047;2,8;
;;;-0,00000468;2,8;
;;;-0,00000466;2,84;
;;;-0,00000464;2,8;
;;;-0,00000462;2,76;
;;;-0,0000046;2,76;
;;;-0,00000458;2,76;
;;;-0,00000456;2,76;
;;;-0,00000454;2,76;
;;;-0,00000452;2,72;
;;;-0,0000045;2,72;
;;;-0,00000448;2,68;
;;;-0,00000446;2,76;
;;;-0,00000444;2,72;
;;;-0,00000442;2,72;
;;;-0,0000044;2,72;
;;;-0,00000438;2,68;
;;;-0,00000436;2,68;
;;;-0,00000434;2,72;
;;;-0,00000432;2,76;
;;;-0,0000043;2,68;
;;;-0,00000428;2,68;
;;;-0,00000426;2,68;
;;;-0,00000424;2,68;
;;;-0,00000422;2,68;
;;;-0,0000042;2,68;
;;;-0,00000418;2,64;
;;;-0,00000416;2,68;
;;;-0,00000414;2,68;
;;;-0,00000412;2,68;
;;;-0,0000041;2,64;
;;;-0,00000408;2,64;
;;;-0,00000406;2,68;
;;;-0,00000404;2,68;
;;;-0,00000402;2,68;
;;;-0,000004;2,6;
;;;-0,00000398;2,56;
;;;-0,00000396;2,6;
;;;-0,00000394;2,6;
;;;-0,00000392;2,6;
;;;-0,0000039;2,6;
;;;-0,00000388;2,6;
;;;-0,00000386;2,56;
;;;-0,00000384;2,56;
;;;-0,00000382;2,6;
;;;-0,0000038;2,56;
;;;-0,00000378;2,56;
;;;-0,00000376;2,56;
;;;-0,00000374;2,56;
;;;-0,00000372;2,6;
;;;-0,0000037;2,56;
;;;-0,00000368;2,52;
;;;-0,00000366;2,56;
;;;-0,00000364;2,52;
;;;-0,00000362;2,52;
;;;-0,0000036;2,56;
;;;-0,00000358;2,52;
;;;-0,00000356;2,52;
;;;-0,00000354;2,48;
;;;-0,00000352;2,52;
;;;-0,0000035;2,52;
;;;-0,00000348;2,48;
;;;-0,00000346;2,48;
;;;-0,00000344;2,52;
;;;-0,00000342;2,48;
;;;-0,0000034;2,48;
;;;-0,00000338;2,52;
;;;-0,00000336;2,48;
;;;-0,00000334;2,48;
;;;-0,00000332;2,48;
;;;-0,0000033;2,44;
;;;-0,00000328;2,44;
;;;-0,00000326;2,44;
;;;-0,00000324;2,44;
;;;-0,00000322;2,48;
;;;-0,0000032;2,4;
;;;-0,00000318;2,44;
;;;-0,00000316;2,44;
;;;-0,00000314;2,44;
;;;-0,00000312;2,4;
;;;-0,0000031;2,4;
;;;-0,00000308;2,44;
;;;-0,00000306;2,36;
;;;-0,00000304;2,4;
;;;-0,00000302;2,44;
;;;-0,000003;2,36;
;;;-0,00000298;2,36;
;;;-0,00000296;2,36;
;;;-0,00000294;2,36;
;;;-0,00000292;2,36;
;;;-0,0000029;2,36;
;;;-0,00000288;2,32;
;;;-0,00000286;2,36;
;;;-0,00000284;2,32;
;;;-0,00000282;2,32;
;;;-0,0000028;2,32;
;;;-0,00000278;2,28;
;;;-0,00000276;2,36;
;;;-0,00000274;2,32;
;;;-0,00000272;2,28;
;;;-0,0000027;2,28;
;;;-0,00000268;2,28;
;;;-0,00000266;2,32;
;;;-0,00000264;2,28;
;;;-0,00000262;2,28;
;;;-0,0000026;2,28;
;;;-0,00000258;2,28;
;;;-0,00000256;2,28;
;;;-0,00000254;2,24;
;;;-0,00000252;2,24;
;;;-0,0000025;2,24;
;;;-0,00000248;2,24;
;;;-0,00000246;2,2;
;;;-0,00000244;2,24;
;;;-0,00000242;2,24;
;;;-0,0000024;2,2;
;;;-0,00000238;2,2;
;;;-0,00000236;2,24;
;;;-0,00000234;2,28;
;;;-0,00000232;2,16;
;;;-0,0000023;2,2;
;;;-0,00000228;2,16;
;;;-0,00000226;2,16;
;;;-0,00000224;2,2;
;;;-0,00000222;2,16;
;;;-0,0000022;2,12;
;;;-0,00000218;2,16;
;;;-0,00000216;2,16;
;;;-0,00000214;2,16;
;;;-0,00000212;2,16;
;;;-0,0000021;2,12;
;;;-0,00000208;2,12;
;;;-0,00000206;2,12;
;;;-0,00000204;2,16;
;;;-0,00000202;2,12;
;;;-0,000002;2,12;
;;;-0,00000198;2,08;
;;;-0,00000196;2,08;
;;;-0,00000194;2,12;
;;;-0,00000192;2,12;
;;;-0,0000019;2,08;
;;;-0,00000188;2,08;
;;;-0,00000186;2,08;
;;;-0,00000184;2,12;
;;;-0,00000182;2,08;
;;;-0,0000018;2,04;
;;;-0,00000178;2,04;
;;;-0,00000176;2,04;
;;;-0,00000174;2,04;
;;;-0,00000172;2;
;;;-0,0000017;2,04;
;;;-0,00000168;2;
;;;-0,00000166;2;
;;;-0,00000164;2,04;
;;;-0,00000162;2;
;;;-0,0000016;2;
;;;-0,00000158;2;
;;;-0,00000156;1,96;
;;;-0,00000154;1,96;
;;;-0,00000152;1,96;
;;;-0,0000015;2;
;;;-0,00000148;1,96;
;;;-0,00000146;1,96;
;;;-0,00000144;2;
;;;-0,00000142;2;
;;;-0,0000014;1,96;
;;;-0,00000138;1,96;
;;;-0,00000136;1,92;
;;;-0,00000134;1,96;
;;;-0,00000132;1,92;
;;;-0,0000013;1,92;
;;;-0,00000128;1,96;
;;;-0,00000126;1,92;
;;;-0,00000124;1,96;
;;;-0,00000122;1,92;
;;;-0,0000012;1,88;
;;;-0,00000118;1,88;
;;;-0,00000116;1,88;
;;;-0,00000114;1,92;
;;;-0,00000112;1,88;
;;;-0,0000011;1,84;
;;;-0,00000108;1,88;
;;;-0,00000106;1,88;
;;;-0,00000104;1,84;
;;;-0,00000102;1,84;
;;;-0,000001;1,84;
;;;-0,00000098;1,84;
;;;-0,00000096;1,8;
;;;-0,00000094;1,88;
;;;-0,00000092;1,88;
;;;-0,0000009;1,8;
;;;-0,00000088;1,84;
;;;-0,00000086;1,8;
;;;-0,00000084;1,8;
;;;-0,00000082;1,8;
;;;-0,0000008;1,76;
;;;-0,00000078;1,8;
;;;-0,00000076;1,76;
;;;-0,00000074;1,72;
;;;-0,00000072;1,8;
;;;-0,0000007;1,76;
;;;-0,00000068;1,76;
;;;-0,00000066;1,72;
;;;-0,00000064;1,76;
;;;-0,00000062;1,72;
;;;-0,0000006;1,68;
;;;-0,00000058;1,76;
;;;-0,00000056;1,72;
;;;-0,00000054;1,72;
;;;-0,00000052;1,72;
;;;-0,0000005;1,68;
;;;-0,00000048;1,72;
;;;-0,00000046;1,72;
;;;-0,00000044;1,68;
;;;-0,00000042;1,64;
;;;-0,0000004;1,68;
;;;-0,00000038;1,68;
;;;-0,00000036;1,68;
;;;-0,00000034;1,64;
;;;-0,00000032;1,6;
;;;-0,0000003;1,64;
;;;-0,00000028;1,68;
;;;-0,00000026;1,64;
;;;-0,00000024;1,6;
;;;-0,00000022;1,68;
;;;-0,0000002;1,68;
;;;-0,00000018;1,64;
;;;-0,00000016;1,64;
;;;-0,00000014;1,6;
;;;-0,00000012;1,56;
;;;-0,0000001;1,6;
;;;-0,00000008;1,64;
;;;-0,00000006;1,6;
;;;-0,00000004;1,6;
;;;-0,00000002;1,56;
;;;0;1,56;
;;;0,00000002;1,56;
;;;0,00000004;1,56;
;;;0,00000006;1,56;
;;;0,00000008;1,56;
;;;0,0000001;1,52;
;;;0,00000012;1,52;
;;;0,00000014;1,52;
;;;0,00000016;1,56;
;;;0,00000018;1,48;
;;;0,0000002;1,48;
;;;0,00000022;1,48;
;;;0,00000024;1,48;
;;;0,00000026;1,48;
;;;0,00000028;1,48;
;;;0,0000003;1,52;
;;;0,00000032;1,48;
;;;0,00000034;1,44;
;;;0,00000036;1,44;
;;;0,00000038;1,44;
;;;0,0000004;1,48;
;;;0,00000042;1,44;
;;;0,00000044;1,44;
;;;0,00000046;1,44;
;;;0,00000048;1,4;
;;;0,0000005;1,48;
;;;0,00000052;1,4;
;;;0,00000054;1,44;
;;;0,00000056;1,4;
;;;0,00000058;1,44;
;;;0,0000006;1,4;
;;;0,00000062;1,36;
;;;0,00000064;1,4;
;;;0,00000066;1,4;
;;;0,00000068;1,4;
;;;0,0000007;1,36;
;;;0,00000072;1,4;
;;;0,00000074;1,36;
;;;0,00000076;1,36;
;;;0,00000078;1,36;
;;;0,0000008;1,36;
;;;0,00000082;1,36;
;;;0,00000084;1,36;
;;;0,00000086;1,32;
;;;0,00000088;1,32;
;;;0,0000009;1,28;
;;;0,00000092;1,32;
;;;0,00000094;1,32;
;;;0,00000096;1,28;
;;;0,00000098;1,28;
;;;0,000001;1,32;
;;;0,00000102;1,32;
;;;0,00000104;1,32;
;;;0,00000106;1,24;
;;;0,00000108;1,28;
;;;0,0000011;1,32;
;;;0,00000112;1,24;
;;;0,00000114;1,24;
;;;0,00000116;1,24;
;;;0,00000118;1,24;
;;;0,0000012;1,28;
;;;0,00000122;1,24;
;;;0,00000124;1,24;
;;;0,00000126;1,2;
;;;0,00000128;1,2;
;;;0,0000013;1,2;
;;;0,00000132;1,16;
;;;0,00000134;1,2;
;;;0,00000136;1,2;
;;;0,00000138;1,16;
;;;0,0000014;1,2;
;;;0,00000142;1,2;
;;;0,00000144;1,16;
;;;0,00000146;1,16;
;;;0,00000148;1,16;
;;;0,0000015;1,16;
;;;0,00000152;1,16;
;;;0,00000154;1,16;
;;;0,00000156;1,12;
;;;0,00000158;1,12;
;;;0,0000016;1,16;
;;;0,00000162;1,16;
;;;0,00000164;1,12;
;;;0,00000166;1,08;
;;;0,00000168;1,08;
;;;0,0000017;1,12;
;;;0,00000172;1,08;
;;;0,00000174;1,08;
;;;0,00000176;1,08;
;;;0,00000178;1,08;
;;;0,0000018;1,04;
;;;0,00000182;1,04;
;;;0,00000184;1,04;
;;;0,00000186;1,08;
;;;0,00000188;1,08;
;;;0,0000019;1,08;
;;;0,00000192;1,04;
;;;0,00000194;1;
;;;0,00000196;1,04;
;;;0,00000198;1;
;;;0,000002;1,04;
;;;0,00000202;1;
;;;0,00000204;1;
;;;0,00000206;1,04;
;;;0,00000208;1,04;
;;;0,0000021;0,96;
;;;0,00000212;1;
;;;0,00000214;1;
;;;0,00000216;0,96;
;;;0,00000218;1;
;;;0,0000022;0,96;
;;;0,00000222;0,96;
;;;0,00000224;0,96;
;;;0,00000226;0,92;
;;;0,00000228;0,92;
;;;0,0000023;0,96;
;;;0,00000232;0,92;
;;;0,00000234;0,92;
;;;0,00000236;0,92;
;;;0,00000238;0,88;
;;;0,0000024;0,88;
;;;0,00000242;0,88;
;;;0,00000244;0,92;
;;;0,00000246;0,84;
;;;0,00000248;0,92;
;;;0,0000025;0,88;
;;;0,00000252;0,84;
;;;0,00000254;0,88;
;;;0,00000256;0,92;
;;;0,00000258;0,84;
;;;0,0000026;0,84;
;;;0,00000262;0,88;
;;;0,00000264;0,84;
;;;0,00000266;0,88;
;;;0,00000268;0,84;
;;;0,0000027;0,8;
;;;0,00000272;0,84;
;;;0,00000274;0,8;
;;;0,00000276;0,8;
;;;0,00000278;0,8;
;;;0,0000028;0,76;
;;;0,00000282;0,8;
;;;0,00000284;0,8;
;;;0,00000286;0,76;
;;;0,00000288;0,76;
;;;0,0000029;0,76;
;;;0,00000292;0,76;
;;;0,00000294;0,72;
;;;0,00000296;0,72;
;;;0,00000298;0,76;
;;;0,000003;0,72;
;;;0,00000302;0,76;
;;;0,00000304;0,72;
;;;0,00000306;0,72;
;;;0,00000308;0,72;
;;;0,0000031;0,68;
;;;0,00000312;0,68;
;;;0,00000314;0,68;
;;;0,00000316;0,68;
;;;0,00000318;0,72;
;;;0,0000032;0,72;
;;;0,00000322;0,68;
;;;0,00000324;0,64;
;;;0,00000326;0,68;
;;;0,00000328;0,68;
;;;0,0000033;0,68;
;;;0,00000332;0,64;
;;;0,00000334;0,64;
;;;0,00000336;0,6;
;;;0,00000338;0,64;
;;;0,0000034;0,64;
;;;0,00000342;0,64;
;;;0,00000344;0,64;
;;;0,00000346;0,6;
;;;0,00000348;0,6;
;;;0,0000035;0,64;
;;;0,00000352;0,6;
;;;0,00000354;0,6;
;;;0,00000356;0,6;
;;;0,00000358;0,6;
;;;0,0000036;0,56;
;;;0,00000362;0,56;
;;;0,00000364;0,56;
;;;0,00000366;0,56;
;;;0,00000368;0,56;
;;;0,0000037;0,56;
;;;0,00000372;0,56;
;;;0,00000374;0,56;
;;;0,00000376;0,56;
;;;0,00000378;0,52;
;;;0,0000038;0,52;
;;;0,00000382;0,56;
;;;0,00000384;0,48;
;;;0,00000386;0,56;
;;;0,00000388;0,48;
;;;0,0000039;0,52;
;;;0,00000392;0,48;
;;;0,00000394;0,48;
;;;0,00000396;0,52;
;;;0,00000398;0,44;
;;;0,000004;0,44;
;;;0,00000402;0,48;
;;;0,00000404;0,48;
;;;0,00000406;0,4;
;;;0,00000408;0,44;
;;;0,0000041;0,44;
;;;0,00000412;0,48;
;;;0,00000414;0,44;
;;;0,00000416;0,4;
;;;0,00000418;0,48;
;;;0,0000042;0,4;
;;;0,00000422;0,4;
;;;0,00000424;0,4;
;;;0,00000426;0,4;
;;;0,00000428;0,4;
;;;0,0000043;0,4;
;;;0,00000432;0,4;
;;;0,00000434;0,44;
;;;0,00000436;0,4;
;;;0,00000438;0,4;
;;;0,0000044;0,4;
;;;0,00000442;0,36;
;;;0,00000444;0,36;
;;;0,00000446;0,32;
;;;0,00000448;0,32;
;;;0,0000045;0,32;
;;;0,00000452;0,36;
;;;0,00000454;0,36;
;;;0,00000456;0,32;
;;;0,00000458;0,28;
;;;0,0000046;0,36;
;;;0,00000462;0,28;
;;;0,00000464;0,32;
;;;0,00000466;0,32;
;;;0,00000468;0,28;
;;;0,0000047;0,28;
;;;0,00000472;0,28;
;;;0,00000474;0,32;
;;;0,00000476;0,28;
;;;0,00000478;0,28;
;;;0,0000048;0,28;
;;;0,00000482;0,28;
;;;0,00000484;0,32;
;;;0,00000486;0,28;
;;;0,00000488;0,24;
;;;0,0000049;0,28;
;;;0,00000492;0,24;
;;;0,00000494;0,2;
;;;0,00000496;0,2;
;;;0,00000498;0,2;
;;;0,000005;0,24;
;;;0,00000502;0,2;
;;;0,00000504;0,2;
;;;0,00000506;0,2;
;;;0,00000508;0,16;
;;;0,0000051;0,2;
;;;0,00000512;0,16;
;;;0,00000514;0,24;
;;;0,00000516;0,16;
;;;0,00000518;0,16;
;;;0,0000052;0,16;
;;;0,00000522;0,12;
;;;0,00000524;0,12;
;;;0,00000526;0,16;
;;;0,00000528;0,16;
;;;0,0000053;0,16;
;;;0,00000532;0,12;
;;;0,00000534;0,12;
;;;0,00000536;0,16;
;;;0,00000538;0,12;
;;;0,0000054;0,12;
;;;0,00000542;0,12;
;;;0,00000544;0,08;
;;;0,00000546;0,12;
;;;0,00000548;0,08;
;;;0,0000055;0,08;
;;;0,00000552;0,08;
;;;0,00000554;0,08;
;;;0,00000556;0,04;
;;;0,00000558;0,12;
;;;0,0000056;0,04;
;;;0,00000562;0,08;
;;;0,00000564;0,04;
;;;0,00000566;0,04;
;;;0,00000568;0,08;
;;;0,0000057;0,08;
;;;0,00000572;0,08;
;;;0,00000574;0,04;
;;;0,00000576;0,08;
;;;0,00000578;0,04;
;;;0,0000058;0,04;
;;;0,00000582;0;
;;;0,00000584;0,08;
;;;0,00000586;0;
;;;0,00000588;0,04;
;;;0,0000059;0,04;
;;;0,00000592;0,04;
;;;0,00000594;0,04;
;;;0,00000596;0;
;;;0,00000598;-0,04;
;;;0,000006;0,04;
;;;0,00000602;0;
;;;0,00000604;0;
;;;0,00000606;0;
;;;0,00000608;0;
;;;0,0000061;0,04;
;;;0,00000612;-0,04;
;;;0,00000614;0;
;;;0,00000616;0;
;;;0,00000618;0;
;;;0,0000062;0;
;;;0,00000622;0;
;;;0,00000624;0,04;
;;;0,00000626;0;
;;;0,00000628;-0,04;
;;;0,0000063;-0,04;
;;;0,00000632;0,04;
;;;0,00000634;0;
;;;0,00000636;0;
;;;0,00000638;0;
;;;0,0000064;0;
;;;0,00000642;-0,04;
;;;0,00000644;0,04;
;;;0,00000646;0;
;;;0,00000648;0;
;;;0,0000065;0;
;;;0,00000652;0;
;;;0,00000654;0,04;
;;;0,00000656;0,04;
;;;0,00000658;0;
;;;0,0000066;-0,04;
;;;0,00000662;-0,04;
;;;0,00000664;0;
;;;0,00000666;0;
;;;0,00000668;0;
;;;0,0000067;0;
;;;0,00000672;0;
;;;0,00000674;0;
;;;0,00000676;0;
;;;0,00000678;0;
;;;0,0000068;-0,04;
;;;0,00000682;0;
;;;0,00000684;0;
;;;0,00000686;-0,04;
;;;0,00000688;-0,04;
;;;0,0000069;0;
;;;0,00000692;0;
;;;0,00000694;-0,04;
;;;0,00000696;0;
;;;0,00000698;-0,04;
;;;0,000007;-0,04;
;;;0,00000702;0,04;
;;;0,00000704;-0,04;
;;;0,00000706;0;
;;;0,00000708;-0,04;
;;;0,0000071;0;
;;;0,00000712;-0,04;
;;;0,00000714;0;
;;;0,00000716;0;
;;;0,00000718;0;
;;;0,0000072;0;
;;;0,00000722;-0,04;
;;;0,00000724;0;
;;;0,00000726;0;
;;;0,00000728;0;
;;;0,0000073;0;
;;;0,00000732;-0,04;
;;;0,00000734;-0,04;
;;;0,00000736;-0,04;
;;;0,00000738;-0,04;
;;;0,0000074;-0,04;
;;;0,00000742;0;
;;;0,00000744;0;
;;;0,00000746;-0,04;
;;;0,00000748;0,04;
;;;0,0000075;-0,04;
;;;0,00000752;0;
;;;0,00000754;0;
;;;0,00000756;0;
;;;0,00000758;-0,04;
;;;0,0000076;-0,04;
;;;0,00000762;-0,04;
;;;0,00000764;0;
;;;0,00000766;-0,04;
;;;0,00000768;-0,04;
;;;0,0000077;0;
;;;0,00000772;0;
;;;0,00000774;0;
;;;0,00000776;-0,04;
;;;0,00000778;-0,04;
;;;0,0000078;-0,08;
;;;0,00000782;0;
;;;0,00000784;-0,04;
;;;0,00000786;0;
;;;0,00000788;0;
;;;0,0000079;-0,04;
;;;0,00000792;0;
;;;0,00000794;-0,04;
;;;0,00000796;-0,04;
;;;0,00000798;-0,04;
;;;0,000008;-0,04;
;;;0,00000802;-0,08;
;;;0,00000804;-0,04;
;;;0,00000806;0;
;;;0,00000808;-0,04;
;;;0,0000081;-0,04;
;;;0,00000812;0;
;;;0,00000814;-0,04;
;;;0,00000816;0;
;;;0,00000818;-0,04;
;;;0,0000082;-0,04;
;;;0,00000822;-0,04;
;;;0,00000824;-0,04;
;;;0,00000826;-0,04;
;;;0,00000828;-0,04;
;;;0,0000083;-0,08;
;;;0,00000832;0;
;;;0,00000834;-0,04;
;;;0,00000836;0;
;;;0,00000838;-0,04;
;;;0,0000084;0;
;;;0,00000842;-0,04;
;;;0,00000844;-0,04;
;;;0,00000846;0;
;;;0,00000848;-0,04;
;;;0,0000085;-0,04;
;;;0,00000852;-0,04;
;;;0,00000854;0;
;;;0,00000856;-0,04;
;;;0,00000858;-0,04;
;;;0,0000086;-0,04;
;;;0,00000862;0;
;;;0,00000864;-0,08;
;;;0,00000866;-0,04;
;;;0,00000868;0;
;;;0,0000087;-0,04;
;;;0,00000872;-0,04;
;;;0,00000874;-0,04;
;;;0,00000876;-0,04;
;;;0,00000878;0;
;;;0,0000088;-0,04;
;;;0,00000882;-0,04;
;;;0,00000884;-0,04;
;;;0,00000886;0;
;;;0,00000888;-0,04;
;;;0,0000089;0;
;;;0,00000892;-0,04;
;;;0,00000894;-0,08;
;;;0,00000896;0;
;;;0,00000898;-0,04;
;;;0,000009;-0,04;
;;;0,00000902;0;
;;;0,00000904;-0,04;
;;;0,00000906;-0,08;
;;;0,00000908;-0,04;
;;;0,0000091;-0,04;
;;;0,00000912;-0,08;
;;;0,00000914;0;
;;;0,00000916;-0,08;
;;;0,00000918;0;
;;;0,0000092;-0,08;
;;;0,00000922;0;
;;;0,00000924;0;
;;;0,00000926;-0,04;
;;;0,00000928;-0,04;
;;;0,0000093;-0,08;
;;;0,00000932;-0,04;
;;;0,00000934;-0,04;
;;;0,00000936;-0,04;
;;;0,00000938;-0,04;
;;;0,0000094;0;
;;;0,00000942;-0,04;
;;;0,00000944;-0,04;
;;;0,00000946;0;
;;;0,00000948;0;
;;;0,0000095;0;
;;;0,00000952;0;
;;;0,00000954;-0,04;
;;;0,00000956;-0,04;
;;;0,00000958;-0,04;
;;;0,0000096;-0,08;
;;;0,00000962;-0,04;
;;;0,00000964;0;
;;;0,00000966;0;
;;;0,00000968;-0,04;
;;;0,0000097;-0,08;
;;;0,00000972;-0,08;
;;;0,00000974;-0,04;
;;;0,00000976;-0,04;
;;;0,00000978;-0,04;
;;;0,0000098;-0,04;
;;;0,00000982;0;
;;;0,00000984;0;
;;;0,00000986;-0,04;
;;;0,00000988;0;
;;;0,0000099;-0,04;
;;;0,00000992;-0,08;
;;;0,00000994;0;
;;;0,00000996;-0,04;
;;;0,00000998;-0,04;
;;;0,00001;-0,04;
;;;0,00001002;-0,04;
;;;0,00001004;-0,04;
;;;0,00001006;-0,04;
;;;0,00001008;-0,04;
;;;0,0000101;0;
;;;0,00001012;-0,08;
;;;0,00001014;0;
;;;0,00001016;-0,04;
;;;0,00001018;-0,04;
;;;0,0000102;-0,08;
;;;0,00001022;-0,04;
;;;0,00001024;-0,04;
;;;0,00001026;-0,04;
;;;0,00001028;-0,04;
;;;0,0000103;-0,04;
;;;0,00001032;-0,08;
;;;0,00001034;0;
;;;0,00001036;-0,04;
;;;0,00001038;-0,04;
;;;0,0000104;0;
;;;0,00001042;-0,04;
;;;0,00001044;-0,04;
;;;0,00001046;-0,04;
;;;0,00001048;-0,04;
;;;0,0000105;0;
;;;0,00001052;-0,04;
;;;0,00001054;-0,08;
;;;0,00001056;-0,04;
;;;0,00001058;-0,04;
;;;0,0000106;-0,04;
;;;0,00001062;-0,08;
;;;0,00001064;-0,04;
;;;0,00001066;-0,04;
;;;0,00001068;-0,04;
;;;0,0000107;-0,04;
;;;0,00001072;-0,08;
;;;0,00001074;-0,04;
;;;0,00001076;-0,04;
;;;0,00001078;-0,04;
;;;0,0000108;-0,04;
;;;0,00001082;-0,08;
;;;0,00001084;-0,04;
;;;0,00001086;0;
;;;0,00001088;0;
;;;0,0000109;-0,04;
;;;0,00001092;-0,04;
;;;0,00001094;0;
;;;0,00001096;-0,04;
;;;0,00001098;-0,04;
;;;0,000011;-0,08;
;;;0,00001102;-0,04;
;;;0,00001104;-0,04;
;;;0,00001106;-0,08;
;;;0,00001108;-0,04;
;;;0,0000111;0;
;;;0,00001112;-0,04;
;;;0,00001114;-0,04;
;;;0,00001116;0;
;;;0,00001118;-0,04;
;;;0,0000112;0;
;;;0,00001122;-0,04;
;;;0,00001124;-0,04;
;;;0,00001126;0;
;;;0,00001128;-0,04;
;;;0,0000113;0;
;;;0,00001132;-0,04;
;;;0,00001134;-0,04;
;;;0,00001136;-0,04;
;;;0,00001138;-0,04;
;;;0,0000114;-0,04;
;;;0,00001142;0;
;;;0,00001144;-0,04;
;;;0,00001146;-0,08;
;;;0,00001148;-0,04;
;;;0,0000115;0;
;;;0,00001152;-0,04;
;;;0,00001154;-0,08;
;;;0,00001156;-0,12;
;;;0,00001158;-0,04;
;;;0,0000116;-0,04;
;;;0,00001162;-0,04;
;;;0,00001164;-0,04;
;;;0,00001166;-0,04;
;;;0,00001168;-0,04;
;;;0,0000117;-0,08;
;;;0,00001172;-0,04;
;;;0,00001174;-0,04;
;;;0,00001176;-0,04;
;;;0,00001178;-0,08;
;;;0,0000118;-0,04;
;;;0,00001182;-0,04;
;;;0,00001184;-0,04;
;;;0,00001186;0;
;;;0,00001188;-0,08;
;;;0,0000119;-0,08;
;;;0,00001192;-0,08;
;;;0,00001194;-0,04;
;;;0,00001196;-0,08;
;;;0,00001198;-0,08;
;;;0,000012;0;
;;;0,00001202;0;
;;;0,00001204;-0,04;
;;;0,00001206;-0,04;
;;;0,00001208;-0,08;
;;;0,0000121;-0,08;
;;;0,00001212;-0,04;
;;;0,00001214;-0,04;
;;;0,00001216;-0,04;
;;;0,00001218;-0,04;
;;;0,0000122;-0,04;
;;;0,00001222;-0,04;
;;;0,00001224;-0,04;
;;;0,00001226;-0,04;
;;;0,00001228;-0,04;
;;;0,0000123;-0,08;
;;;0,00001232;-0,04;
;;;0,00001234;-0,08;
;;;0,00001236;-0,04;
;;;0,00001238;-0,04;
;;;0,0000124;-0,08;
;;;0,00001242;-0,08;
;;;0,00001244;-0,04;
;;;0,00001246;-0,04;
;;;0,00001248;0;
;;;0,0000125;-0,04;
;;;0,00001252;-0,04;
;;;0,00001254;-0,04;
;;;0,00001256;-0,04;
;;;0,00001258;-0,08;
;;;0,0000126;-0,04;
;;;0,00001262;-0,04;
;;;0,00001264;-0,04;
;;;0,00001266;-0,04;
;;;0,00001268;-0,08;
;;;0,0000127;-0,04;
;;;0,00001272;-0,04;
;;;0,00001274;0;
;;;0,00001276;-0,04;
;;;0,00001278;-0,04;
;;;0,0000128;-0,04;
;;;0,00001282;-0,04;
;;;0,00001284;-0,04;
;;;0,00001286;-0,08;
;;;0,00001288;-0,08;
;;;0,0000129;-0,12;
;;;0,00001292;-0,08;
;;;0,00001294;-0,04;
;;;0,00001296;-0,12;
;;;0,00001298;-0,04;
;;;0,000013;-0,04;
;;;0,00001302;-0,08;
;;;0,00001304;-0,08;
;;;0,00001306;-0,08;
;;;0,00001308;-0,04;
;;;0,0000131;-0,04;
;;;0,00001312;-0,08;
;;;0,00001314;-0,04;
;;;0,00001316;-0,08;
;;;0,00001318;-0,04;
;;;0,0000132;-0,08;
;;;0,00001322;-0,04;
;;;0,00001324;-0,04;
;;;0,00001326;-0,08;
;;;0,00001328;-0,04;
;;;0,0000133;-0,04;
;;;0,00001332;0;
;;;0,00001334;-0,08;
;;;0,00001336;-0,04;
;;;0,00001338;-0,04;
;;;0,0000134;-0,08;
;;;0,00001342;-0,04;
;;;0,00001344;-0,04;
;;;0,00001346;-0,04;
;;;0,00001348;-0,04;
;;;0,0000135;-0,04;
;;;0,00001352;-0,04;
;;;0,00001354;-0,08;
;;;0,00001356;-0,04;
;;;0,00001358;-0,04;
;;;0,0000136;-0,04;
;;;0,00001362;-0,08;
;;;0,00001364;-0,04;
;;;0,00001366;-0,04;
;;;0,00001368;-0,08;
;;;0,0000137;-0,04;
;;;0,00001372;-0,08;
;;;0,00001374;-0,04;
;;;0,00001376;-0,08;
;;;0,00001378;-0,08;
;;;0,0000138;0;
;;;0,00001382;-0,04;
;;;0,00001384;-0,04;
;;;0,00001386;-0,04;
;;;0,00001388;-0,04;
;;;0,0000139;-0,04;
;;;0,00001392;-0,04;
;;;0,00001394;-0,04;
;;;0,00001396;-0,04;
;;;0,00001398;-0,08;
;;;0,000014;0;
;;;0,00001402;-0,04;
;;;0,00001404;-0,08;
;;;0,00001406;-0,04;
;;;0,00001408;-0,04;
;;;0,0000141;-0,08;
;;;0,00001412;-0,04;
;;;0,00001414;-0,04;
;;;0,00001416;-0,08;
;;;0,00001418;-0,08;
;;;0,0000142;-0,12;
;;;0,00001422;-0,04;
;;;0,00001424;-0,08;
;;;0,00001426;-0,08;
;;;0,00001428;-0,08;
;;;0,0000143;-0,04;
;;;0,00001432;-0,08;
;;;0,00001434;-0,04;
;;;0,00001436;-0,04;
;;;0,00001438;-0,04;
;;;0,0000144;-0,04;
;;;0,00001442;-0,04;
;;;0,00001444;-0,08;
;;;0,00001446;-0,04;
;;;0,00001448;0;
;;;0,0000145;-0,08;
;;;0,00001452;-0,08;
;;;0,00001454;-0,04;
;;;0,00001456;-0,04;
;;;0,00001458;-0,04;
;;;0,0000146;-0,04;
;;;0,00001462;-0,04;
;;;0,00001464;-0,04;
;;;0,00001466;-0,04;
;;;0,00001468;-0,08;
;;;0,0000147;-0,08;
;;;0,00001472;-0,08;
;;;0,00001474;-0,04;
;;;0,00001476;-0,04;
;;;0,00001478;-0,08;
;;;0,0000148;-0,04;
;;;0,00001482;-0,08;
;;;0,00001484;-0,08;
;;;0,00001486;-0,04;
;;;0,00001488;-0,04;
;;;0,0000149;-0,08;
;;;0,00001492;-0,04;
;;;0,00001494;-0,08;
;;;0,00001496;-0,04;
;;;0,00001498;-0,04;
;;;0,000015;-0,08;
;;;0,00001502;-0,04;
;;;0,00001504;-0,12;
;;;0,00001506;-0,04;
;;;0,00001508;-0,04;
;;;0,0000151;-0,08;
;;;0,00001512;-0,04;
;;;0,00001514;-0,08;
;;;0,00001516;-0,04;
;;;0,00001518;-0,04;
;;;0,0000152;-0,04;
;;;0,00001522;-0,08;
;;;0,00001524;-0,08;
;;;0,00001526;-0,04;
;;;0,00001528;-0,04;
;;;0,0000153;-0,08;
;;;0,00001532;-0,08;
;;;0,00001534;-0,04;
;;;0,00001536;-0,08;
;;;0,00001538;-0,08;
;;;0,0000154;-0,04;
;;;0,00001542;-0,08;
;;;0,00001544;-0,08;
;;;0,00001546;-0,08;
;;;0,00001548;-0,04;
;;;0,0000155;-0,04;
;;;0,00001552;-0,04;
;;;0,00001554;-0,04;
;;;0,00001556;-0,04;
;;;0,00001558;-0,04;
;;;0,0000156;-0,08;
;;;0,00001562;-0,04;
;;;0,00001564;-0,04;
;;;0,00001566;-0,08;
;;;0,00001568;-0,08;
;;;0,0000157;-0,04;
;;;0,00001572;-0,04;
;;;0,00001574;-0,04;
;;;0,00001576;-0,04;
;;;0,00001578;-0,04;
;;;0,0000158;0;
;;;0,00001582;-0,04;
;;;0,00001584;-0,04;
;;;0,00001586;-0,08;
;;;0,00001588;-0,08;
;;;0,0000159;-0,08;
;;;0,00001592;-0,04;
;;;0,00001594;-0,04;
;;;0,00001596;-0,08;
;;;0,00001598;-0,04;
;;;0,000016;-0,04;
;;;0,00001602;-0,04;
;;;0,00001604;-0,04;
;;;0,00001606;-0,08;
;;;0,00001608;-0,04;
;;;0,0000161;-0,04;
;;;0,00001612;-0,08;
;;;0,00001614;-0,04;
;;;0,00001616;-0,08;
;;;0,00001618;-0,04;
;;;0,0000162;-0,04;
;;;0,00001622;-0,08;
;;;0,00001624;0;
;;;0,00001626;-0,04;
;;;0,00001628;-0,08;
;;;0,0000163;-0,04;
;;;0,00001632;-0,08;
;;;0,00001634;-0,04;
;;;0,00001636;-0,08;
;;;0,00001638;-0,04;
;;;0,0000164;-0,12;
;;;0,00001642;-0,04;
;;;0,00001644;-0,04;
;;;0,00001646;-0,04;
;;;0,00001648;-0,04;
;;;0,0000165;-0,04;
;;;0,00001652;0;
;;;0,00001654;-0,04;
;;;0,00001656;-0,04;
;;;0,00001658;-0,08;
;;;0,0000166;-0,04;
;;;0,00001662;-0,08;
;;;0,00001664;-0,04;
;;;0,00001666;-0,08;
;;;0,00001668;-0,08;
;;;0,0000167;-0,12;
;;;0,00001672;-0,04;
;;;0,00001674;-0,04;
;;;0,00001676;-0,08;
;;;0,00001678;-0,04;
;;;0,0000168;-0,08;
;;;0,00001682;-0,08;
;;;0,00001684;-0,08;
;;;0,00001686;-0,08;
;;;0,00001688;0;
;;;0,0000169;-0,04;
;;;0,00001692;-0,04;
;;;0,00001694;-0,08;
;;;0,00001696;-0,08;
;;;0,00001698;-0,04;
;;;0,000017;-0,08;
;;;0,00001702;-0,08;
;;;0,00001704;-0,04;
;;;0,00001706;-0,04;
;;;0,00001708;-0,04;
;;;0,0000171;-0,08;
;;;0,00001712;-0,08;
;;;0,00001714;-0,08;
;;;0,00001716;-0,08;
;;;0,00001718;-0,04;
;;;0,0000172;-0,08;
;;;0,00001722;-0,08;
;;;0,00001724;-0,08;
;;;0,00001726;-0,04;
;;;0,00001728;-0,08;
;;;0,0000173;-0,04;
;;;0,00001732;-0,04;
;;;0,00001734;-0,08;
;;;0,00001736;-0,08;
;;;0,00001738;0;
;;;0,0000174;-0,08;
;;;0,00001742;-0,08;
;;;0,00001744;-0,08;
;;;0,00001746;-0,04;
;;;0,00001748;-0,04;
;;;0,0000175;-0,12;
;;;0,00001752;-0,08;
;;;0,00001754;-0,04;
;;;0,00001756;-0,04;
;;;0,00001758;-0,08;
;;;0,0000176;-0,04;
;;;0,00001762;-0,08;
;;;0,00001764;-0,08;
;;;0,00001766;-0,04;
;;;0,00001768;-0,04;
;;;0,0000177;-0,04;
;;;0,00001772;-0,04;
;;;0,00001774;-0,04;
;;;0,00001776;-0,08;
;;;0,00001778;-0,08;
;;;0,0000178;-0,08;
;;;0,00001782;-0,04;
;;;0,00001784;-0,12;
;;;0,00001786;-0,04;
;;;0,00001788;-0,08;
;;;0,0000179;-0,08;
;;;0,00001792;-0,04;
;;;0,00001794;-0,08;
;;;0,00001796;-0,08;
;;;0,00001798;0;
;;;0,000018;-0,08;
;;;0,00001802;0;
;;;0,00001804;-0,04;
;;;0,00001806;-0,04;
;;;0,00001808;-0,04;
;;;0,0000181;-0,04;
;;;0,00001812;-0,08;
;;;0,00001814;-0,04;
;;;0,00001816;-0,08;
;;;0,00001818;-0,04;
;;;0,0000182;-0,04;
;;;0,00001822;-0,04;
;;;0,00001824;-0,04;
;;;0,00001826;-0,08;
;;;0,00001828;-0,04;
;;;0,0000183;-0,08;
;;;0,00001832;-0,08;
;;;0,00001834;-0,08;
;;;0,00001836;-0,08;
;;;0,00001838;-0,04;
;;;0,0000184;-0,04;
;;;0,00001842;-0,04;
;;;0,00001844;-0,08;
;;;0,00001846;-0,08;
;;;0,00001848;-0,08;
;;;0,0000185;-0,04;
;;;0,00001852;-0,04;
;;;0,00001854;-0,04;
;;;0,00001856;-0,08;
;;;0,00001858;-0,08;
;;;0,0000186;0;
;;;0,00001862;-0,08;
;;;0,00001864;-0,08;
;;;0,00001866;-0,04;
;;;0,00001868;-0,08;
;;;0,0000187;-0,04;
;;;0,00001872;-0,08;
;;;0,00001874;-0,12;
;;;0,00001876;-0,08;
;;;0,00001878;-0,04;
;;;0,0000188;-0,04;
;;;0,00001882;-0,04;
;;;0,00001884;-0,04;
;;;0,00001886;-0,08;
;;;0,00001888;-0,04;
;;;0,0000189;-0,08;
;;;0,00001892;-0,08;
;;;0,00001894;-0,04;
;;;0,00001896;-0,12;
;;;0,00001898;-0,08;
;;;0,000019;-0,04;
;;;0,00001902;-0,04;
;;;0,00001904;-0,08;
;;;0,00001906;-0,04;
;;;0,00001908;-0,08;
;;;0,0000191;-0,08;
;;;0,00001912;-0,08;
;;;0,00001914;-0,04;
;;;0,00001916;-0,08;
;;;0,00001918;-0,08;
;;;0,0000192;-0,08;
;;;0,00001922;0;
;;;0,00001924;-0,04;
;;;0,00001926;-0,08;
;;;0,00001928;-0,08;
;;;0,0000193;-0,04;
;;;0,00001932;-0,08;
;;;0,00001934;-0,08;
;;;0,00001936;-0,04;
;;;0,00001938;-0,08;
;;;0,0000194;-0,04;
;;;0,00001942;-0,08;
;;;0,00001944;-0,04;
;;;0,00001946;-0,08;
;;;0,00001948;-0,08;
;;;0,0000195;-0,12;
;;;0,00001952;-0,08;
;;;0,00001954;-0,04;
;;;0,00001956;-0,04;
;;;0,00001958;-0,04;
;;;0,0000196;-0,04;
;;;0,00001962;-0,08;
;;;0,00001964;0;
;;;0,00001966;-0,08;
;;;0,00001968;-0,08;
;;;0,0000197;-0,04;
;;;0,00001972;-0,08;
;;;0,00001974;-0,04;
;;;0,00001976;-0,04;
;;;0,00001978;-0,08;
;;;0,0000198;-0,08;
;;;0,00001982;-0,08;
;;;0,00001984;-0,04;
;;;0,00001986;-0,04;
;;;0,00001988;-0,04;
;;;0,0000199;-0,04;
;;;0,00001992;-0,04;
;;;0,00001994;-0,04;
;;;0,00001996;-0,04;
;;;0,00001998;-0,08;
;;;0,00002;-0,12;
;;;0,00002002;-0,08;
;;;0,00002004;-0,08;
;;;0,00002006;-0,04;
;;;0,00002008;-0,04;
;;;0,0000201;-0,08;
;;;0,00002012;-0,04;
;;;0,00002014;-0,08;
;;;0,00002016;-0,12;
;;;0,00002018;-0,08;
;;;0,0000202;-0,04;
;;;0,00002022;-0,08;
;;;0,00002024;-0,08;
;;;0,00002026;-0,04;
;;;0,00002028;-0,12;
;;;0,0000203;-0,08;
;;;0,00002032;-0,08;
;;;0,00002034;-0,08;
;;;0,00002036;-0,08;
;;;0,00002038;-0,08;
;;;0,0000204;-0,04;
;;;0,00002042;-0,04;
;;;0,00002044;-0,08;
;;;0,00002046;-0,04;
;;;0,00002048;-0,08;
;;;0,0000205;-0,08;
;;;0,00002052;-0,08;
;;;0,00002054;-0,08;
;;;0,00002056;-0,04;
;;;0,00002058;-0,04;
