;;;t;Vin;Vout
Record Length;2,50E+03;;-0,000202;0,5984;0,0879
Sample Interval;2,00E-07;;-0,0002018;0,5984;0,08397
Trigger Point;1,01E+03;;-0,0002016;0,5984;0,08659
;;;-0,0002014;0,6256;0,08659
;;;-0,0002012;0,544;0,08528
;;;-0,000201;0,6256;0,08397
Source;CH1;;-0,0002008;0,5984;0,08266
Vertical Units;V;;-0,0002006;0,6256;0,08266
Vertical Scale;6,80E-01;;-0,0002004;0,5712;0,08659
Vertical Offset;-2,07E+00;;-0,0002002;0,5984;0,08397
Horizontal Units;s;;-0,0002;0,5984;0,08528
Horizontal Scale;5,00E-05;;-0,0001998;0,6256;0,08659
Pt Fmt;Y;;-0,0001996;0,5984;0,08397
Yzero;0,00E+00;;-0,0001994;0,5984;0,08397
Probe Atten;1,00E+00;;-0,0001992;0,5984;0,08397
Model Number;TBS1072B-EDU;;-0,000199;0,5984;0,08528
Serial Number;C015526;;-0,0001988;0,6256;0,08659
Firmware Version;FV:v4,06;;-0,0001986;0,5712;0,08659
;;;-0,0001984;0,6256;0,08397
;;;-0,0001982;0,6528;0,08528
;;;-0,000198;0,6256;0,08266
;;;-0,0001978;0,5712;0,08528
;;;-0,0001976;0,6256;0,08134
;;;-0,0001974;0,6256;0,08397
;;;-0,0001972;0,5712;0,08659
;;;-0,000197;0,6256;0,08397
;;;-0,0001968;0,6256;0,08397
;;;-0,0001966;0,6528;0,08528
;;;-0,0001964;0,6256;0,08659
;;;-0,0001962;0,5984;0,08397
;;;-0,000196;0,68;0,08528
;;;-0,0001958;0,6528;0,08528
;;;-0,0001956;0,6256;0,08528
;;;-0,0001954;0,6528;0,08528
;;;-0,0001952;0,6256;0,08397
;;;-0,000195;0,6528;0,08397
;;;-0,0001948;0,7072;0,08397
;;;-0,0001946;0,6256;0,08397
;;;-0,0001944;0,6528;0,08528
;;;-0,0001942;0,6528;0,08397
;;;-0,000194;0,68;0,08397
;;;-0,0001938;0,7072;0,08397
;;;-0,0001936;0,6528;0,08397
;;;-0,0001934;0,6528;0,08397
;;;-0,0001932;0,6528;0,08397
;;;-0,000193;0,6256;0,08659
;;;-0,0001928;0,68;0,08397
;;;-0,0001926;0,6256;0,0879
;;;-0,0001924;0,68;0,08397
;;;-0,0001922;0,7072;0,08397
;;;-0,000192;0,7072;0,08528
;;;-0,0001918;0,7344;0,08528
;;;-0,0001916;0,7344;0,08528
;;;-0,0001914;0,6528;0,08528
;;;-0,0001912;0,68;0,08659
;;;-0,000191;0,6528;0,08528
;;;-0,0001908;0,7072;0,08397
;;;-0,0001906;0,7072;0,08528
;;;-0,0001904;0,68;0,08528
;;;-0,0001902;0,68;0,08397
;;;-0,00019;0,6528;0,08659
;;;-0,0001898;0,7072;0,08659
;;;-0,0001896;0,68;0,08659
;;;-0,0001894;0,68;0,08659
;;;-0,0001892;0,7072;0,08397
;;;-0,000189;0,7072;0,08397
;;;-0,0001888;0,7072;0,08659
;;;-0,0001886;0,7072;0,08266
;;;-0,0001884;0,6528;0,08659
;;;-0,0001882;0,7344;0,08528
;;;-0,000188;0,7072;0,08528
;;;-0,0001878;0,7344;0,08528
;;;-0,0001876;0,68;0,0879
;;;-0,0001874;0,7072;0,08397
;;;-0,0001872;0,7344;0,08528
;;;-0,000187;0,7072;0,08528
;;;-0,0001868;0,7072;0,08528
;;;-0,0001866;0,7616;0,08528
;;;-0,0001864;0,7072;0,08528
;;;-0,0001862;0,7344;0,08397
;;;-0,000186;0,7072;0,08266
;;;-0,0001858;0,7072;0,08397
;;;-0,0001856;0,7344;0,08397
;;;-0,0001854;0,7072;0,08266
;;;-0,0001852;0,7616;0,08266
;;;-0,000185;0,7616;0,08266
;;;-0,0001848;0,7072;0,08659
;;;-0,0001846;0,7072;0,08528
;;;-0,0001844;0,7072;0,08659
;;;-0,0001842;0,7072;0,08266
;;;-0,000184;0,7072;0,08528
;;;-0,0001838;0,7888;0,08397
;;;-0,0001836;0,7344;0,08528
;;;-0,0001834;0,7344;0,08397
;;;-0,0001832;0,7344;0,08266
;;;-0,000183;0,7616;0,08397
;;;-0,0001828;0,7344;0,08266
;;;-0,0001826;0,7344;0,08397
;;;-0,0001824;0,7616;0,08659
;;;-0,0001822;0,7616;0,08528
;;;-0,000182;0,7616;0,08528
;;;-0,0001818;0,7888;0,08397
;;;-0,0001816;0,7888;0,08659
;;;-0,0001814;0,7616;0,08528
;;;-0,0001812;0,7888;0,08528
;;;-0,000181;0,7616;0,08397
;;;-0,0001808;0,7888;0,08528
;;;-0,0001806;0,7616;0,08397
;;;-0,0001804;0,7344;0,08134
;;;-0,0001802;0,7616;0,08266
;;;-0,00018;0,7888;0,08397
;;;-0,0001798;0,7344;0,08266
;;;-0,0001796;0,7072;0,08397
;;;-0,0001794;0,7616;0,08397
;;;-0,0001792;0,816;0,08528
;;;-0,000179;0,7888;0,08134
;;;-0,0001788;0,7888;0,08266
;;;-0,0001786;0,7616;0,08266
;;;-0,0001784;0,816;0,08528
;;;-0,0001782;0,7888;0,08266
;;;-0,000178;0,7616;0,08528
;;;-0,0001778;0,7888;0,08266
;;;-0,0001776;0,7888;0,08397
;;;-0,0001774;0,7616;0,08397
;;;-0,0001772;0,7344;0,08397
;;;-0,000177;0,816;0,08397
;;;-0,0001768;0,7888;0,08397
;;;-0,0001766;0,7616;0,08397
;;;-0,0001764;0,7888;0,08266
;;;-0,0001762;0,7888;0,08266
;;;-0,000176;0,8432;0,08266
;;;-0,0001758;0,7616;0,08266
;;;-0,0001756;0,816;0,08266
;;;-0,0001754;0,7888;0,08397
;;;-0,0001752;0,816;0,08266
;;;-0,000175;0,8432;0,08397
;;;-0,0001748;0,7616;0,08397
;;;-0,0001746;0,8432;0,08266
;;;-0,0001744;0,816;0,08134
;;;-0,0001742;0,7888;0,08266
;;;-0,000174;0,8432;0,08134
;;;-0,0001738;0,8432;0,08266
;;;-0,0001736;0,8432;0,08397
;;;-0,0001734;0,8432;0,08266
;;;-0,0001732;0,7888;0,08266
;;;-0,000173;0,8704;0,08003
;;;-0,0001728;0,8432;0,08266
;;;-0,0001726;0,8704;0,08134
;;;-0,0001724;0,8704;0,08397
;;;-0,0001722;0,8704;0,08266
;;;-0,000172;0,8432;0,08266
;;;-0,0001718;0,8704;0,08134
;;;-0,0001716;0,8432;0,08266
;;;-0,0001714;0,8704;0,08266
;;;-0,0001712;0,8432;0,08134
;;;-0,000171;0,8432;0,08003
;;;-0,0001708;0,8704;0,08266
;;;-0,0001706;0,8432;0,07872
;;;-0,0001704;0,816;0,08134
;;;-0,0001702;0,8704;0,08266
;;;-0,00017;0,8432;0,08134
;;;-0,0001698;0,8432;0,08266
;;;-0,0001696;0,8432;0,08003
;;;-0,0001694;0,8704;0,08134
;;;-0,0001692;0,8704;0,08266
;;;-0,000169;0,8432;0,07872
;;;-0,0001688;0,9248;0,08266
;;;-0,0001686;0,8432;0,08134
;;;-0,0001684;0,8976;0,08134
;;;-0,0001682;0,8432;0,08003
;;;-0,000168;0,8976;0,08134
;;;-0,0001678;0,8704;0,07872
;;;-0,0001676;0,8704;0,08003
;;;-0,0001674;0,8704;0,08397
;;;-0,0001672;0,8976;0,08003
;;;-0,000167;0,8704;0,08003
;;;-0,0001668;0,8704;0,07741
;;;-0,0001666;0,8976;0,08134
;;;-0,0001664;0,8976;0,08003
;;;-0,0001662;0,8704;0,07872
;;;-0,000166;0,8704;0,07872
;;;-0,0001658;0,8704;0,07872
;;;-0,0001656;0,816;0,07741
;;;-0,0001654;0,9248;0,07872
;;;-0,0001652;0,8704;0,07741
;;;-0,000165;0,9248;0,07872
;;;-0,0001648;0,8976;0,07872
;;;-0,0001646;0,8704;0,07741
;;;-0,0001644;0,9248;0,0761
;;;-0,0001642;0,8976;0,07872
;;;-0,000164;0,8704;0,07741
;;;-0,0001638;0,9248;0,0761
;;;-0,0001636;0,9248;0,0761
;;;-0,0001634;0,952;0,0761
;;;-0,0001632;0,8704;0,0761
;;;-0,000163;0,8704;0,0761
;;;-0,0001628;0,9248;0,07741
;;;-0,0001626;0,8976;0,0761
;;;-0,0001624;0,9248;0,0761
;;;-0,0001622;0,9248;0,0761
;;;-0,000162;0,952;0,07741
;;;-0,0001618;0,952;0,07478
;;;-0,0001616;0,8704;0,07741
;;;-0,0001614;0,952;0,07085
;;;-0,0001612;0,9248;0,0761
;;;-0,000161;0,9248;0,07478
;;;-0,0001608;0,8432;0,07347
;;;-0,0001606;0,952;0,0761
;;;-0,0001604;0,9248;0,07478
;;;-0,0001602;0,9248;0,07478
;;;-0,00016;0,8976;0,07478
;;;-0,0001598;0,9248;0,07347
;;;-0,0001596;0,9248;0,07347
;;;-0,0001594;0,952;0,07216
;;;-0,0001592;0,9248;0,07216
;;;-0,000159;0,9792;0,07478
;;;-0,0001588;0,952;0,07347
;;;-0,0001586;0,9792;0,07478
;;;-0,0001584;1,0064;0,07085
;;;-0,0001582;0,9248;0,07216
;;;-0,000158;0,9792;0,07347
;;;-0,0001578;0,9248;0,07085
;;;-0,0001576;0,9792;0,07347
;;;-0,0001574;0,952;0,07216
;;;-0,0001572;0,9792;0,07216
;;;-0,000157;0,952;0,07085
;;;-0,0001568;0,9792;0,06822
;;;-0,0001566;0,9248;0,06822
;;;-0,0001564;1,0064;0,06954
;;;-0,0001562;1,0064;0,06822
;;;-0,000156;0,9248;0,07085
;;;-0,0001558;0,9792;0,06954
;;;-0,0001556;0,9248;0,06691
;;;-0,0001554;0,952;0,06822
;;;-0,0001552;0,9792;0,06954
;;;-0,000155;0,9792;0,06954
;;;-0,0001548;0,9792;0,06954
;;;-0,0001546;0,952;0,06954
;;;-0,0001544;0,9792;0,06822
;;;-0,0001542;1,0064;0,06822
;;;-0,000154;1,0064;0,06822
;;;-0,0001538;0,9792;0,06691
;;;-0,0001536;1,0064;0,06954
;;;-0,0001534;0,9248;0,06954
;;;-0,0001532;1,0336;0,06691
;;;-0,000153;0,9792;0,06691
;;;-0,0001528;0,9792;0,06822
;;;-0,0001526;1,0064;0,06691
;;;-0,0001524;1,0064;0,0656
;;;-0,0001522;1,0064;0,06822
;;;-0,000152;1,0064;0,0656
;;;-0,0001518;1,0064;0,06691
;;;-0,0001516;1,0336;0,06691
;;;-0,0001514;1,0064;0,0656
;;;-0,0001512;1,0064;0,0656
;;;-0,000151;1,0064;0,0656
;;;-0,0001508;1,0064;0,06429
;;;-0,0001506;0,9792;0,06822
;;;-0,0001504;0,9792;0,06298
;;;-0,0001502;0,9792;0,0656
;;;-0,00015;1,0064;0,0656
;;;-0,0001498;1,0336;0,06691
;;;-0,0001496;1,0064;0,0656
;;;-0,0001494;1,0064;0,0656
;;;-0,0001492;1,0336;0,06298
;;;-0,000149;1,0336;0,06298
;;;-0,0001488;1,0336;0,06429
;;;-0,0001486;1,0608;0,06691
;;;-0,0001484;1,0336;0,06298
;;;-0,0001482;1,088;0,06166
;;;-0,000148;1,0336;0,06298
;;;-0,0001478;1,0336;0,06035
;;;-0,0001476;1,0336;0,06166
;;;-0,0001474;1,0336;0,06429
;;;-0,0001472;1,0608;0,06298
;;;-0,000147;1,0336;0,06298
;;;-0,0001468;1,0336;0,06166
;;;-0,0001466;1,088;0,06429
;;;-0,0001464;1,0064;0,06298
;;;-0,0001462;1,0608;0,06166
;;;-0,000146;1,0608;0,06035
;;;-0,0001458;0,9792;0,06298
;;;-0,0001456;1,0336;0,06035
;;;-0,0001454;1,088;0,06166
;;;-0,0001452;1,0336;0,06035
;;;-0,000145;1,088;0,06166
;;;-0,0001448;1,088;0,06166
;;;-0,0001446;1,0608;0,06166
;;;-0,0001444;1,0064;0,06035
;;;-0,0001442;1,088;0,06166
;;;-0,000144;1,088;0,06035
;;;-0,0001438;1,088;0,05904
;;;-0,0001436;1,088;0,06035
;;;-0,0001434;1,0608;0,05904
;;;-0,0001432;1,088;0,05904
;;;-0,000143;1,088;0,06035
;;;-0,0001428;1,0336;0,05904
;;;-0,0001426;1,0608;0,06035
;;;-0,0001424;1,088;0,06035
;;;-0,0001422;1,1152;0,05773
;;;-0,000142;1,1152;0,05904
;;;-0,0001418;1,0064;0,05904
;;;-0,0001416;1,088;0,05773
;;;-0,0001414;1,1152;0,05773
;;;-0,0001412;1,1152;0,05773
;;;-0,000141;1,0608;0,05904
;;;-0,0001408;1,1152;0,05904
;;;-0,0001406;1,088;0,05642
;;;-0,0001404;1,088;0,05773
;;;-0,0001402;1,0608;0,05642
;;;-0,00014;1,0608;0,05642
;;;-0,0001398;1,088;0,05773
;;;-0,0001396;1,088;0,05773
;;;-0,0001394;1,088;0,05773
;;;-0,0001392;1,1152;0,05904
;;;-0,000139;1,088;0,05642
;;;-0,0001388;1,1152;0,05904
;;;-0,0001386;1,1152;0,05642
;;;-0,0001384;1,0336;0,0551
;;;-0,0001382;1,1152;0,05642
;;;-0,000138;1,1152;0,05773
;;;-0,0001378;1,088;0,05904
;;;-0,0001376;1,088;0,0551
;;;-0,0001374;1,1424;0,05642
;;;-0,0001372;1,1152;0,05773
;;;-0,000137;1,1152;0,0551
;;;-0,0001368;1,088;0,0551
;;;-0,0001366;1,1696;0,05642
;;;-0,0001364;1,1424;0,05248
;;;-0,0001362;1,088;0,0551
;;;-0,000136;1,1152;0,0551
;;;-0,0001358;1,1424;0,0551
;;;-0,0001356;1,1424;0,05379
;;;-0,0001354;1,1424;0,05379
;;;-0,0001352;1,088;0,05642
;;;-0,000135;1,1424;0,0551
;;;-0,0001348;1,1696;0,05642
;;;-0,0001346;1,1152;0,05379
;;;-0,0001344;1,1152;0,0551
;;;-0,0001342;1,1152;0,05642
;;;-0,000134;1,1424;0,05379
;;;-0,0001338;1,1696;0,05642
;;;-0,0001336;1,0608;0,05379
;;;-0,0001334;1,1424;0,05379
;;;-0,0001332;1,1424;0,05248
;;;-0,000133;1,1696;0,05379
;;;-0,0001328;1,1696;0,05379
;;;-0,0001326;1,1424;0,0551
;;;-0,0001324;1,1424;0,05379
;;;-0,0001322;1,1696;0,05379
;;;-0,000132;1,1424;0,05248
;;;-0,0001318;1,1968;0,0551
;;;-0,0001316;1,1424;0,05379
;;;-0,0001314;1,1696;0,0551
;;;-0,0001312;1,1424;0,0551
;;;-0,000131;1,1696;0,05117
;;;-0,0001308;1,1424;0,05248
;;;-0,0001306;1,1968;0,05379
;;;-0,0001304;1,1968;0,05379
;;;-0,0001302;1,1968;0,0551
;;;-0,00013;1,1696;0,05379
;;;-0,0001298;1,1968;0,05379
;;;-0,0001296;1,1968;0,05379
;;;-0,0001294;1,1968;0,05248
;;;-0,0001292;1,1696;0,05248
;;;-0,000129;1,1696;0,05117
;;;-0,0001288;1,1696;0,05248
;;;-0,0001286;1,1968;0,05248
;;;-0,0001284;1,1696;0,04986
;;;-0,0001282;1,1696;0,05117
;;;-0,000128;1,1968;0,05117
;;;-0,0001278;1,1968;0,05248
;;;-0,0001276;1,1696;0,05248
;;;-0,0001274;1,1968;0,04986
;;;-0,0001272;1,1696;0,04986
;;;-0,000127;1,1696;0,05117
;;;-0,0001268;1,224;0,04854
;;;-0,0001266;1,2512;0,05248
;;;-0,0001264;1,224;0,04986
;;;-0,0001262;1,2784;0,05248
;;;-0,000126;1,1968;0,04986
;;;-0,0001258;1,1968;0,04854
;;;-0,0001256;1,1968;0,05117
;;;-0,0001254;1,2512;0,04986
;;;-0,0001252;1,224;0,05117
;;;-0,000125;1,224;0,04854
;;;-0,0001248;1,2512;0,04854
;;;-0,0001246;1,224;0,04854
;;;-0,0001244;1,224;0,04986
;;;-0,0001242;1,2784;0,04854
;;;-0,000124;1,2512;0,05117
;;;-0,0001238;1,2784;0,04986
;;;-0,0001236;1,1968;0,04986
;;;-0,0001234;1,2512;0,04986
;;;-0,0001232;1,2784;0,04854
;;;-0,000123;1,2512;0,05117
;;;-0,0001228;1,224;0,04854
;;;-0,0001226;1,1968;0,04854
;;;-0,0001224;1,2512;0,04986
;;;-0,0001222;1,2784;0,04986
;;;-0,000122;1,1968;0,04854
;;;-0,0001218;1,2512;0,04723
;;;-0,0001216;1,224;0,04854
;;;-0,0001214;1,2784;0,04854
;;;-0,0001212;1,2512;0,04723
;;;-0,000121;1,2512;0,04854
;;;-0,0001208;1,224;0,04461
;;;-0,0001206;1,3056;0,04592
;;;-0,0001204;1,224;0,04723
;;;-0,0001202;1,224;0,04854
;;;-0,00012;1,2512;0,04723
;;;-0,0001198;1,2784;0,04854
;;;-0,0001196;1,2784;0,04723
;;;-0,0001194;1,2784;0,04723
;;;-0,0001192;1,2784;0,04854
;;;-0,000119;1,3056;0,04986
;;;-0,0001188;1,3328;0,04723
;;;-0,0001186;1,2512;0,04723
;;;-0,0001184;1,2512;0,04592
;;;-0,0001182;1,224;0,04592
;;;-0,000118;1,2784;0,04461
;;;-0,0001178;1,2784;0,04986
;;;-0,0001176;1,3328;0,04592
;;;-0,0001174;1,2512;0,04592
;;;-0,0001172;1,224;0,04854
;;;-0,000117;1,2512;0,04854
;;;-0,0001168;1,2784;0,04592
;;;-0,0001166;1,3056;0,04592
;;;-0,0001164;1,2512;0,04592
;;;-0,0001162;1,2784;0,04592
;;;-0,000116;1,2784;0,0433
;;;-0,0001158;1,3056;0,04461
;;;-0,0001156;1,3056;0,04854
;;;-0,0001154;1,2784;0,0433
;;;-0,0001152;1,2784;0,04461
;;;-0,000115;1,3056;0,04461
;;;-0,0001148;1,3056;0,04461
;;;-0,0001146;1,3056;0,0433
;;;-0,0001144;1,3056;0,04592
;;;-0,0001142;1,3328;0,04592
;;;-0,000114;1,36;0,04461
;;;-0,0001138;1,2784;0,0433
;;;-0,0001136;1,3056;0,0433
;;;-0,0001134;1,3056;0,0433
;;;-0,0001132;1,36;0,04461
;;;-0,000113;1,3056;0,0433
;;;-0,0001128;1,36;0,04461
;;;-0,0001126;1,3872;0,04461
;;;-0,0001124;1,36;0,04592
;;;-0,0001122;1,3328;0,0433
;;;-0,000112;1,3328;0,04461
;;;-0,0001118;1,3328;0,04461
;;;-0,0001116;1,36;0,04067
;;;-0,0001114;1,36;0,04461
;;;-0,0001112;1,3328;0,04461
;;;-0,000111;1,3056;0,04198
;;;-0,0001108;1,3056;0,0433
;;;-0,0001106;1,36;0,0433
;;;-0,0001104;1,3328;0,04198
;;;-0,0001102;1,36;0,0433
;;;-0,00011;1,36;0,04198
;;;-0,0001098;1,36;0,0433
;;;-0,0001096;1,3872;0,04198
;;;-0,0001094;1,3872;0,04198
;;;-0,0001092;1,3328;0,0433
;;;-0,000109;1,3872;0,04592
;;;-0,0001088;1,36;0,0433
;;;-0,0001086;1,3872;0,04198
;;;-0,0001084;1,3872;0,0433
;;;-0,0001082;1,36;0,0433
;;;-0,000108;1,3872;0,04198
;;;-0,0001078;1,3328;0,0433
;;;-0,0001076;1,36;0,0433
;;;-0,0001074;1,36;0,04198
;;;-0,0001072;1,36;0,0433
;;;-0,000107;1,36;0,04067
;;;-0,0001068;1,3872;0,0433
;;;-0,0001066;1,36;0,0433
;;;-0,0001064;1,3872;0,04198
;;;-0,0001062;1,3328;0,04067
;;;-0,000106;1,36;0,03936
;;;-0,0001058;1,3872;0,04067
;;;-0,0001056;1,3872;0,03936
;;;-0,0001054;1,3872;0,0433
;;;-0,0001052;1,4144;0,04067
;;;-0,000105;1,4416;0,03936
;;;-0,0001048;1,36;0,03805
;;;-0,0001046;1,4144;0,04198
;;;-0,0001044;1,3872;0,03936
;;;-0,0001042;1,3872;0,04067
;;;-0,000104;1,4416;0,04067
;;;-0,0001038;1,3872;0,04067
;;;-0,0001036;1,4144;0,03936
;;;-0,0001034;1,4144;0,03936
;;;-0,0001032;1,36;0,03805
;;;-0,000103;1,4416;0,03936
;;;-0,0001028;1,3872;0,03805
;;;-0,0001026;1,4416;0,03936
;;;-0,0001024;1,4416;0,04067
;;;-0,0001022;1,36;0,03936
;;;-0,000102;1,4416;0,03805
;;;-0,0001018;1,4144;0,03674
;;;-0,0001016;1,3872;0,03805
;;;-0,0001014;1,4144;0,03936
;;;-0,0001012;1,4144;0,04067
;;;-0,000101;1,4416;0,03936
;;;-0,0001008;1,3872;0,03674
;;;-0,0001006;1,3872;0,03805
;;;-0,0001004;1,36;0,03936
;;;-0,0001002;1,3872;0,03805
;;;-0,0001;1,4144;0,03936
;;;-0,0000998;1,4416;0,03936
;;;-0,0000996;1,4144;0,03674
;;;-0,0000994;1,4688;0,03805
;;;-0,0000992;1,496;0,03936
;;;-0,000099;1,4688;0,03805
;;;-0,0000988;1,3872;0,03805
;;;-0,0000986;1,4416;0,03805
;;;-0,0000984;1,4144;0,03805
;;;-0,0000982;1,4144;0,03805
;;;-0,000098;1,4416;0,03674
;;;-0,0000978;1,4416;0,03542
;;;-0,0000976;1,4688;0,03805
;;;-0,0000974;1,4144;0,03674
;;;-0,0000972;1,4416;0,03805
;;;-0,000097;1,496;0,03936
;;;-0,0000968;1,4688;0,03805
;;;-0,0000966;1,4416;0,03674
;;;-0,0000964;1,4416;0,03805
;;;-0,0000962;1,4416;0,03674
;;;-0,000096;1,4144;0,03674
;;;-0,0000958;1,4688;0,03542
;;;-0,0000956;1,4416;0,03542
;;;-0,0000954;1,496;0,03674
;;;-0,0000952;1,4688;0,03674
;;;-0,000095;1,4416;0,03542
;;;-0,0000948;1,496;0,03411
;;;-0,0000946;1,4688;0,03674
;;;-0,0000944;1,496;0,03542
;;;-0,0000942;1,496;0,03674
;;;-0,000094;1,4416;0,03542
;;;-0,0000938;1,4416;0,03411
;;;-0,0000936;1,4688;0,03411
;;;-0,0000934;1,496;0,03805
;;;-0,0000932;1,496;0,03542
;;;-0,000093;1,496;0,03542
;;;-0,0000928;1,4688;0,03411
;;;-0,0000926;1,496;0,03674
;;;-0,0000924;1,4688;0,03411
;;;-0,0000922;1,496;0,03674
;;;-0,000092;1,496;0,03411
;;;-0,0000918;1,496;0,03411
;;;-0,0000916;1,496;0,03411
;;;-0,0000914;1,496;0,03411
;;;-0,0000912;1,4416;0,03542
;;;-0,000091;1,496;0,03411
;;;-0,0000908;1,496;0,03542
;;;-0,0000906;1,496;0,03411
;;;-0,0000904;1,5504;0,03411
;;;-0,0000902;1,496;0,03542
;;;-0,00009;1,5232;0,03411
;;;-0,0000898;1,5232;0,03411
;;;-0,0000896;1,5232;0,03411
;;;-0,0000894;1,496;0,03411
;;;-0,0000892;1,496;0,03411
;;;-0,000089;1,5232;0,03411
;;;-0,0000888;1,5232;0,0328
;;;-0,0000886;1,5504;0,0328
;;;-0,0000884;1,5232;0,0328
;;;-0,0000882;1,5504;0,03149
;;;-0,000088;1,5232;0,03411
;;;-0,0000878;1,5776;0,0328
;;;-0,0000876;1,5232;0,03411
;;;-0,0000874;1,5504;0,0328
;;;-0,0000872;1,496;0,03149
;;;-0,000087;1,5232;0,03149
;;;-0,0000868;1,5232;0,03149
;;;-0,0000866;1,5504;0,03149
;;;-0,0000864;1,5232;0,03149
;;;-0,0000862;1,5504;0,0328
;;;-0,000086;1,5232;0,03149
;;;-0,0000858;1,5504;0,03149
;;;-0,0000856;1,5504;0,03018
;;;-0,0000854;1,5504;0,0328
;;;-0,0000852;1,5776;0,03149
;;;-0,000085;1,496;0,03411
;;;-0,0000848;1,5504;0,03149
;;;-0,0000846;1,5504;0,03018
;;;-0,0000844;1,5776;0,03411
;;;-0,0000842;1,5504;0,03149
;;;-0,000084;1,5232;0,03149
;;;-0,0000838;1,5776;0,03018
;;;-0,0000836;1,5232;0,03149
;;;-0,0000834;1,496;0,03018
;;;-0,0000832;1,5776;0,03018
;;;-0,000083;1,5776;0,03149
;;;-0,0000828;1,5776;0,03018
;;;-0,0000826;1,6048;0,02886
;;;-0,0000824;1,5504;0,03149
;;;-0,0000822;1,5504;0,03018
;;;-0,000082;1,5776;0,02886
;;;-0,0000818;1,6048;0,03018
;;;-0,0000816;1,5232;0,03149
;;;-0,0000814;1,5776;0,03018
;;;-0,0000812;1,5504;0,03018
;;;-0,000081;1,5776;0,03018
;;;-0,0000808;1,5232;0,02886
;;;-0,0000806;1,5232;0,02886
;;;-0,0000804;1,5232;0,02886
;;;-0,0000802;1,5776;0,03018
;;;-0,00008;1,5776;0,0328
;;;-0,0000798;1,5504;0,03018
;;;-0,0000796;1,632;0,02624
;;;-0,0000794;1,632;0,03149
;;;-0,0000792;1,6048;0,02886
;;;-0,000079;1,5776;0,02755
;;;-0,0000788;1,5504;0,02886
;;;-0,0000786;1,6048;0,03149
;;;-0,0000784;1,5504;0,03018
;;;-0,0000782;1,5776;0,02755
;;;-0,000078;1,632;0,02886
;;;-0,0000778;1,6048;0,03018
;;;-0,0000776;1,6048;0,02886
;;;-0,0000774;1,6048;0,02624
;;;-0,0000772;1,5776;0,02886
;;;-0,000077;1,6048;0,02493
;;;-0,0000768;1,6048;0,02493
;;;-0,0000766;1,6592;0,02755
;;;-0,0000764;1,6048;0,02624
;;;-0,0000762;1,632;0,02886
;;;-0,000076;1,6048;0,02886
;;;-0,0000758;1,6048;0,02624
;;;-0,0000756;1,6592;0,02755
;;;-0,0000754;1,632;0,02886
;;;-0,0000752;1,632;0,02624
;;;-0,000075;1,632;0,02755
;;;-0,0000748;1,632;0,02624
;;;-0,0000746;1,6592;0,02624
;;;-0,0000744;1,6592;0,02624
;;;-0,0000742;1,5776;0,02624
;;;-0,000074;1,6592;0,02493
;;;-0,0000738;1,6592;0,02624
;;;-0,0000736;1,6864;0,02624
;;;-0,0000734;1,6592;0,02624
;;;-0,0000732;1,632;0,02362
;;;-0,000073;1,6592;0,02493
;;;-0,0000728;1,6864;0,02493
;;;-0,0000726;1,6048;0,02362
;;;-0,0000724;1,6864;0,02493
;;;-0,0000722;1,6864;0,02624
;;;-0,000072;1,632;0,02624
;;;-0,0000718;1,6592;0,02362
;;;-0,0000716;1,6864;0,02493
;;;-0,0000714;1,6592;0,02362
;;;-0,0000712;1,6864;0,02362
;;;-0,000071;1,6864;0,02493
;;;-0,0000708;1,632;0,02624
;;;-0,0000706;1,6592;0,02493
;;;-0,0000704;1,632;0,02362
;;;-0,0000702;1,6592;0,0223
;;;-0,00007;1,6864;0,02493
;;;-0,0000698;1,7136;0,02624
;;;-0,0000696;1,6592;0,02362
;;;-0,0000694;1,6864;0,02493
;;;-0,0000692;1,6592;0,0223
;;;-0,000069;1,6864;0,02493
;;;-0,0000688;1,632;0,02362
;;;-0,0000686;1,6864;0,02493
;;;-0,0000684;1,6864;0,02493
;;;-0,0000682;1,7136;0,0223
;;;-0,000068;1,7408;0,0223
;;;-0,0000678;1,6864;0,02362
;;;-0,0000676;1,7136;0,02099
;;;-0,0000674;1,6864;0,02362
;;;-0,0000672;1,7136;0,02493
;;;-0,000067;1,7136;0,0223
;;;-0,0000668;1,7408;0,02493
;;;-0,0000666;1,632;0,0223
;;;-0,0000664;1,6864;0,0223
;;;-0,0000662;1,7136;0,0223
;;;-0,000066;1,7136;0,0223
;;;-0,0000658;1,6864;0,0223
;;;-0,0000656;1,7408;0,02362
;;;-0,0000654;1,7408;0,0223
;;;-0,0000652;1,7136;0,02099
;;;-0,000065;1,7136;0,02362
;;;-0,0000648;1,7408;0,01968
;;;-0,0000646;1,7136;0,0223
;;;-0,0000644;1,7408;0,02493
;;;-0,0000642;1,7136;0,02362
;;;-0,000064;1,7408;0,02362
;;;-0,0000638;1,7136;0,02099
;;;-0,0000636;1,7136;0,0223
;;;-0,0000634;1,7408;0,0223
;;;-0,0000632;1,7136;0,0223
;;;-0,000063;1,768;0,02362
;;;-0,0000628;1,7408;0,02362
;;;-0,0000626;1,6864;0,01968
;;;-0,0000624;1,7408;0,01968
;;;-0,0000622;1,7408;0,02362
;;;-0,000062;1,7408;0,02362
;;;-0,0000618;1,6864;0,02099
;;;-0,0000616;1,7136;0,02099
;;;-0,0000614;1,7136;0,02099
;;;-0,0000612;1,7408;0,01968
;;;-0,000061;1,7136;0,02099
;;;-0,0000608;1,7136;0,0223
;;;-0,0000606;1,7408;0,02099
;;;-0,0000604;1,7408;0,02099
;;;-0,0000602;1,768;0,02099
;;;-0,00006;1,7136;0,02099
;;;-0,0000598;1,7952;0,01968
;;;-0,0000596;1,7952;0,01968
;;;-0,0000594;1,7952;0,01968
;;;-0,0000592;1,7136;0,01837
;;;-0,000059;1,768;0,01837
;;;-0,0000588;1,768;0,01968
;;;-0,0000586;1,7136;0,01837
;;;-0,0000584;1,7408;0,01837
;;;-0,0000582;1,7952;0,01706
;;;-0,000058;1,7952;0,01706
;;;-0,0000578;1,7952;0,01706
;;;-0,0000576;1,7408;0,01837
;;;-0,0000574;1,768;0,02099
;;;-0,0000572;1,7952;0,01706
;;;-0,000057;1,7408;0,01706
;;;-0,0000568;1,768;0,01837
;;;-0,0000566;1,768;0,01706
;;;-0,0000564;1,7408;0,01706
;;;-0,0000562;1,768;0,01837
;;;-0,000056;1,768;0,01968
;;;-0,0000558;1,8224;0,01968
;;;-0,0000556;1,768;0,01837
;;;-0,0000554;1,7952;0,01574
;;;-0,0000552;1,7952;0,01706
;;;-0,000055;1,8224;0,01837
;;;-0,0000548;1,7952;0,01574
;;;-0,0000546;1,8224;0,01837
;;;-0,0000544;1,7952;0,01706
;;;-0,0000542;1,7952;0,01706
;;;-0,000054;1,7952;0,01968
;;;-0,0000538;1,8496;0,01837
;;;-0,0000536;1,7952;0,01837
;;;-0,0000534;1,8224;0,01706
;;;-0,0000532;1,8224;0,01968
;;;-0,000053;1,8768;0,01574
;;;-0,0000528;1,768;0,01706
;;;-0,0000526;1,8224;0,01574
;;;-0,0000524;1,768;0,01574
;;;-0,0000522;1,8224;0,01443
;;;-0,000052;1,8496;0,01837
;;;-0,0000518;1,8496;0,01574
;;;-0,0000516;1,8224;0,01443
;;;-0,0000514;1,8224;0,01443
;;;-0,0000512;1,8224;0,01706
;;;-0,000051;1,8224;0,01574
;;;-0,0000508;1,8496;0,01312
;;;-0,0000506;1,8496;0,01443
;;;-0,0000504;1,8224;0,01574
;;;-0,0000502;1,8496;0,01706
;;;-0,00005;1,8224;0,01706
;;;-0,0000498;1,8224;0,01574
;;;-0,0000496;1,8224;0,01706
;;;-0,0000494;1,8768;0,01312
;;;-0,0000492;1,8496;0,01574
;;;-0,000049;1,8496;0,01574
;;;-0,0000488;1,8224;0,01574
;;;-0,0000486;1,8768;0,01574
;;;-0,0000484;1,8496;0,01312
;;;-0,0000482;1,8496;0,01443
;;;-0,000048;1,8496;0,01443
;;;-0,0000478;1,8768;0,01443
;;;-0,0000476;1,8768;0,01706
;;;-0,0000474;1,904;0,01181
;;;-0,0000472;1,8496;0,01312
;;;-0,000047;1,904;0,01443
;;;-0,0000468;1,8224;0,01181
;;;-0,0000466;1,8768;0,01312
;;;-0,0000464;1,8768;0,01574
;;;-0,0000462;1,8768;0,01312
;;;-0,000046;1,9312;0,01574
;;;-0,0000458;1,904;0,01574
;;;-0,0000456;1,904;0,01181
;;;-0,0000454;1,8496;0,01181
;;;-0,0000452;1,8768;0,01443
;;;-0,000045;1,904;0,01443
;;;-0,0000448;1,8768;0,01443
;;;-0,0000446;1,9312;0,01312
;;;-0,0000444;1,904;0,01181
;;;-0,0000442;1,8768;0,01443
;;;-0,000044;1,8496;0,01181
;;;-0,0000438;1,8768;0,01181
;;;-0,0000436;1,8768;0,01312
;;;-0,0000434;1,9312;0,01312
;;;-0,0000432;1,9312;0,0105
;;;-0,000043;1,9584;0,01181
;;;-0,0000428;1,8768;0,01181
;;;-0,0000426;1,904;0,0105
;;;-0,0000424;1,8768;0,0105
;;;-0,0000422;1,8768;0,01312
;;;-0,000042;1,8768;0,01312
;;;-0,0000418;1,8768;0,01312
;;;-0,0000416;1,8768;0,00918
;;;-0,0000414;1,904;0,01181
;;;-0,0000412;1,8768;0,01443
;;;-0,000041;1,904;0,0105
;;;-0,0000408;1,904;0,0105
;;;-0,0000406;1,904;0,01181
;;;-0,0000404;1,9312;0,0105
;;;-0,0000402;1,904;0,01312
;;;-0,00004;1,9584;0,01312
;;;-0,0000398;1,9312;0,01312
;;;-0,0000396;1,9584;0,01181
;;;-0,0000394;1,904;0,0105
;;;-0,0000392;1,9584;0,01312
;;;-0,000039;1,904;0,0105
;;;-0,0000388;1,904;0,01181
;;;-0,0000386;1,8768;0,01181
;;;-0,0000384;1,904;0,0105
;;;-0,0000382;1,9312;0,0105
;;;-0,000038;1,9312;0,00918
;;;-0,0000378;1,9312;0,00787
;;;-0,0000376;1,9584;0,01312
;;;-0,0000374;1,9584;0,0105
;;;-0,0000372;1,9312;0,01181
;;;-0,000037;1,9312;0,01181
;;;-0,0000368;1,9312;0,0105
;;;-0,0000366;1,9584;0,01181
;;;-0,0000364;1,9856;0,00918
;;;-0,0000362;1,9584;0,00918
;;;-0,000036;1,9856;0,0105
;;;-0,0000358;1,9856;0,0105
;;;-0,0000356;1,904;0,00918
;;;-0,0000354;1,9856;0,00656
;;;-0,0000352;1,9584;0,00918
;;;-0,000035;1,9584;0,00656
;;;-0,0000348;1,9584;0,0105
;;;-0,0000346;1,904;0,00787
;;;-0,0000344;1,9856;0,00787
;;;-0,0000342;1,9856;0,00656
;;;-0,000034;2,04;0,00787
;;;-0,0000338;1,9856;0,00918
;;;-0,0000336;1,9584;0,00787
;;;-0,0000334;2,0128;0,00787
;;;-0,0000332;1,9584;0,00787
;;;-0,000033;1,9856;0,00787
;;;-0,0000328;2,0128;0,0105
;;;-0,0000326;1,9856;0,00525
;;;-0,0000324;1,9856;0,00525
;;;-0,0000322;1,9856;0,00787
;;;-0,000032;1,9584;0,00656
;;;-0,0000318;1,9584;0,00394
;;;-0,0000316;1,9856;0,00787
;;;-0,0000314;1,9856;0,00656
;;;-0,0000312;1,9584;0,00656
;;;-0,000031;1,9856;0,00787
;;;-0,0000308;2,0128;0,00525
;;;-0,0000306;1,9856;0,00394
;;;-0,0000304;2,04;0,00656
;;;-0,0000302;2,04;0,00787
;;;-0,00003;1,9856;0,00787
;;;-0,0000298;2,0128;0,00787
;;;-0,0000296;2,0128;0,00525
;;;-0,0000294;2,0128;0,00656
;;;-0,0000292;1,9856;0,00525
;;;-0,000029;2,04;0,00525
;;;-0,0000288;2,0128;0,00525
;;;-0,0000286;2,0128;0,00525
;;;-0,0000284;2,04;0,00262
;;;-0,0000282;2,04;0,00394
;;;-0,000028;1,9856;0,00394
;;;-0,0000278;2,0128;0,00525
;;;-0,0000276;2,0128;0,00525
;;;-0,0000274;2,04;0,00787
;;;-0,0000272;2,04;0,00394
;;;-0,000027;1,9856;0,00131
;;;-0,0000268;2,0672;0,00394
;;;-0,0000266;1,9856;0,00262
;;;-0,0000264;2,0672;0,00394
;;;-0,0000262;2,0128;0,00394
;;;-0,000026;2,0128;0,00394
;;;-0,0000258;2,04;0,00394
;;;-0,0000256;1,9856;0,00394
;;;-0,0000254;2,04;0,00525
;;;-0,0000252;2,04;0,00262
;;;-0,000025;2,0672;0,00394
;;;-0,0000248;2,0672;0,00262
;;;-0,0000246;1,9856;0,00262
;;;-0,0000244;2,04;0,00394
;;;-0,0000242;2,0672;0,00262
;;;-0,000024;2,0128;0,00394
;;;-0,0000238;2,0672;0,00525
;;;-0,0000236;2,0944;0,00394
;;;-0,0000234;2,0672;0,00394
;;;-0,0000232;2,0672;0,00394
;;;-0,000023;2,04;0,00394
;;;-0,0000228;2,0672;0,00131
;;;-0,0000226;2,0672;0,00394
;;;-0,0000224;2,0944;0,00262
;;;-0,0000222;2,04;0,00394
;;;-0,000022;2,0128;0,00394
;;;-0,0000218;2,0672;0
;;;-0,0000216;2,0944;0,00525
;;;-0,0000214;2,04;0,00262
;;;-0,0000212;2,0672;0,00262
;;;-0,000021;2,0128;0,00262
;;;-0,0000208;2,04;0,00262
;;;-0,0000206;2,0944;0,00394
;;;-0,0000204;2,0944;0,00525
;;;-0,0000202;2,0944;0,00131
;;;-0,00002;2,1216;0,00131
;;;-0,0000198;2,0944;0,00394
;;;-0,0000196;2,04;0,00131
;;;-0,0000194;2,0672;0,00262
;;;-0,0000192;2,0944;0,00131
;;;-0,000019;2,0672;0,00394
;;;-0,0000188;2,04;0,00262
;;;-0,0000186;2,1216;0,00131
;;;-0,0000184;2,0944;0,00131
;;;-0,0000182;2,0672;0,00262
;;;-0,000018;2,0944;0
;;;-0,0000178;2,0944;0,00131
;;;-0,0000176;2,1216;0,00262
;;;-0,0000174;2,0672;0,00131
;;;-0,0000172;2,0944;0
;;;-0,000017;2,0944;0,00131
;;;-0,0000168;2,1216;0,00262
;;;-0,0000166;2,1216;0
;;;-0,0000164;2,0944;0,00131
;;;-0,0000162;2,1216;0
;;;-0,000016;2,0944;-0,00131
;;;-0,0000158;2,0944;-0,00131
;;;-0,0000156;2,1216;0
;;;-0,0000154;2,1216;0,00131
;;;-0,0000152;2,1216;-0,00131
;;;-0,000015;2,1216;-0,00131
;;;-0,0000148;2,0944;-0,00131
;;;-0,0000146;2,1488;-0,00262
;;;-0,0000144;2,1216;-0,00262
;;;-0,0000142;2,1488;0
;;;-0,000014;2,1488;-0,00131
;;;-0,0000138;2,176;0
;;;-0,0000136;2,1488;0
;;;-0,0000134;2,1216;0
;;;-0,0000132;2,1216;-0,00262
;;;-0,000013;2,176;-0,00131
;;;-0,0000128;2,1488;-0,00262
;;;-0,0000126;2,1488;-0,00394
;;;-0,0000124;2,1216;-0,00131
;;;-0,0000122;2,1216;-0,00262
;;;-0,000012;2,0944;-0,00262
;;;-0,0000118;2,176;-0,00394
;;;-0,0000116;2,1488;-0,00262
;;;-0,0000114;2,1216;-0,00394
;;;-0,0000112;2,1488;-0,00262
;;;-0,000011;2,176;-0,00394
;;;-0,0000108;2,176;-0,00262
;;;-0,0000106;2,176;-0,00525
;;;-0,0000104;2,176;-0,00131
;;;-0,0000102;2,176;-0,00262
;;;-0,00001;2,2032;-0,00131
;;;-0,0000098;2,176;-0,00262
;;;-0,0000096;2,2032;-0,00525
;;;-0,0000094;2,1488;-0,00262
;;;-0,0000092;2,2032;-0,00131
;;;-0,000009;2,176;-0,00394
;;;-0,0000088;2,2032;-0,00656
;;;-0,0000086;2,2032;-0,00394
;;;-0,0000084;2,2032;-0,00525
;;;-0,0000082;2,2304;-0,00656
;;;-0,000008;2,176;-0,00656
;;;-0,0000078;2,2032;-0,00525
;;;-0,0000076;2,2032;-0,00394
;;;-0,0000074;2,2032;-0,00394
;;;-0,0000072;2,176;-0,00394
;;;-0,000007;2,176;-0,00394
;;;-0,0000068;2,2032;-0,00394
;;;-0,0000066;2,176;-0,00525
;;;-0,0000064;2,2304;-0,00525
;;;-0,0000062;2,176;-0,00787
;;;-0,000006;2,2576;-0,00394
;;;-0,0000058;2,176;-0,00656
;;;-0,0000056;2,2032;-0,00394
;;;-0,0000054;2,176;-0,00525
;;;-0,0000052;2,2304;-0,00525
;;;-0,000005;2,2032;-0,00656
;;;-0,0000048;2,2576;-0,00394
;;;-0,0000046;2,2304;-0,00525
;;;-0,0000044;2,2032;-0,00656
;;;-0,0000042;2,2304;-0,00656
;;;-0,000004;2,2032;-0,00525
;;;-0,0000038;2,2032;-0,00525
;;;-0,0000036;2,2304;-0,00262
;;;-0,0000034;2,2576;-0,00262
;;;-0,0000032;2,176;-0,00525
;;;-0,000003;2,2304;-0,00656
;;;-0,0000028;2,2032;-0,00525
;;;-0,0000026;2,2576;-0,00656
;;;-0,0000024;2,2032;-0,00525
;;;-0,0000022;2,2304;-0,00656
;;;-0,000002;2,2576;-0,00656
;;;-0,0000018;2,2576;-0,00394
;;;-0,0000016;2,2032;-0,00656
;;;-0,0000014;2,2304;-0,00394
;;;-0,0000012;2,2304;-0,00787
;;;-0,000001;2,2576;-0,00394
;;;-0,0000008;2,2576;-0,00787
;;;-0,0000006;2,2032;-0,00787
;;;-0,0000004;2,2576;-0,00394
;;;-0,0000002;2,2576;-0,00656
;;;0;2,2848;-0,00525
;;;0,0000002;2,2032;-0,00656
;;;0,0000004;2,2576;-0,00787
;;;0,0000006;2,2576;-0,00525
;;;0,0000008;2,2576;-0,00525
;;;0,000001;2,2576;-0,00656
;;;0,0000012;2,2576;-0,00787
;;;0,0000014;2,2304;-0,00918
;;;0,0000016;2,2032;-0,00787
;;;0,0000018;2,2576;-0,00918
;;;0,000002;2,2848;-0,00787
;;;0,0000022;2,312;-0,00787
;;;0,0000024;2,2848;-0,00918
;;;0,0000026;2,312;-0,00918
;;;0,0000028;2,2576;-0,0105
;;;0,000003;2,2576;-0,00918
;;;0,0000032;2,2848;-0,00787
;;;0,0000034;2,2848;-0,00918
;;;0,0000036;2,312;-0,00918
;;;0,0000038;2,2848;-0,00918
;;;0,000004;2,2848;-0,00918
;;;0,0000042;2,312;-0,00918
;;;0,0000044;2,2848;-0,0105
;;;0,0000046;2,2576;-0,0105
;;;0,0000048;2,312;-0,00918
;;;0,000005;2,2576;-0,0105
;;;0,0000052;2,2848;-0,0105
;;;0,0000054;2,2848;-0,00918
;;;0,0000056;2,3392;-0,00787
;;;0,0000058;2,312;-0,00918
;;;0,000006;2,312;-0,00918
;;;0,0000062;2,312;-0,00787
;;;0,0000064;2,3392;-0,01181
;;;0,0000066;2,2848;-0,00918
;;;0,0000068;2,312;-0,0105
;;;0,000007;2,312;-0,01181
;;;0,0000072;2,3392;-0,01181
;;;0,0000074;2,3392;-0,0105
;;;0,0000076;2,3936;-0,01181
;;;0,0000078;2,312;-0,01181
;;;0,000008;2,3392;-0,01443
;;;0,0000082;2,312;-0,01312
;;;0,0000084;2,312;-0,0105
;;;0,0000086;2,312;-0,01181
;;;0,0000088;2,3936;-0,01312
;;;0,000009;2,3392;-0,01312
;;;0,0000092;2,312;-0,01312
;;;0,0000094;2,312;-0,01312
;;;0,0000096;2,312;-0,01312
;;;0,0000098;2,3664;-0,00918
;;;0,00001;2,3936;-0,01443
;;;0,0000102;2,3392;-0,01312
;;;0,0000104;2,312;-0,01181
;;;0,0000106;2,312;-0,01574
;;;0,0000108;2,312;-0,01443
;;;0,000011;2,3392;-0,01312
;;;0,0000112;2,3392;-0,01312
;;;0,0000114;2,3392;-0,0105
;;;0,0000116;2,312;-0,01181
;;;0,0000118;2,3664;-0,01312
;;;0,000012;2,3392;-0,01312
;;;0,0000122;2,3392;-0,01312
;;;0,0000124;2,3392;-0,01443
;;;0,0000126;2,312;-0,01181
;;;0,0000128;2,3392;-0,01312
;;;0,000013;2,3664;-0,0105
;;;0,0000132;2,3936;-0,01443
;;;0,0000134;2,3664;-0,01312
;;;0,0000136;2,3664;-0,01443
;;;0,0000138;2,3936;-0,01443
;;;0,000014;2,3664;-0,01312
;;;0,0000142;2,3664;-0,01181
;;;0,0000144;2,3664;-0,01574
;;;0,0000146;2,3936;-0,01312
;;;0,0000148;2,3664;-0,01312
;;;0,000015;2,3392;-0,0105
;;;0,0000152;2,3936;-0,0105
;;;0,0000154;2,3664;-0,01181
;;;0,0000156;2,3392;-0,01443
;;;0,0000158;2,3936;-0,01312
;;;0,000016;2,3936;-0,01181
;;;0,0000162;2,3936;-0,01312
;;;0,0000164;2,4208;-0,01312
;;;0,0000166;2,3936;-0,01443
;;;0,0000168;2,3936;-0,01574
;;;0,000017;2,3936;-0,01443
;;;0,0000172;2,3392;-0,01443
;;;0,0000174;2,3664;-0,01312
;;;0,0000176;2,3664;-0,01574
;;;0,0000178;2,3936;-0,01574
;;;0,000018;2,3664;-0,01443
;;;0,0000182;2,3664;-0,01443
;;;0,0000184;2,3664;-0,01443
;;;0,0000186;2,3936;-0,01312
;;;0,0000188;2,3936;-0,01574
;;;0,000019;2,4208;-0,01706
;;;0,0000192;2,4208;-0,01574
;;;0,0000194;2,4208;-0,01706
;;;0,0000196;2,448;-0,01574
;;;0,0000198;2,448;-0,01443
;;;0,00002;2,3936;-0,01706
;;;0,0000202;2,3936;-0,01443
;;;0,0000204;2,3936;-0,01574
;;;0,0000206;2,3936;-0,01706
;;;0,0000208;2,3936;-0,01706
;;;0,000021;2,448;-0,01837
;;;0,0000212;2,448;-0,01837
;;;0,0000214;2,4208;-0,01968
;;;0,0000216;2,3936;-0,01706
;;;0,0000218;2,448;-0,01574
;;;0,000022;2,4752;-0,01837
;;;0,0000222;2,448;-0,02099
;;;0,0000224;2,3936;-0,01968
;;;0,0000226;2,3664;-0,01968
;;;0,0000228;2,4208;-0,01837
;;;0,000023;2,448;-0,01706
;;;0,0000232;2,4208;-0,02099
;;;0,0000234;2,4208;-0,01968
;;;0,0000236;2,448;-0,01968
;;;0,0000238;2,4208;-0,01706
;;;0,000024;2,4752;-0,01837
;;;0,0000242;2,4752;-0,01837
;;;0,0000244;2,4752;-0,02099
;;;0,0000246;2,4752;-0,01968
;;;0,0000248;2,4208;-0,01837
;;;0,000025;2,4752;-0,01837
;;;0,0000252;2,4208;-0,01968
;;;0,0000254;2,4752;-0,02099
;;;0,0000256;2,448;-0,02099
;;;0,0000258;2,448;-0,01968
;;;0,000026;2,4752;-0,02099
;;;0,0000262;2,4752;-0,01968
;;;0,0000264;2,448;-0,0223
;;;0,0000266;2,4752;-0,01968
;;;0,0000268;2,448;-0,01968
;;;0,000027;2,4752;-0,0223
;;;0,0000272;2,5024;-0,01837
;;;0,0000274;2,4752;-0,01968
;;;0,0000276;2,3936;-0,01968
;;;0,0000278;2,4752;-0,02099
;;;0,000028;2,448;-0,01837
;;;0,0000282;2,4752;-0,01968
;;;0,0000284;2,448;-0,02099
;;;0,0000286;2,448;-0,02099
;;;0,0000288;2,448;-0,01968
;;;0,000029;2,5024;-0,02099
;;;0,0000292;2,5024;-0,0223
;;;0,0000294;2,4208;-0,02099
;;;0,0000296;2,5568;-0,01968
;;;0,0000298;2,4752;-0,02099
;;;0,00003;2,5296;-0,02099
;;;0,0000302;2,4752;-0,02099
;;;0,0000304;2,5296;-0,0223
;;;0,0000306;2,5296;-0,0223
;;;0,0000308;2,5296;-0,01968
;;;0,000031;2,4752;-0,02362
;;;0,0000312;2,5296;-0,02099
;;;0,0000314;2,5024;-0,02099
;;;0,0000316;2,5296;-0,02099
;;;0,0000318;2,4752;-0,02099
;;;0,000032;2,4752;-0,0223
;;;0,0000322;2,5296;-0,02362
;;;0,0000324;2,448;-0,02099
;;;0,0000326;2,4752;-0,01968
;;;0,0000328;2,4752;-0,02099
;;;0,000033;2,4752;-0,01968
;;;0,0000332;2,5568;-0,01968
;;;0,0000334;2,5296;-0,02362
;;;0,0000336;2,5568;-0,0223
;;;0,0000338;2,5024;-0,0223
;;;0,000034;2,5024;-0,02362
;;;0,0000342;2,5296;-0,02493
;;;0,0000344;2,5568;-0,0223
;;;0,0000346;2,5296;-0,0223
;;;0,0000348;2,4752;-0,01968
;;;0,000035;2,5568;-0,0223
;;;0,0000352;2,5296;-0,0223
;;;0,0000354;2,5568;-0,01968
;;;0,0000356;2,5296;-0,0223
;;;0,0000358;2,5296;-0,02362
;;;0,000036;2,5568;-0,02099
;;;0,0000362;2,584;-0,0223
;;;0,0000364;2,5296;-0,02362
;;;0,0000366;2,5568;-0,02362
;;;0,0000368;2,5568;-0,02362
;;;0,000037;2,5568;-0,02362
;;;0,0000372;2,5296;-0,02362
;;;0,0000374;2,584;-0,02362
;;;0,0000376;2,5568;-0,02624
;;;0,0000378;2,6112;-0,02362
;;;0,000038;2,5296;-0,02493
;;;0,0000382;2,5568;-0,02493
;;;0,0000384;2,5024;-0,02493
;;;0,0000386;2,584;-0,02493
;;;0,0000388;2,5568;-0,02362
;;;0,000039;2,584;-0,02362
;;;0,0000392;2,584;-0,02493
;;;0,0000394;2,6112;-0,02493
;;;0,0000396;2,584;-0,02493
;;;0,0000398;2,5568;-0,02624
;;;0,00004;2,584;-0,02493
;;;0,0000402;2,6112;-0,02362
;;;0,0000404;2,5568;-0,02624
;;;0,0000406;2,584;-0,02624
;;;0,0000408;2,584;-0,02624
;;;0,000041;2,584;-0,02624
;;;0,0000412;2,584;-0,02886
;;;0,0000414;2,5568;-0,02493
;;;0,0000416;2,6112;-0,02493
;;;0,0000418;2,6112;-0,02755
;;;0,000042;2,5568;-0,02624
;;;0,0000422;2,6112;-0,02755
;;;0,0000424;2,584;-0,02886
;;;0,0000426;2,6112;-0,02886
;;;0,0000428;2,584;-0,02755
;;;0,000043;2,584;-0,02755
;;;0,0000432;2,6112;-0,02755
;;;0,0000434;2,584;-0,02624
;;;0,0000436;2,6112;-0,02886
;;;0,0000438;2,6112;-0,02624
;;;0,000044;2,584;-0,02755
;;;0,0000442;2,6112;-0,02755
;;;0,0000444;2,6112;-0,02886
;;;0,0000446;2,584;-0,02886
;;;0,0000448;2,6112;-0,02624
;;;0,000045;2,584;-0,02886
;;;0,0000452;2,5568;-0,03149
;;;0,0000454;2,6384;-0,02755
;;;0,0000456;2,6384;-0,02755
;;;0,0000458;2,6384;-0,02886
;;;0,000046;2,6112;-0,02886
;;;0,0000462;2,6384;-0,03018
;;;0,0000464;2,6384;-0,03018
;;;0,0000466;2,6656;-0,02886
;;;0,0000468;2,6112;-0,02886
;;;0,000047;2,6928;-0,03018
;;;0,0000472;2,6384;-0,02886
;;;0,0000474;2,5568;-0,03149
;;;0,0000476;2,6112;-0,02886
;;;0,0000478;2,6384;-0,03018
;;;0,000048;2,5568;-0,02886
;;;0,0000482;2,6384;-0,03149
;;;0,0000484;2,6384;-0,03018
;;;0,0000486;2,6928;-0,02755
;;;0,0000488;2,6384;-0,03018
;;;0,000049;2,6656;-0,03018
;;;0,0000492;2,6112;-0,03018
;;;0,0000494;2,6928;-0,02886
;;;0,0000496;2,6928;-0,03149
;;;0,0000498;2,6656;-0,02755
;;;0,00005;2,6656;-0,02886
;;;0,0000502;2,6656;-0,03018
;;;0,0000504;2,6656;-0,02755
;;;0,0000506;2,6928;-0,02886
;;;0,0000508;2,72;-0,02886
;;;0,000051;2,6928;-0,02886
;;;0,0000512;2,6384;-0,0328
;;;0,0000514;2,72;-0,03018
;;;0,0000516;2,6656;-0,02886
;;;0,0000518;2,6928;-0,03149
;;;0,000052;2,72;-0,03018
;;;0,0000522;2,6112;-0,03149
;;;0,0000524;2,6384;-0,03018
;;;0,0000526;2,72;-0,03149
;;;0,0000528;2,6928;-0,03018
;;;0,000053;2,6656;-0,02886
;;;0,0000532;2,72;-0,03018
;;;0,0000534;2,6928;-0,0328
;;;0,0000536;2,6384;-0,03018
;;;0,0000538;2,6656;-0,03018
;;;0,000054;2,72;-0,03411
;;;0,0000542;2,6928;-0,03149
;;;0,0000544;2,72;-0,0328
;;;0,0000546;2,6656;-0,03149
;;;0,0000548;2,72;-0,0328
;;;0,000055;2,6928;-0,0328
;;;0,0000552;2,6656;-0,03149
;;;0,0000554;2,72;-0,0328
;;;0,0000556;2,6928;-0,0328
;;;0,0000558;2,6928;-0,0328
;;;0,000056;2,72;-0,0328
;;;0,0000562;2,6928;-0,0328
;;;0,0000564;2,7472;-0,0328
;;;0,0000566;2,6928;-0,0328
;;;0,0000568;2,72;-0,03411
;;;0,000057;2,6928;-0,03542
;;;0,0000572;2,6928;-0,03542
;;;0,0000574;2,72;-0,0328
;;;0,0000576;2,6928;-0,0328
;;;0,0000578;2,72;-0,0328
;;;0,000058;2,72;-0,03149
;;;0,0000582;2,6656;-0,03542
;;;0,0000584;2,72;-0,03542
;;;0,0000586;2,72;-0,03411
;;;0,0000588;2,6656;-0,03411
;;;0,000059;2,72;-0,03542
;;;0,0000592;2,72;-0,03542
;;;0,0000594;2,8016;-0,03542
;;;0,0000596;2,72;-0,03411
;;;0,0000598;2,7472;-0,03674
;;;0,00006;2,7744;-0,03411
;;;0,0000602;2,7472;-0,03411
;;;0,0000604;2,7472;-0,03674
;;;0,0000606;2,7472;-0,03542
;;;0,0000608;2,7744;-0,03674
;;;0,000061;2,6928;-0,03542
;;;0,0000612;2,6928;-0,03674
;;;0,0000614;2,7744;-0,03542
;;;0,0000616;2,7472;-0,03805
;;;0,0000618;2,72;-0,03805
;;;0,000062;2,7744;-0,03805
;;;0,0000622;2,7744;-0,03936
;;;0,0000624;2,7472;-0,03805
;;;0,0000626;2,7472;-0,03674
;;;0,0000628;2,7472;-0,03805
;;;0,000063;2,7744;-0,03674
;;;0,0000632;2,7744;-0,03674
;;;0,0000634;2,7744;-0,03805
;;;0,0000636;2,8016;-0,03674
;;;0,0000638;2,7472;-0,03674
;;;0,000064;2,7744;-0,03936
;;;0,0000642;2,7744;-0,03674
;;;0,0000644;2,7472;-0,03674
;;;0,0000646;2,7744;-0,03936
;;;0,0000648;2,7472;-0,03805
;;;0,000065;2,7472;-0,03674
;;;0,0000652;2,8016;-0,03805
;;;0,0000654;2,8016;-0,03674
;;;0,0000656;2,8016;-0,03674
;;;0,0000658;2,8288;-0,03805
;;;0,000066;2,7472;-0,03674
;;;0,0000662;2,8016;-0,03936
;;;0,0000664;2,7744;-0,03542
;;;0,0000666;2,8016;-0,03936
;;;0,0000668;2,8016;-0,03936
;;;0,000067;2,8288;-0,03936
;;;0,0000672;2,7472;-0,03936
;;;0,0000674;2,8016;-0,03936
;;;0,0000676;2,7744;-0,04067
;;;0,0000678;2,7744;-0,04067
;;;0,000068;2,8016;-0,03805
;;;0,0000682;2,7744;-0,03936
;;;0,0000684;2,8016;-0,03805
;;;0,0000686;2,856;-0,04067
;;;0,0000688;2,8288;-0,03805
;;;0,000069;2,7472;-0,03805
;;;0,0000692;2,8288;-0,03674
;;;0,0000694;2,8016;-0,04067
;;;0,0000696;2,8288;-0,04067
;;;0,0000698;2,8288;-0,03674
;;;0,00007;2,856;-0,03936
;;;0,0000702;2,8288;-0,03805
;;;0,0000704;2,856;-0,04067
;;;0,0000706;2,8288;-0,03674
;;;0,0000708;2,8288;-0,04067
;;;0,000071;2,8832;-0,03805
;;;0,0000712;2,8288;-0,03936
;;;0,0000714;2,8016;-0,03936
;;;0,0000716;2,856;-0,04067
;;;0,0000718;2,8288;-0,03805
;;;0,000072;2,8288;-0,03936
;;;0,0000722;2,8016;-0,03805
;;;0,0000724;2,8288;-0,03936
;;;0,0000726;2,8288;-0,04067
;;;0,0000728;2,8288;-0,04067
;;;0,000073;2,856;-0,03936
;;;0,0000732;2,8832;-0,04198
;;;0,0000734;2,8016;-0,04067
;;;0,0000736;2,856;-0,04067
;;;0,0000738;2,856;-0,0433
;;;0,000074;2,856;-0,04067
;;;0,0000742;2,856;-0,04067
;;;0,0000744;2,856;-0,04067
;;;0,0000746;2,856;-0,0433
;;;0,0000748;2,8288;-0,04198
;;;0,000075;2,856;-0,04067
;;;0,0000752;2,8288;-0,04067
;;;0,0000754;2,856;-0,0433
;;;0,0000756;2,8832;-0,04198
;;;0,0000758;2,856;-0,04198
;;;0,000076;2,8288;-0,04592
;;;0,0000762;2,8832;-0,04461
;;;0,0000764;2,856;-0,04198
;;;0,0000766;2,8832;-0,04461
;;;0,0000768;2,856;-0,0433
;;;0,000077;2,8288;-0,0433
;;;0,0000772;2,8832;-0,04461
;;;0,0000774;2,856;-0,0433
;;;0,0000776;2,9104;-0,04198
;;;0,0000778;2,8288;-0,04461
;;;0,000078;2,856;-0,0433
;;;0,0000782;2,8832;-0,04461
;;;0,0000784;2,8832;-0,04461
;;;0,0000786;2,856;-0,0433
;;;0,0000788;2,8832;-0,04461
;;;0,000079;2,9104;-0,04592
;;;0,0000792;2,9104;-0,0433
;;;0,0000794;2,856;-0,04461
;;;0,0000796;2,8832;-0,0433
;;;0,0000798;2,9104;-0,04461
;;;0,00008;2,8832;-0,04198
;;;0,0000802;2,8832;-0,04592
;;;0,0000804;2,9104;-0,0433
;;;0,0000806;2,9104;-0,04198
;;;0,0000808;2,9104;-0,04592
;;;0,000081;2,9104;-0,04461
;;;0,0000812;2,9104;-0,0433
;;;0,0000814;2,9376;-0,04592
;;;0,0000816;2,8832;-0,04592
;;;0,0000818;2,9376;-0,04461
;;;0,000082;2,9104;-0,04592
;;;0,0000822;2,9376;-0,04461
;;;0,0000824;2,9376;-0,04461
;;;0,0000826;2,9376;-0,04461
;;;0,0000828;2,9104;-0,04723
;;;0,000083;2,9376;-0,04592
;;;0,0000832;2,9648;-0,04723
;;;0,0000834;2,9104;-0,04592
;;;0,0000836;2,9648;-0,04592
;;;0,0000838;2,9376;-0,04723
;;;0,000084;2,9648;-0,04461
;;;0,0000842;2,9104;-0,04592
;;;0,0000844;2,9376;-0,04723
;;;0,0000846;2,9104;-0,04592
;;;0,0000848;2,9648;-0,04592
;;;0,000085;2,9376;-0,04461
;;;0,0000852;2,9376;-0,04592
;;;0,0000854;2,9376;-0,04592
;;;0,0000856;2,9648;-0,04723
;;;0,0000858;2,9376;-0,04723
;;;0,000086;2,9648;-0,04461
;;;0,0000862;2,9376;-0,04592
;;;0,0000864;2,9376;-0,04592
;;;0,0000866;2,9376;-0,04854
;;;0,0000868;2,9648;-0,04723
;;;0,000087;2,9104;-0,04592
;;;0,0000872;2,9648;-0,04592
;;;0,0000874;2,9648;-0,04854
;;;0,0000876;2,9376;-0,04592
;;;0,0000878;2,9648;-0,04461
;;;0,000088;2,992;-0,04592
;;;0,0000882;2,9648;-0,04723
;;;0,0000884;2,992;-0,04592
;;;0,0000886;2,9648;-0,04723
;;;0,0000888;2,9376;-0,04723
;;;0,000089;2,992;-0,04592
;;;0,0000892;3,0192;-0,04723
;;;0,0000894;3,0192;-0,04986
;;;0,0000896;2,9648;-0,04854
;;;0,0000898;2,9648;-0,04854
;;;0,00009;2,9648;-0,04854
;;;0,0000902;2,992;-0,04854
;;;0,0000904;3,0192;-0,04592
;;;0,0000906;2,992;-0,04986
;;;0,0000908;2,992;-0,04854
;;;0,000091;2,992;-0,04854
;;;0,0000912;3,0192;-0,04986
;;;0,0000914;2,992;-0,04854
;;;0,0000916;2,992;-0,04854
;;;0,0000918;2,9648;-0,04986
;;;0,000092;2,992;-0,05248
;;;0,0000922;2,992;-0,04986
;;;0,0000924;3,0192;-0,04723
;;;0,0000926;2,992;-0,05117
;;;0,0000928;3,0192;-0,04986
;;;0,000093;3,0192;-0,05117
;;;0,0000932;2,9648;-0,04986
;;;0,0000934;3,0192;-0,04723
;;;0,0000936;2,992;-0,04854
;;;0,0000938;3,0464;-0,05248
;;;0,000094;3,0736;-0,05248
;;;0,0000942;2,9376;-0,05117
;;;0,0000944;3,0192;-0,05248
;;;0,0000946;2,992;-0,05117
;;;0,0000948;2,992;-0,05117
;;;0,000095;3,0192;-0,05117
;;;0,0000952;3,0192;-0,04986
;;;0,0000954;3,0736;-0,05117
;;;0,0000956;3,0464;-0,04854
;;;0,0000958;3,0192;-0,05117
;;;0,000096;3,0464;-0,05379
;;;0,0000962;3,0192;-0,05248
;;;0,0000964;3,0464;-0,04986
;;;0,0000966;3,0192;-0,05379
;;;0,0000968;3,0192;-0,05248
;;;0,000097;3,0192;-0,05248
;;;0,0000972;3,0736;-0,05248
;;;0,0000974;3,0192;-0,05379
;;;0,0000976;3,0192;-0,05379
;;;0,0000978;3,0192;-0,05379
;;;0,000098;3,0736;-0,05248
;;;0,0000982;3,0464;-0,05117
;;;0,0000984;3,0192;-0,05248
;;;0,0000986;3,0736;-0,05117
;;;0,0000988;3,0736;-0,05379
;;;0,000099;3,0464;-0,05248
;;;0,0000992;3,0192;-0,05248
;;;0,0000994;3,0464;-0,05379
;;;0,0000996;3,1008;-0,0551
;;;0,0000998;3,0464;-0,05248
;;;0,0001;3,0736;-0,05117
;;;0,0001002;3,1008;-0,05248
;;;0,0001004;3,0464;-0,05248
;;;0,0001006;3,0192;-0,05379
;;;0,0001008;3,0464;-0,05642
;;;0,000101;3,0736;-0,0551
;;;0,0001012;3,0736;-0,05379
;;;0,0001014;3,0464;-0,05642
;;;0,0001016;3,1008;-0,0551
;;;0,0001018;3,0464;-0,05379
;;;0,000102;3,0736;-0,05248
;;;0,0001022;3,0736;-0,05642
;;;0,0001024;3,0464;-0,05379
;;;0,0001026;3,0736;-0,05379
;;;0,0001028;3,1008;-0,05379
;;;0,000103;3,1008;-0,05642
;;;0,0001032;3,128;-0,05248
;;;0,0001034;3,1008;-0,05379
;;;0,0001036;3,1008;-0,05642
;;;0,0001038;3,1008;-0,0551
;;;0,000104;3,0464;-0,05379
;;;0,0001042;3,1008;-0,05379
;;;0,0001044;3,1008;-0,0551
;;;0,0001046;3,128;-0,0551
;;;0,0001048;3,128;-0,05642
;;;0,000105;3,128;-0,0551
;;;0,0001052;3,1552;-0,05379
;;;0,0001054;3,1552;-0,0551
;;;0,0001056;3,128;-0,0551
;;;0,0001058;3,128;-0,0551
;;;0,000106;3,128;-0,0551
;;;0,0001062;3,1008;-0,0551
;;;0,0001064;3,1552;-0,05379
;;;0,0001066;3,128;-0,05642
;;;0,0001068;3,0736;-0,0551
;;;0,000107;3,128;-0,05773
;;;0,0001072;3,128;-0,05773
;;;0,0001074;3,1008;-0,0551
;;;0,0001076;3,1552;-0,05642
;;;0,0001078;3,1008;-0,05642
;;;0,000108;3,128;-0,05773
;;;0,0001082;3,128;-0,05379
;;;0,0001084;3,128;-0,05642
;;;0,0001086;3,0736;-0,05642
;;;0,0001088;3,1824;-0,0551
;;;0,000109;3,1552;-0,05904
;;;0,0001092;3,1552;-0,05773
;;;0,0001094;3,1552;-0,05773
;;;0,0001096;3,1824;-0,05773
;;;0,0001098;3,128;-0,05642
;;;0,00011;3,1552;-0,05904
;;;0,0001102;3,1552;-0,05642
;;;0,0001104;3,128;-0,05904
;;;0,0001106;3,1552;-0,05904
;;;0,0001108;3,1824;-0,06035
;;;0,000111;3,1552;-0,05904
;;;0,0001112;3,1824;-0,05904
;;;0,0001114;3,128;-0,06166
;;;0,0001116;3,1008;-0,05904
;;;0,0001118;3,128;-0,06035
;;;0,000112;3,1824;-0,05904
;;;0,0001122;3,1552;-0,06035
;;;0,0001124;3,1552;-0,05642
;;;0,0001126;3,1824;-0,05773
;;;0,0001128;3,1824;-0,05904
;;;0,000113;3,1552;-0,06035
;;;0,0001132;3,1552;-0,06035
;;;0,0001134;3,2096;-0,06035
;;;0,0001136;3,1824;-0,06166
;;;0,0001138;3,2096;-0,06035
;;;0,000114;3,1552;-0,05904
;;;0,0001142;3,1552;-0,05773
;;;0,0001144;3,1552;-0,05904
;;;0,0001146;3,1552;-0,05773
;;;0,0001148;3,2096;-0,06166
;;;0,000115;3,1824;-0,05773
;;;0,0001152;3,1824;-0,05904
;;;0,0001154;3,2096;-0,05904
;;;0,0001156;3,128;-0,05904
;;;0,0001158;3,2096;-0,06166
;;;0,000116;3,1824;-0,06166
;;;0,0001162;3,2368;-0,06035
;;;0,0001164;3,1552;-0,06035
;;;0,0001166;3,1824;-0,06166
;;;0,0001168;3,2368;-0,06298
;;;0,000117;3,2096;-0,06166
;;;0,0001172;3,1552;-0,06035
;;;0,0001174;3,1824;-0,06035
;;;0,0001176;3,1552;-0,06166
;;;0,0001178;3,2096;-0,06035
;;;0,000118;3,2096;-0,06035
;;;0,0001182;3,2096;-0,05904
;;;0,0001184;3,2368;-0,06166
;;;0,0001186;3,2096;-0,06035
;;;0,0001188;3,1824;-0,06166
;;;0,000119;3,1824;-0,06035
;;;0,0001192;3,264;-0,06166
;;;0,0001194;3,2368;-0,06298
;;;0,0001196;3,2096;-0,06166
;;;0,0001198;3,2096;-0,06166
;;;0,00012;3,264;-0,06298
;;;0,0001202;3,264;-0,06035
;;;0,0001204;3,1824;-0,06166
;;;0,0001206;3,1824;-0,06298
;;;0,0001208;3,264;-0,06166
;;;0,000121;3,264;-0,06298
;;;0,0001212;3,2368;-0,06166
;;;0,0001214;3,2368;-0,06298
;;;0,0001216;3,2096;-0,06298
;;;0,0001218;3,2368;-0,06035
;;;0,000122;3,2368;-0,06298
;;;0,0001222;3,2096;-0,06298
;;;0,0001224;3,264;-0,06166
;;;0,0001226;3,2368;-0,06166
;;;0,0001228;3,2368;-0,06429
;;;0,000123;3,2368;-0,06429
;;;0,0001232;3,2368;-0,06298
;;;0,0001234;3,264;-0,0656
;;;0,0001236;3,264;-0,06166
;;;0,0001238;3,264;-0,06298
;;;0,000124;3,2912;-0,0656
;;;0,0001242;3,2368;-0,06166
;;;0,0001244;3,2368;-0,06298
;;;0,0001246;3,264;-0,06166
;;;0,0001248;3,2912;-0,06429
;;;0,000125;3,2912;-0,06429
;;;0,0001252;3,264;-0,06429
;;;0,0001254;3,2096;-0,06298
;;;0,0001256;3,2912;-0,06429
;;;0,0001258;3,2368;-0,0656
;;;0,000126;3,2912;-0,06429
;;;0,0001262;3,2912;-0,06691
;;;0,0001264;3,264;-0,06298
;;;0,0001266;3,2096;-0,06298
;;;0,0001268;3,264;-0,06691
;;;0,000127;3,264;-0,06691
;;;0,0001272;3,2912;-0,0656
;;;0,0001274;3,2912;-0,0656
;;;0,0001276;3,3184;-0,06429
;;;0,0001278;3,264;-0,06429
;;;0,000128;3,2912;-0,06822
;;;0,0001282;3,2912;-0,06429
;;;0,0001284;3,264;-0,0656
;;;0,0001286;3,3184;-0,06429
;;;0,0001288;3,3456;-0,06691
;;;0,000129;3,2912;-0,0656
;;;0,0001292;3,264;-0,06691
;;;0,0001294;3,2912;-0,06822
;;;0,0001296;3,3184;-0,06691
;;;0,0001298;3,2912;-0,06822
;;;0,00013;3,3184;-0,0656
;;;0,0001302;3,3456;-0,0656
;;;0,0001304;3,3184;-0,06822
;;;0,0001306;3,3184;-0,06822
;;;0,0001308;3,2912;-0,06954
;;;0,000131;3,3184;-0,0656
;;;0,0001312;3,3184;-0,06954
;;;0,0001314;3,2912;-0,0656
;;;0,0001316;3,3184;-0,06822
;;;0,0001318;3,3184;-0,06822
;;;0,000132;3,3456;-0,06691
;;;0,0001322;3,3456;-0,07085
;;;0,0001324;3,3184;-0,06691
;;;0,0001326;3,3456;-0,06822
;;;0,0001328;3,3456;-0,07085
;;;0,000133;3,3184;-0,06822
;;;0,0001332;3,3728;-0,06954
;;;0,0001334;3,3456;-0,06691
;;;0,0001336;3,3728;-0,06954
;;;0,0001338;3,3184;-0,06822
;;;0,000134;3,3184;-0,0656
;;;0,0001342;3,3456;-0,06822
;;;0,0001344;3,3728;-0,06954
;;;0,0001346;3,3456;-0,06822
;;;0,0001348;3,3184;-0,06822
;;;0,000135;3,3728;-0,06691
;;;0,0001352;3,3728;-0,07085
;;;0,0001354;3,3456;-0,06822
;;;0,0001356;3,3728;-0,06822
;;;0,0001358;3,3456;-0,06822
;;;0,000136;3,3456;-0,06954
;;;0,0001362;3,3456;-0,07085
;;;0,0001364;3,3728;-0,06954
;;;0,0001366;3,3456;-0,07085
;;;0,0001368;3,3728;-0,07085
;;;0,000137;3,3184;-0,06954
;;;0,0001372;3,3456;-0,07085
;;;0,0001374;3,3184;-0,07085
;;;0,0001376;3,3456;-0,07085
;;;0,0001378;3,3728;-0,06822
;;;0,000138;3,3728;-0,07085
;;;0,0001382;3,3456;-0,06954
;;;0,0001384;3,4;-0,06954
;;;0,0001386;3,4;-0,06954
;;;0,0001388;3,3456;-0,07478
;;;0,000139;3,4;-0,06822
;;;0,0001392;3,3728;-0,06954
;;;0,0001394;3,3728;-0,06954
;;;0,0001396;3,3728;-0,07085
;;;0,0001398;3,4;-0,06954
;;;0,00014;3,3728;-0,06954
;;;0,0001402;3,4;-0,06954
;;;0,0001404;3,3456;-0,07216
;;;0,0001406;3,3728;-0,07085
;;;0,0001408;3,3728;-0,06822
;;;0,000141;3,3728;-0,07216
;;;0,0001412;3,3728;-0,07216
;;;0,0001414;3,3728;-0,07216
;;;0,0001416;3,4;-0,07216
;;;0,0001418;3,4272;-0,07216
;;;0,000142;3,3728;-0,07085
;;;0,0001422;3,4;-0,07216
;;;0,0001424;3,4;-0,07216
;;;0,0001426;3,4272;-0,07216
;;;0,0001428;3,4;-0,07085
;;;0,000143;3,4272;-0,07216
;;;0,0001432;3,4;-0,07347
;;;0,0001434;3,4;-0,07085
;;;0,0001436;3,3728;-0,07216
;;;0,0001438;3,4;-0,07085
;;;0,000144;3,4;-0,07216
;;;0,0001442;3,4544;-0,07085
;;;0,0001444;3,4272;-0,07347
;;;0,0001446;3,4544;-0,07347
;;;0,0001448;3,4272;-0,07085
;;;0,000145;3,4272;-0,07347
;;;0,0001452;3,4272;-0,07478
;;;0,0001454;3,4816;-0,07085
;;;0,0001456;3,4272;-0,07216
;;;0,0001458;3,4544;-0,07216
;;;0,000146;3,4544;-0,07478
;;;0,0001462;3,4544;-0,07216
;;;0,0001464;3,4272;-0,07478
;;;0,0001466;3,4272;-0,0761
;;;0,0001468;3,4272;-0,07216
;;;0,000147;3,4272;-0,07478
;;;0,0001472;3,4272;-0,07347
;;;0,0001474;3,4544;-0,07478
;;;0,0001476;3,4272;-0,0761
;;;0,0001478;3,4816;-0,0761
;;;0,000148;3,4816;-0,07347
;;;0,0001482;3,4272;-0,07085
;;;0,0001484;3,4816;-0,07216
;;;0,0001486;3,4544;-0,0761
;;;0,0001488;3,4816;-0,07347
;;;0,000149;3,4272;-0,07216
;;;0,0001492;3,4816;-0,07741
;;;0,0001494;3,5088;-0,07741
;;;0,0001496;3,4544;-0,0761
;;;0,0001498;3,4544;-0,07872
;;;0,00015;3,4816;-0,0761
;;;0,0001502;3,4544;-0,07741
;;;0,0001504;3,4816;-0,07872
;;;0,0001506;3,5088;-0,0761
;;;0,0001508;3,4544;-0,07478
;;;0,000151;3,4272;-0,07872
;;;0,0001512;3,4816;-0,07478
;;;0,0001514;3,4816;-0,07741
;;;0,0001516;3,4816;-0,07741
;;;0,0001518;3,4816;-0,07741
;;;0,000152;3,4816;-0,07741
;;;0,0001522;3,4544;-0,07741
;;;0,0001524;3,4816;-0,07741
;;;0,0001526;3,4816;-0,0761
;;;0,0001528;3,4816;-0,07741
;;;0,000153;3,4816;-0,07872
;;;0,0001532;3,5088;-0,08003
;;;0,0001534;3,536;-0,08134
;;;0,0001536;3,4272;-0,07741
;;;0,0001538;3,5088;-0,0761
;;;0,000154;3,5088;-0,08003
;;;0,0001542;3,4816;-0,07741
;;;0,0001544;3,5088;-0,07741
;;;0,0001546;3,5088;-0,0761
;;;0,0001548;3,4816;-0,0761
;;;0,000155;3,5088;-0,07872
;;;0,0001552;3,5088;-0,08003
;;;0,0001554;3,536;-0,07741
;;;0,0001556;3,5088;-0,07872
;;;0,0001558;3,5088;-0,07741
;;;0,000156;3,4544;-0,07872
;;;0,0001562;3,5088;-0,07872
;;;0,0001564;3,5088;-0,07741
;;;0,0001566;3,5088;-0,07741
;;;0,0001568;3,5088;-0,0761
;;;0,000157;3,536;-0,07741
;;;0,0001572;3,5088;-0,07872
;;;0,0001574;3,536;-0,07872
;;;0,0001576;3,536;-0,08134
;;;0,0001578;3,536;-0,08003
;;;0,000158;3,5632;-0,08003
;;;0,0001582;3,536;-0,08003
;;;0,0001584;3,5632;-0,08003
;;;0,0001586;3,5088;-0,08003
;;;0,0001588;3,536;-0,08003
;;;0,000159;3,536;-0,08003
;;;0,0001592;3,536;-0,07741
;;;0,0001594;3,4816;-0,07872
;;;0,0001596;3,536;-0,08003
;;;0,0001598;3,536;-0,07872
;;;0,00016;3,5088;-0,08134
;;;0,0001602;3,536;-0,08134
;;;0,0001604;3,5632;-0,08003
;;;0,0001606;3,5632;-0,08134
;;;0,0001608;3,5088;-0,08134
;;;0,000161;3,5632;-0,08266
;;;0,0001612;3,536;-0,08003
;;;0,0001614;3,5632;-0,08003
;;;0,0001616;3,5904;-0,08003
;;;0,0001618;3,5632;-0,08266
;;;0,000162;3,536;-0,07872
;;;0,0001622;3,536;-0,08003
;;;0,0001624;3,536;-0,08397
;;;0,0001626;3,5904;-0,08134
;;;0,0001628;3,5632;-0,08266
;;;0,000163;3,6176;-0,08266
;;;0,0001632;3,5632;-0,08134
;;;0,0001634;3,5904;-0,08134
;;;0,0001636;3,5904;-0,08134
;;;0,0001638;3,5904;-0,08266
;;;0,000164;3,6176;-0,08266
;;;0,0001642;3,6176;-0,08397
;;;0,0001644;3,6176;-0,08266
;;;0,0001646;3,6448;-0,08266
;;;0,0001648;3,6176;-0,08134
;;;0,000165;3,5632;-0,08397
;;;0,0001652;3,5904;-0,08266
;;;0,0001654;3,6176;-0,08266
;;;0,0001656;3,5632;-0,08266
;;;0,0001658;3,6176;-0,08134
;;;0,000166;3,5904;-0,08397
;;;0,0001662;3,5632;-0,08528
;;;0,0001664;3,5632;-0,08659
;;;0,0001666;3,6176;-0,08266
;;;0,0001668;3,5632;-0,08397
;;;0,000167;3,5904;-0,08528
;;;0,0001672;3,5904;-0,08397
;;;0,0001674;3,6448;-0,08528
;;;0,0001676;3,6448;-0,08528
;;;0,0001678;3,6448;-0,08397
;;;0,000168;3,5904;-0,08397
;;;0,0001682;3,6176;-0,08397
;;;0,0001684;3,6176;-0,08397
;;;0,0001686;3,5904;-0,08528
;;;0,0001688;3,5632;-0,08397
;;;0,000169;3,5904;-0,08397
;;;0,0001692;3,6448;-0,08528
;;;0,0001694;3,6176;-0,08659
;;;0,0001696;3,6448;-0,08397
;;;0,0001698;3,5904;-0,08397
;;;0,00017;3,6448;-0,08528
;;;0,0001702;3,672;-0,08659
;;;0,0001704;3,6448;-0,08659
;;;0,0001706;3,6448;-0,08659
;;;0,0001708;3,6448;-0,08659
;;;0,000171;3,6176;-0,08266
;;;0,0001712;3,6448;-0,08528
;;;0,0001714;3,6448;-0,08397
;;;0,0001716;3,6992;-0,0879
;;;0,0001718;3,6448;-0,08397
;;;0,000172;3,6448;-0,08659
;;;0,0001722;3,6448;-0,08659
;;;0,0001724;3,6176;-0,08659
;;;0,0001726;3,672;-0,08528
;;;0,0001728;3,6176;-0,0879
;;;0,000173;3,6448;-0,0879
;;;0,0001732;3,672;-0,08528
;;;0,0001734;3,6448;-0,08659
;;;0,0001736;3,672;-0,08659
;;;0,0001738;3,672;-0,08659
;;;0,000174;3,6176;-0,08528
;;;0,0001742;3,672;-0,08659
;;;0,0001744;3,672;-0,08528
;;;0,0001746;3,6992;-0,08659
;;;0,0001748;3,672;-0,0879
;;;0,000175;3,672;-0,08659
;;;0,0001752;3,6448;-0,08659
;;;0,0001754;3,6176;-0,08528
;;;0,0001756;3,6992;-0,08922
;;;0,0001758;3,6448;-0,0879
;;;0,000176;3,6448;-0,08659
;;;0,0001762;3,6448;-0,0879
;;;0,0001764;3,672;-0,08528
;;;0,0001766;3,6448;-0,08922
;;;0,0001768;3,672;-0,08922
;;;0,000177;3,672;-0,08528
;;;0,0001772;3,6992;-0,08922
;;;0,0001774;3,672;-0,08659
;;;0,0001776;3,672;-0,0879
;;;0,0001778;3,6992;-0,08922
;;;0,000178;3,6992;-0,0879
;;;0,0001782;3,6992;-0,08922
;;;0,0001784;3,672;-0,0879
;;;0,0001786;3,6992;-0,08659
;;;0,0001788;3,6992;-0,08659
;;;0,000179;3,6992;-0,08659
;;;0,0001792;3,672;-0,08922
;;;0,0001794;3,6992;-0,0879
;;;0,0001796;3,7264;-0,08922
;;;0,0001798;3,6992;-0,0879
;;;0,00018;3,6992;-0,09184
;;;0,0001802;3,6992;-0,08922
;;;0,0001804;3,7536;-0,09184
;;;0,0001806;3,6992;-0,09053
;;;0,0001808;3,7264;-0,09053
;;;0,000181;3,7264;-0,09053
;;;0,0001812;3,7264;-0,09053
;;;0,0001814;3,7264;-0,09053
;;;0,0001816;3,7536;-0,09053
;;;0,0001818;3,6992;-0,08922
;;;0,000182;3,7264;-0,08922
;;;0,0001822;3,6992;-0,09315
;;;0,0001824;3,7808;-0,09184
;;;0,0001826;3,7536;-0,09053
;;;0,0001828;3,7264;-0,09053
;;;0,000183;3,7264;-0,08922
;;;0,0001832;3,6992;-0,09315
;;;0,0001834;3,7264;-0,09053
;;;0,0001836;3,7264;-0,09184
;;;0,0001838;3,7536;-0,09053
;;;0,000184;3,7808;-0,09053
;;;0,0001842;3,7536;-0,09315
;;;0,0001844;3,7536;-0,09053
;;;0,0001846;3,7264;-0,09315
;;;0,0001848;3,7808;-0,09315
;;;0,000185;3,7536;-0,09315
;;;0,0001852;3,7264;-0,09578
;;;0,0001854;3,7808;-0,09184
;;;0,0001856;3,7536;-0,09578
;;;0,0001858;3,7808;-0,09315
;;;0,000186;3,7264;-0,09446
;;;0,0001862;3,7536;-0,09446
;;;0,0001864;3,7264;-0,09446
;;;0,0001866;3,7536;-0,09315
;;;0,0001868;3,7808;-0,09315
;;;0,000187;3,7536;-0,09184
;;;0,0001872;3,808;-0,09446
;;;0,0001874;3,7536;-0,09578
;;;0,0001876;3,808;-0,09315
;;;0,0001878;3,7536;-0,09446
;;;0,000188;3,7808;-0,09184
;;;0,0001882;3,808;-0,09446
;;;0,0001884;3,7808;-0,09578
;;;0,0001886;3,7536;-0,09446
;;;0,0001888;3,808;-0,09446
;;;0,000189;3,7808;-0,09446
;;;0,0001892;3,7536;-0,09446
;;;0,0001894;3,808;-0,09315
;;;0,0001896;3,7808;-0,09578
;;;0,0001898;3,7808;-0,09446
;;;0,00019;3,7808;-0,09578
;;;0,0001902;3,7808;-0,09315
;;;0,0001904;3,808;-0,09578
;;;0,0001906;3,808;-0,09446
;;;0,0001908;3,7536;-0,09578
;;;0,000191;3,808;-0,09315
;;;0,0001912;3,7536;-0,09578
;;;0,0001914;3,8352;-0,09446
;;;0,0001916;3,8352;-0,09315
;;;0,0001918;3,808;-0,09578
;;;0,000192;3,808;-0,09446
;;;0,0001922;3,808;-0,09315
;;;0,0001924;3,8352;-0,09446
;;;0,0001926;3,8352;-0,09709
;;;0,0001928;3,808;-0,09315
;;;0,000193;3,8352;-0,09578
;;;0,0001932;3,8352;-0,09709
;;;0,0001934;3,808;-0,09446
;;;0,0001936;3,8352;-0,09578
;;;0,0001938;3,7808;-0,09446
;;;0,000194;3,808;-0,09578
;;;0,0001942;3,8352;-0,09446
;;;0,0001944;3,8352;-0,09578
;;;0,0001946;3,8352;-0,09709
;;;0,0001948;3,7808;-0,09446
;;;0,000195;3,808;-0,09709
;;;0,0001952;3,808;-0,09578
;;;0,0001954;3,8352;-0,09578
;;;0,0001956;3,7808;-0,09578
;;;0,0001958;3,808;-0,09578
;;;0,000196;3,8624;-0,09709
;;;0,0001962;3,8624;-0,09709
;;;0,0001964;3,8352;-0,0984
;;;0,0001966;3,808;-0,09446
;;;0,0001968;3,7808;-0,09709
;;;0,000197;3,8352;-0,0984
;;;0,0001972;3,8896;-0,09578
;;;0,0001974;3,808;-0,09578
;;;0,0001976;3,8896;-0,09971
;;;0,0001978;3,8896;-0,09709
;;;0,000198;3,8624;-0,09709
;;;0,0001982;3,808;-0,09709
;;;0,0001984;3,8624;-0,09578
;;;0,0001986;3,8896;-0,09709
;;;0,0001988;3,8352;-0,09446
;;;0,000199;3,8624;-0,09709
;;;0,0001992;3,8624;-0,0984
;;;0,0001994;3,808;-0,09971
;;;0,0001996;3,808;-0,09971
;;;0,0001998;3,8352;-0,09709
;;;0,0002;3,8624;-0,09971
;;;0,0002002;3,8896;-0,09971
;;;0,0002004;3,8624;-0,0984
;;;0,0002006;3,8624;-0,09971
;;;0,0002008;3,8624;-0,10102
;;;0,000201;3,8624;-0,10365
;;;0,0002012;3,9168;-0,09971
;;;0,0002014;3,8896;-0,09971
;;;0,0002016;3,8896;-0,09971
;;;0,0002018;3,8896;-0,0984
;;;0,000202;3,9168;-0,10102
;;;0,0002022;3,8896;-0,10234
;;;0,0002024;3,8896;-0,10102
;;;0,0002026;3,8896;-0,09971
;;;0,0002028;3,9168;-0,10102
;;;0,000203;3,8896;-0,10102
;;;0,0002032;3,8624;-0,10102
;;;0,0002034;3,8624;-0,09971
;;;0,0002036;3,944;-0,0984
;;;0,0002038;3,9168;-0,10102
;;;0,000204;3,9168;-0,10102
;;;0,0002042;3,8896;-0,10102
;;;0,0002044;3,8896;-0,09971
;;;0,0002046;3,9168;-0,0984
;;;0,0002048;3,944;-0,10102
;;;0,000205;3,8896;-0,10365
;;;0,0002052;3,9168;-0,10102
;;;0,0002054;3,8896;-0,10234
;;;0,0002056;3,8896;-0,10102
;;;0,0002058;3,8896;-0,10234
;;;0,000206;3,9712;-0,10234
;;;0,0002062;3,9168;-0,10234
;;;0,0002064;3,9168;-0,10234
;;;0,0002066;3,9168;-0,10365
;;;0,0002068;3,9168;-0,10102
;;;0,000207;3,8624;-0,10234
;;;0,0002072;3,944;-0,10234
;;;0,0002074;3,9712;-0,10496
;;;0,0002076;3,9168;-0,10365
;;;0,0002078;3,944;-0,10234
;;;0,000208;3,944;-0,10496
;;;0,0002082;3,944;-0,10365
;;;0,0002084;3,9168;-0,10102
;;;0,0002086;3,944;-0,10365
;;;0,0002088;3,9712;-0,10496
;;;0,000209;3,9712;-0,10234
;;;0,0002092;3,9712;-0,10365
;;;0,0002094;3,9984;-0,10234
;;;0,0002096;3,9712;-0,10234
;;;0,0002098;3,9984;-0,10627
;;;0,00021;3,9712;-0,10234
;;;0,0002102;3,9984;-0,10365
;;;0,0002104;3,9984;-0,10496
;;;0,0002106;3,9168;-0,10102
;;;0,0002108;3,9168;-0,10365
;;;0,000211;3,9712;-0,10365
;;;0,0002112;3,9712;-0,10234
;;;0,0002114;3,9712;-0,10496
;;;0,0002116;3,9984;-0,10365
;;;0,0002118;3,9712;-0,10627
;;;0,000212;3,944;-0,10496
;;;0,0002122;3,9712;-0,10365
;;;0,0002124;4,0256;-0,10234
;;;0,0002126;3,9712;-0,10102
;;;0,0002128;4,0256;-0,10365
;;;0,000213;3,9984;-0,10234
;;;0,0002132;3,944;-0,10496
;;;0,0002134;4,0256;-0,10365
;;;0,0002136;3,9712;-0,10234
;;;0,0002138;3,9984;-0,10365
;;;0,000214;3,9712;-0,10234
;;;0,0002142;4,0256;-0,10365
;;;0,0002144;4,0256;-0,10365
;;;0,0002146;3,9712;-0,10365
;;;0,0002148;4,0256;-0,10365
;;;0,000215;3,9712;-0,10365
;;;0,0002152;3,9984;-0,10496
;;;0,0002154;3,9984;-0,10627
;;;0,0002156;3,9712;-0,10365
;;;0,0002158;4,0528;-0,10627
;;;0,000216;4,0256;-0,10365
;;;0,0002162;3,9984;-0,10496
;;;0,0002164;4,0256;-0,10365
;;;0,0002166;3,9984;-0,10496
;;;0,0002168;4,0256;-0,10627
;;;0,000217;4,0256;-0,10496
;;;0,0002172;3,9984;-0,10496
;;;0,0002174;3,9984;-0,10496
;;;0,0002176;4,0528;-0,10496
;;;0,0002178;4,0256;-0,10627
;;;0,000218;3,9984;-0,10496
;;;0,0002182;4,0256;-0,10496
;;;0,0002184;4,0256;-0,10496
;;;0,0002186;3,9712;-0,10627
;;;0,0002188;4,0256;-0,10627
;;;0,000219;3,9984;-0,10627
;;;0,0002192;4,0256;-0,10496
;;;0,0002194;4,0528;-0,10627
;;;0,0002196;4,0256;-0,10758
;;;0,0002198;4,0256;-0,10758
;;;0,00022;4,0528;-0,10758
;;;0,0002202;3,9984;-0,10758
;;;0,0002204;4,0528;-0,1089
;;;0,0002206;3,9984;-0,1089
;;;0,0002208;3,9984;-0,10627
;;;0,000221;4,08;-0,10496
;;;0,0002212;4,0528;-0,1089
;;;0,0002214;4,0528;-0,1089
;;;0,0002216;4,0256;-0,10627
;;;0,0002218;4,08;-0,1089
;;;0,000222;4,1072;-0,1089
;;;0,0002222;3,9984;-0,1089
;;;0,0002224;4,08;-0,11021
;;;0,0002226;4,08;-0,10758
;;;0,0002228;4,08;-0,11021
;;;0,000223;4,08;-0,11021
;;;0,0002232;4,0256;-0,11021
;;;0,0002234;4,08;-0,1089
;;;0,0002236;4,08;-0,11021
;;;0,0002238;4,1072;-0,1089
;;;0,000224;4,08;-0,11021
;;;0,0002242;4,08;-0,1089
;;;0,0002244;4,08;-0,11283
;;;0,0002246;4,08;-0,11152
;;;0,0002248;4,0528;-0,11283
;;;0,000225;4,08;-0,11021
;;;0,0002252;4,1072;-0,11152
;;;0,0002254;4,0528;-0,11283
;;;0,0002256;4,0528;-0,11021
;;;0,0002258;4,0256;-0,11152
;;;0,000226;4,08;-0,11283
;;;0,0002262;4,08;-0,11152
;;;0,0002264;4,0528;-0,11021
;;;0,0002266;4,08;-0,11152
;;;0,0002268;4,08;-0,11283
;;;0,000227;4,0528;-0,11283
;;;0,0002272;4,08;-0,11021
;;;0,0002274;3,9984;-0,11152
;;;0,0002276;4,0528;-0,1089
;;;0,0002278;4,0528;-0,11283
;;;0,000228;4,0256;-0,11021
;;;0,0002282;4,0256;-0,11021
;;;0,0002284;4,08;-0,11283
;;;0,0002286;4,0528;-0,11283
;;;0,0002288;3,9984;-0,11283
;;;0,000229;4,08;-0,11152
;;;0,0002292;4,08;-0,11021
;;;0,0002294;4,0256;-0,11152
;;;0,0002296;4,0528;-0,11283
;;;0,0002298;4,0256;-0,11021
;;;0,00023;4,0256;-0,11283
;;;0,0002302;3,9984;-0,11021
;;;0,0002304;3,9984;-0,1089
;;;0,0002306;3,9984;-0,11021
;;;0,0002308;3,9984;-0,11152
;;;0,000231;4,0256;-0,11414
;;;0,0002312;4,0256;-0,11152
;;;0,0002314;4,0256;-0,11152
;;;0,0002316;3,9984;-0,10758
;;;0,0002318;3,9984;-0,11152
;;;0,000232;4,0256;-0,11152
;;;0,0002322;4,0256;-0,11283
;;;0,0002324;4,0256;-0,11021
;;;0,0002326;4,0256;-0,11283
;;;0,0002328;3,9712;-0,10758
;;;0,000233;3,9984;-0,10758
;;;0,0002332;3,9984;-0,1089
;;;0,0002334;3,9712;-0,11021
;;;0,0002336;3,9984;-0,11021
;;;0,0002338;3,9984;-0,11021
;;;0,000234;4,0256;-0,10627
;;;0,0002342;3,9984;-0,11021
;;;0,0002344;3,9712;-0,1089
;;;0,0002346;3,9984;-0,11021
;;;0,0002348;3,9712;-0,1089
;;;0,000235;4,0256;-0,10758
;;;0,0002352;3,9712;-0,10758
;;;0,0002354;3,9712;-0,10758
;;;0,0002356;3,9712;-0,1089
;;;0,0002358;3,9984;-0,10627
;;;0,000236;3,9712;-0,10627
;;;0,0002362;3,9712;-0,10758
;;;0,0002364;3,9168;-0,10627
;;;0,0002366;3,9712;-0,1089
;;;0,0002368;3,944;-0,10627
;;;0,000237;3,9712;-0,10496
;;;0,0002372;3,9984;-0,10627
;;;0,0002374;4,0528;-0,10496
;;;0,0002376;3,9984;-0,10627
;;;0,0002378;3,944;-0,10627
;;;0,000238;3,944;-0,10627
;;;0,0002382;3,9984;-0,10496
;;;0,0002384;3,9712;-0,10365
;;;0,0002386;3,944;-0,10758
;;;0,0002388;3,944;-0,10627
;;;0,000239;3,9168;-0,10627
;;;0,0002392;3,944;-0,10627
;;;0,0002394;3,9168;-0,10627
;;;0,0002396;3,8896;-0,10627
;;;0,0002398;3,9168;-0,10758
;;;0,00024;3,9168;-0,10758
;;;0,0002402;3,944;-0,10627
;;;0,0002404;3,9168;-0,10758
;;;0,0002406;3,9168;-0,10627
;;;0,0002408;3,944;-0,10627
;;;0,000241;3,9168;-0,10627
;;;0,0002412;3,9712;-0,10758
;;;0,0002414;3,944;-0,10758
;;;0,0002416;3,944;-0,1089
;;;0,0002418;3,944;-0,10758
;;;0,000242;3,944;-0,10496
;;;0,0002422;3,944;-0,10758
;;;0,0002424;3,944;-0,1089
;;;0,0002426;3,8896;-0,10496
;;;0,0002428;3,9168;-0,10627
;;;0,000243;3,9168;-0,10496
;;;0,0002432;3,9712;-0,10627
;;;0,0002434;3,9168;-0,10758
;;;0,0002436;3,9712;-0,10627
;;;0,0002438;3,944;-0,10496
;;;0,000244;3,944;-0,10496
;;;0,0002442;3,944;-0,10496
;;;0,0002444;3,944;-0,10627
;;;0,0002446;3,8896;-0,10365
;;;0,0002448;3,9168;-0,10496
;;;0,000245;3,944;-0,10758
;;;0,0002452;3,9168;-0,10627
;;;0,0002454;3,8896;-0,10758
;;;0,0002456;3,9168;-0,10496
;;;0,0002458;3,9168;-0,10365
;;;0,000246;3,8896;-0,10627
;;;0,0002462;3,8624;-0,10234
;;;0,0002464;3,8624;-0,10627
;;;0,0002466;3,9168;-0,10365
;;;0,0002468;3,8896;-0,10627
;;;0,000247;3,944;-0,10627
;;;0,0002472;3,8624;-0,10365
;;;0,0002474;3,9168;-0,10365
;;;0,0002476;3,9168;-0,10496
;;;0,0002478;3,8896;-0,10234
;;;0,000248;3,8624;-0,10234
;;;0,0002482;3,9168;-0,10496
;;;0,0002484;3,8896;-0,10627
;;;0,0002486;3,8896;-0,10365
;;;0,0002488;3,8896;-0,10365
;;;0,000249;3,8896;-0,10496
;;;0,0002492;3,8896;-0,10102
;;;0,0002494;3,8352;-0,10234
;;;0,0002496;3,8624;-0,10234
;;;0,0002498;3,8624;-0,10365
;;;0,00025;3,8896;-0,10365
;;;0,0002502;3,8352;-0,10234
;;;0,0002504;3,8624;-0,10102
;;;0,0002506;3,8624;-0,10234
;;;0,0002508;3,8624;-0,10102
;;;0,000251;3,8896;-0,10496
;;;0,0002512;3,8896;-0,10234
;;;0,0002514;3,8896;-0,10102
;;;0,0002516;3,8352;-0,10102
;;;0,0002518;3,8352;-0,10102
;;;0,000252;3,8624;-0,10234
;;;0,0002522;3,8352;-0,09971
;;;0,0002524;3,8896;-0,10234
;;;0,0002526;3,808;-0,10102
;;;0,0002528;3,8352;-0,09971
;;;0,000253;3,808;-0,09971
;;;0,0002532;3,808;-0,09971
;;;0,0002534;3,8352;-0,09971
;;;0,0002536;3,8624;-0,10102
;;;0,0002538;3,8624;-0,09971
;;;0,000254;3,8352;-0,0984
;;;0,0002542;3,808;-0,09971
;;;0,0002544;3,8352;-0,09971
;;;0,0002546;3,808;-0,09971
;;;0,0002548;3,8896;-0,0984
;;;0,000255;3,7808;-0,09971
;;;0,0002552;3,808;-0,09971
;;;0,0002554;3,8352;-0,10102
;;;0,0002556;3,8352;-0,10102
;;;0,0002558;3,808;-0,0984
;;;0,000256;3,808;-0,09709
;;;0,0002562;3,7536;-0,0984
;;;0,0002564;3,7808;-0,10102
;;;0,0002566;3,8352;-0,09971
;;;0,0002568;3,7808;-0,09971
;;;0,000257;3,7808;-0,0984
;;;0,0002572;3,8352;-0,0984
;;;0,0002574;3,8352;-0,09709
;;;0,0002576;3,7808;-0,09709
;;;0,0002578;3,8352;-0,09709
;;;0,000258;3,808;-0,09709
;;;0,0002582;3,7536;-0,09446
;;;0,0002584;3,7808;-0,09709
;;;0,0002586;3,7808;-0,09971
;;;0,0002588;3,7808;-0,09709
;;;0,000259;3,7808;-0,09709
;;;0,0002592;3,7808;-0,0984
;;;0,0002594;3,8352;-0,0984
;;;0,0002596;3,808;-0,09446
;;;0,0002598;3,7264;-0,0984
;;;0,00026;3,7808;-0,0984
;;;0,0002602;3,7536;-0,0984
;;;0,0002604;3,808;-0,09971
;;;0,0002606;3,808;-0,09709
;;;0,0002608;3,7536;-0,09709
;;;0,000261;3,808;-0,09709
;;;0,0002612;3,7264;-0,09446
;;;0,0002614;3,808;-0,09578
;;;0,0002616;3,7808;-0,09578
;;;0,0002618;3,7808;-0,09709
;;;0,000262;3,7808;-0,0984
;;;0,0002622;3,7808;-0,09578
;;;0,0002624;3,7264;-0,09971
;;;0,0002626;3,7536;-0,09446
;;;0,0002628;3,7808;-0,09709
;;;0,000263;3,7808;-0,09578
;;;0,0002632;3,808;-0,09709
;;;0,0002634;3,7536;-0,09709
;;;0,0002636;3,7808;-0,09446
;;;0,0002638;3,7808;-0,09578
;;;0,000264;3,7536;-0,09446
;;;0,0002642;3,7536;-0,09709
;;;0,0002644;3,7536;-0,09578
;;;0,0002646;3,7808;-0,09709
;;;0,0002648;3,7536;-0,09709
;;;0,000265;3,7536;-0,09578
;;;0,0002652;3,6992;-0,09971
;;;0,0002654;3,6992;-0,09578
;;;0,0002656;3,7536;-0,09709
;;;0,0002658;3,672;-0,09446
;;;0,000266;3,7536;-0,09709
;;;0,0002662;3,7264;-0,09315
;;;0,0002664;3,7536;-0,09315
;;;0,0002666;3,7808;-0,09446
;;;0,0002668;3,7536;-0,09446
;;;0,000267;3,6992;-0,09446
;;;0,0002672;3,7536;-0,09446
;;;0,0002674;3,7808;-0,09709
;;;0,0002676;3,7536;-0,09315
;;;0,0002678;3,7264;-0,09578
;;;0,000268;3,7536;-0,09578
;;;0,0002682;3,7264;-0,09578
;;;0,0002684;3,7536;-0,09184
;;;0,0002686;3,6992;-0,09446
;;;0,0002688;3,7536;-0,09578
;;;0,000269;3,7264;-0,09446
;;;0,0002692;3,7264;-0,09315
;;;0,0002694;3,7264;-0,09578
;;;0,0002696;3,7536;-0,09578
;;;0,0002698;3,6992;-0,09446
;;;0,00027;3,672;-0,09578
;;;0,0002702;3,6992;-0,09184
;;;0,0002704;3,6992;-0,09184
;;;0,0002706;3,7264;-0,09184
;;;0,0002708;3,6992;-0,09315
;;;0,000271;3,672;-0,09184
;;;0,0002712;3,6992;-0,09315
;;;0,0002714;3,6992;-0,09315
;;;0,0002716;3,7264;-0,09184
;;;0,0002718;3,6992;-0,09184
;;;0,000272;3,6992;-0,09184
;;;0,0002722;3,7264;-0,09315
;;;0,0002724;3,672;-0,09184
;;;0,0002726;3,672;-0,09053
;;;0,0002728;3,672;-0,09184
;;;0,000273;3,6448;-0,08922
;;;0,0002732;3,6992;-0,09446
;;;0,0002734;3,6992;-0,08922
;;;0,0002736;3,672;-0,09053
;;;0,0002738;3,6992;-0,08922
;;;0,000274;3,672;-0,09053
;;;0,0002742;3,6448;-0,09053
;;;0,0002744;3,6992;-0,08922
;;;0,0002746;3,672;-0,08922
;;;0,0002748;3,6448;-0,09053
;;;0,000275;3,6448;-0,09053
;;;0,0002752;3,672;-0,09053
;;;0,0002754;3,6448;-0,09053
;;;0,0002756;3,6448;-0,09053
;;;0,0002758;3,6448;-0,08922
;;;0,000276;3,6176;-0,08922
;;;0,0002762;3,672;-0,0879
;;;0,0002764;3,6448;-0,09053
;;;0,0002766;3,6448;-0,08922
;;;0,0002768;3,672;-0,0879
;;;0,000277;3,6176;-0,08922
;;;0,0002772;3,672;-0,08659
;;;0,0002774;3,6176;-0,09053
;;;0,0002776;3,6176;-0,0879
;;;0,0002778;3,6448;-0,09184
;;;0,000278;3,6448;-0,08922
;;;0,0002782;3,6448;-0,08922
;;;0,0002784;3,6448;-0,08922
;;;0,0002786;3,5904;-0,0879
;;;0,0002788;3,6448;-0,0879
;;;0,000279;3,5632;-0,08528
;;;0,0002792;3,6448;-0,0879
;;;0,0002794;3,672;-0,08922
;;;0,0002796;3,6176;-0,08922
;;;0,0002798;3,6176;-0,08922
;;;0,00028;3,5632;-0,08922
;;;0,0002802;3,6176;-0,09053
;;;0,0002804;3,6448;-0,09053
;;;0,0002806;3,6448;-0,0879
;;;0,0002808;3,5904;-0,0879
;;;0,000281;3,6448;-0,0879
;;;0,0002812;3,5904;-0,08922
;;;0,0002814;3,6176;-0,08659
;;;0,0002816;3,6176;-0,0879
;;;0,0002818;3,6448;-0,0879
;;;0,000282;3,6448;-0,09053
;;;0,0002822;3,5904;-0,08922
;;;0,0002824;3,5904;-0,08922
;;;0,0002826;3,5632;-0,0879
;;;0,0002828;3,6176;-0,08659
;;;0,000283;3,6448;-0,0879
;;;0,0002832;3,5904;-0,08659
;;;0,0002834;3,5904;-0,0879
;;;0,0002836;3,5904;-0,08659
;;;0,0002838;3,5632;-0,08922
;;;0,000284;3,5904;-0,08659
;;;0,0002842;3,6176;-0,0879
;;;0,0002844;3,5632;-0,08659
;;;0,0002846;3,6176;-0,0879
;;;0,0002848;3,5904;-0,08659
;;;0,000285;3,5904;-0,08659
;;;0,0002852;3,5632;-0,08659
;;;0,0002854;3,5904;-0,08528
;;;0,0002856;3,5904;-0,0879
;;;0,0002858;3,5632;-0,08528
;;;0,000286;3,5904;-0,08659
;;;0,0002862;3,5904;-0,08528
;;;0,0002864;3,5904;-0,08528
;;;0,0002866;3,5904;-0,08528
;;;0,0002868;3,5632;-0,08528
;;;0,000287;3,6176;-0,08659
;;;0,0002872;3,5632;-0,08659
;;;0,0002874;3,5632;-0,08528
;;;0,0002876;3,5088;-0,08397
;;;0,0002878;3,536;-0,08528
;;;0,000288;3,5632;-0,08528
;;;0,0002882;3,5632;-0,08266
;;;0,0002884;3,5904;-0,08266
;;;0,0002886;3,6176;-0,08528
;;;0,0002888;3,536;-0,08397
;;;0,000289;3,536;-0,08528
;;;0,0002892;3,5632;-0,08528
;;;0,0002894;3,536;-0,08528
;;;0,0002896;3,536;-0,08266
;;;0,0002898;3,536;-0,08266
;;;0,00029;3,5632;-0,08397
;;;0,0002902;3,5632;-0,08397
;;;0,0002904;3,5632;-0,08397
;;;0,0002906;3,536;-0,08266
;;;0,0002908;3,536;-0,08397
;;;0,000291;3,5088;-0,08266
;;;0,0002912;3,4544;-0,08397
;;;0,0002914;3,5632;-0,08397
;;;0,0002916;3,5632;-0,08397
;;;0,0002918;3,5632;-0,08266
;;;0,000292;3,5088;-0,08134
;;;0,0002922;3,4816;-0,08397
;;;0,0002924;3,5088;-0,08134
;;;0,0002926;3,5088;-0,08134
;;;0,0002928;3,5088;-0,08003
;;;0,000293;3,4816;-0,08134
;;;0,0002932;3,5088;-0,07872
;;;0,0002934;3,5088;-0,08266
;;;0,0002936;3,536;-0,08266
;;;0,0002938;3,5088;-0,08397
;;;0,000294;3,5088;-0,08266
;;;0,0002942;3,5088;-0,08134
;;;0,0002944;3,5632;-0,08397
;;;0,0002946;3,4272;-0,08266
;;;0,0002948;3,4816;-0,08266
;;;0,000295;3,5088;-0,08134
;;;0,0002952;3,536;-0,08003
;;;0,0002954;3,5088;-0,08134
;;;0,0002956;3,4816;-0,07872
;;;0,0002958;3,4816;-0,08003
;;;0,000296;3,5088;-0,08266
;;;0,0002962;3,5088;-0,08266
;;;0,0002964;3,4816;-0,08003
;;;0,0002966;3,4816;-0,08134
;;;0,0002968;3,536;-0,08134
;;;0,000297;3,5632;-0,08397
;;;0,0002972;3,4544;-0,08134
;;;0,0002974;3,4816;-0,08003
;;;0,0002976;3,4544;-0,08134
;;;0,0002978;3,4544;-0,07872
