Record Length;2,50E+03;;-0,000236;-1,2
Sample Interval;2,00E-07;;-0,0002358;-1,2
Trigger Point;1,18E+03;;-0,0002356;-1,2
;;;-0,0002354;-1,2
;;;-0,0002352;-1,2
;;;-0,000235;-1,2
Source;CH2;;-0,0002348;-1,2
Vertical Units;V;;-0,0002346;-1,2
Vertical Scale;4,00E-01;;-0,0002344;-1,2
Vertical Offset;2,08E-01;;-0,0002342;-1,2
Horizontal Units;s;;-0,000234;-1,2
Horizontal Scale;5,00E-05;;-0,0002338;-1,2
Pt Fmt;Y;;-0,0002336;-1,2
Yzero;0,00E+00;;-0,0002334;-1,2
Probe Atten;1,00E+00;;-0,0002332;-1,2
Model Number;TBS1072B-EDU;;-0,000233;-1,2
Serial Number;C015526;;-0,0002328;-1,2
Firmware Version;FV:v4,06;;-0,0002326;-1,2
;;;-0,0002324;-1,2
;;;-0,0002322;-1,2
;;;-0,000232;-1,2
;;;-0,0002318;-1,2
;;;-0,0002316;-1,2
;;;-0,0002314;-1,2
;;;-0,0002312;-1,2
;;;-0,000231;-1,2
;;;-0,0002308;-1,2
;;;-0,0002306;-1,2
;;;-0,0002304;-1,2
;;;-0,0002302;-1,2
;;;-0,00023;-1,184
;;;-0,0002298;-1,184
;;;-0,0002296;-1,184
;;;-0,0002294;-1,184
;;;-0,0002292;-1,184
;;;-0,000229;-1,184
;;;-0,0002288;-1,184
;;;-0,0002286;-1,184
;;;-0,0002284;-1,184
;;;-0,0002282;-1,184
;;;-0,000228;-1,184
;;;-0,0002278;-1,184
;;;-0,0002276;-1,184
;;;-0,0002274;-1,184
;;;-0,0002272;-1,184
;;;-0,000227;-1,184
;;;-0,0002268;-1,168
;;;-0,0002266;-1,168
;;;-0,0002264;-1,168
;;;-0,0002262;-1,184
;;;-0,000226;-1,168
;;;-0,0002258;-1,168
;;;-0,0002256;-1,168
;;;-0,0002254;-1,168
;;;-0,0002252;-1,168
;;;-0,000225;-1,168
;;;-0,0002248;-1,168
;;;-0,0002246;-1,168
;;;-0,0002244;-1,168
;;;-0,0002242;-1,168
;;;-0,000224;-1,168
;;;-0,0002238;-1,168
;;;-0,0002236;-1,168
;;;-0,0002234;-1,152
;;;-0,0002232;-1,168
;;;-0,000223;-1,152
;;;-0,0002228;-1,152
;;;-0,0002226;-1,152
;;;-0,0002224;-1,152
;;;-0,0002222;-1,152
;;;-0,000222;-1,152
;;;-0,0002218;-1,152
;;;-0,0002216;-1,152
;;;-0,0002214;-1,152
;;;-0,0002212;-1,152
;;;-0,000221;-1,152
;;;-0,0002208;-1,152
;;;-0,0002206;-1,152
;;;-0,0002204;-1,152
;;;-0,0002202;-1,152
;;;-0,00022;-1,152
;;;-0,0002198;-1,136
;;;-0,0002196;-1,136
;;;-0,0002194;-1,136
;;;-0,0002192;-1,136
;;;-0,000219;-1,136
;;;-0,0002188;-1,136
;;;-0,0002186;-1,136
;;;-0,0002184;-1,136
;;;-0,0002182;-1,136
;;;-0,000218;-1,136
;;;-0,0002178;-1,136
;;;-0,0002176;-1,136
;;;-0,0002174;-1,136
;;;-0,0002172;-1,136
;;;-0,000217;-1,136
;;;-0,0002168;-1,136
;;;-0,0002166;-1,136
;;;-0,0002164;-1,12
;;;-0,0002162;-1,12
;;;-0,000216;-1,12
;;;-0,0002158;-1,12
;;;-0,0002156;-1,12
;;;-0,0002154;-1,12
;;;-0,0002152;-1,12
;;;-0,000215;-1,12
;;;-0,0002148;-1,12
;;;-0,0002146;-1,12
;;;-0,0002144;-1,12
;;;-0,0002142;-1,12
;;;-0,000214;-1,12
;;;-0,0002138;-1,12
;;;-0,0002136;-1,12
;;;-0,0002134;-1,104
;;;-0,0002132;-1,104
;;;-0,000213;-1,104
;;;-0,0002128;-1,104
;;;-0,0002126;-1,104
;;;-0,0002124;-1,104
;;;-0,0002122;-1,104
;;;-0,000212;-1,104
;;;-0,0002118;-1,104
;;;-0,0002116;-1,104
;;;-0,0002114;-1,104
;;;-0,0002112;-1,104
;;;-0,000211;-1,104
;;;-0,0002108;-1,104
;;;-0,0002106;-1,104
;;;-0,0002104;-1,104
;;;-0,0002102;-1,104
;;;-0,00021;-1,104
;;;-0,0002098;-1,104
;;;-0,0002096;-1,088
;;;-0,0002094;-1,088
;;;-0,0002092;-1,088
;;;-0,000209;-1,088
;;;-0,0002088;-1,088
;;;-0,0002086;-1,088
;;;-0,0002084;-1,088
;;;-0,0002082;-1,088
;;;-0,000208;-1,088
;;;-0,0002078;-1,088
;;;-0,0002076;-1,088
;;;-0,0002074;-1,088
;;;-0,0002072;-1,088
;;;-0,000207;-1,088
;;;-0,0002068;-1,088
;;;-0,0002066;-1,072
;;;-0,0002064;-1,072
;;;-0,0002062;-1,072
;;;-0,000206;-1,072
;;;-0,0002058;-1,072
;;;-0,0002056;-1,072
;;;-0,0002054;-1,072
;;;-0,0002052;-1,072
;;;-0,000205;-1,072
;;;-0,0002048;-1,072
;;;-0,0002046;-1,072
;;;-0,0002044;-1,072
;;;-0,0002042;-1,072
;;;-0,000204;-1,072
;;;-0,0002038;-1,072
;;;-0,0002036;-1,072
;;;-0,0002034;-1,056
;;;-0,0002032;-1,072
;;;-0,000203;-1,056
;;;-0,0002028;-1,056
;;;-0,0002026;-1,056
;;;-0,0002024;-1,056
;;;-0,0002022;-1,056
;;;-0,000202;-1,056
;;;-0,0002018;-1,056
;;;-0,0002016;-1,056
;;;-0,0002014;-1,056
;;;-0,0002012;-1,056
;;;-0,000201;-1,056
;;;-0,0002008;-1,056
;;;-0,0002006;-1,056
;;;-0,0002004;-1,056
;;;-0,0002002;-1,056
;;;-0,0002;-1,04
;;;-0,0001998;-1,056
;;;-0,0001996;-1,04
;;;-0,0001994;-1,04
;;;-0,0001992;-1,04
;;;-0,000199;-1,04
;;;-0,0001988;-1,04
;;;-0,0001986;-1,04
;;;-0,0001984;-1,04
;;;-0,0001982;-1,04
;;;-0,000198;-1,04
;;;-0,0001978;-1,04
;;;-0,0001976;-1,04
;;;-0,0001974;-1,04
;;;-0,0001972;-1,04
;;;-0,000197;-1,04
;;;-0,0001968;-1,04
;;;-0,0001966;-1,04
;;;-0,0001964;-1,024
;;;-0,0001962;-1,024
;;;-0,000196;-1,024
;;;-0,0001958;-1,024
;;;-0,0001956;-1,024
;;;-0,0001954;-1,024
;;;-0,0001952;-1,024
;;;-0,000195;-1,024
;;;-0,0001948;-1,024
;;;-0,0001946;-1,024
;;;-0,0001944;-1,024
;;;-0,0001942;-1,024
;;;-0,000194;-1,024
;;;-0,0001938;-1,024
;;;-0,0001936;-1,024
;;;-0,0001934;-1,008
;;;-0,0001932;-1,008
;;;-0,000193;-1,008
;;;-0,0001928;-1,008
;;;-0,0001926;-1,008
;;;-0,0001924;-1,008
;;;-0,0001922;-1,008
;;;-0,000192;-1,008
;;;-0,0001918;-1,008
;;;-0,0001916;-1,008
;;;-0,0001914;-1,008
;;;-0,0001912;-1,008
;;;-0,000191;-1,008
;;;-0,0001908;-1,008
;;;-0,0001906;-1,008
;;;-0,0001904;-0,992
;;;-0,0001902;-1,008
;;;-0,00019;-1,008
;;;-0,0001898;-0,992
;;;-0,0001896;-0,992
;;;-0,0001894;-0,992
;;;-0,0001892;-0,992
;;;-0,000189;-0,992
;;;-0,0001888;-0,992
;;;-0,0001886;-0,992
;;;-0,0001884;-0,992
;;;-0,0001882;-0,992
;;;-0,000188;-0,992
;;;-0,0001878;-0,992
;;;-0,0001876;-0,992
;;;-0,0001874;-0,992
;;;-0,0001872;-0,976
;;;-0,000187;-0,976
;;;-0,0001868;-0,976
;;;-0,0001866;-0,976
;;;-0,0001864;-0,976
;;;-0,0001862;-0,976
;;;-0,000186;-0,976
;;;-0,0001858;-0,976
;;;-0,0001856;-0,976
;;;-0,0001854;-0,976
;;;-0,0001852;-0,976
;;;-0,000185;-0,976
;;;-0,0001848;-0,976
;;;-0,0001846;-0,976
;;;-0,0001844;-0,976
;;;-0,0001842;-0,976
;;;-0,000184;-0,976
;;;-0,0001838;-0,976
;;;-0,0001836;-0,96
;;;-0,0001834;-0,96
;;;-0,0001832;-0,96
;;;-0,000183;-0,96
;;;-0,0001828;-0,96
;;;-0,0001826;-0,96
;;;-0,0001824;-0,96
;;;-0,0001822;-0,96
;;;-0,000182;-0,96
;;;-0,0001818;-0,96
;;;-0,0001816;-0,96
;;;-0,0001814;-0,96
;;;-0,0001812;-0,96
;;;-0,000181;-0,96
;;;-0,0001808;-0,96
;;;-0,0001806;-0,96
;;;-0,0001804;-0,944
;;;-0,0001802;-0,944
;;;-0,00018;-0,944
;;;-0,0001798;-0,944
;;;-0,0001796;-0,944
;;;-0,0001794;-0,944
;;;-0,0001792;-0,944
;;;-0,000179;-0,944
;;;-0,0001788;-0,944
;;;-0,0001786;-0,944
;;;-0,0001784;-0,944
;;;-0,0001782;-0,944
;;;-0,000178;-0,944
;;;-0,0001778;-0,944
;;;-0,0001776;-0,944
;;;-0,0001774;-0,928
;;;-0,0001772;-0,944
;;;-0,000177;-0,928
;;;-0,0001768;-0,928
;;;-0,0001766;-0,928
;;;-0,0001764;-0,928
;;;-0,0001762;-0,928
;;;-0,000176;-0,928
;;;-0,0001758;-0,928
;;;-0,0001756;-0,928
;;;-0,0001754;-0,928
;;;-0,0001752;-0,928
;;;-0,000175;-0,928
;;;-0,0001748;-0,928
;;;-0,0001746;-0,928
;;;-0,0001744;-0,928
;;;-0,0001742;-0,928
;;;-0,000174;-0,912
;;;-0,0001738;-0,912
;;;-0,0001736;-0,912
;;;-0,0001734;-0,912
;;;-0,0001732;-0,912
;;;-0,000173;-0,912
;;;-0,0001728;-0,912
;;;-0,0001726;-0,912
;;;-0,0001724;-0,912
;;;-0,0001722;-0,912
;;;-0,000172;-0,912
;;;-0,0001718;-0,912
;;;-0,0001716;-0,912
;;;-0,0001714;-0,912
;;;-0,0001712;-0,912
;;;-0,000171;-0,912
;;;-0,0001708;-0,896
;;;-0,0001706;-0,912
;;;-0,0001704;-0,912
;;;-0,0001702;-0,896
;;;-0,00017;-0,896
;;;-0,0001698;-0,896
;;;-0,0001696;-0,896
;;;-0,0001694;-0,896
;;;-0,0001692;-0,896
;;;-0,000169;-0,896
;;;-0,0001688;-0,896
;;;-0,0001686;-0,896
;;;-0,0001684;-0,896
;;;-0,0001682;-0,896
;;;-0,000168;-0,896
;;;-0,0001678;-0,896
;;;-0,0001676;-0,88
;;;-0,0001674;-0,88
;;;-0,0001672;-0,896
;;;-0,000167;-0,88
;;;-0,0001668;-0,88
;;;-0,0001666;-0,88
;;;-0,0001664;-0,88
;;;-0,0001662;-0,88
;;;-0,000166;-0,88
;;;-0,0001658;-0,88
;;;-0,0001656;-0,88
;;;-0,0001654;-0,88
;;;-0,0001652;-0,88
;;;-0,000165;-0,88
;;;-0,0001648;-0,88
;;;-0,0001646;-0,864
;;;-0,0001644;-0,864
;;;-0,0001642;-0,864
;;;-0,000164;-0,864
;;;-0,0001638;-0,864
;;;-0,0001636;-0,864
;;;-0,0001634;-0,864
;;;-0,0001632;-0,864
;;;-0,000163;-0,864
;;;-0,0001628;-0,864
;;;-0,0001626;-0,864
;;;-0,0001624;-0,864
;;;-0,0001622;-0,864
;;;-0,000162;-0,864
;;;-0,0001618;-0,864
;;;-0,0001616;-0,864
;;;-0,0001614;-0,864
;;;-0,0001612;-0,864
;;;-0,000161;-0,864
;;;-0,0001608;-0,848
;;;-0,0001606;-0,848
;;;-0,0001604;-0,848
;;;-0,0001602;-0,848
;;;-0,00016;-0,848
;;;-0,0001598;-0,848
;;;-0,0001596;-0,848
;;;-0,0001594;-0,848
;;;-0,0001592;-0,848
;;;-0,000159;-0,848
;;;-0,0001588;-0,848
;;;-0,0001586;-0,848
;;;-0,0001584;-0,848
;;;-0,0001582;-0,848
;;;-0,000158;-0,848
;;;-0,0001578;-0,848
;;;-0,0001576;-0,832
;;;-0,0001574;-0,832
;;;-0,0001572;-0,832
;;;-0,000157;-0,832
;;;-0,0001568;-0,832
;;;-0,0001566;-0,832
;;;-0,0001564;-0,832
;;;-0,0001562;-0,832
;;;-0,000156;-0,832
;;;-0,0001558;-0,832
;;;-0,0001556;-0,832
;;;-0,0001554;-0,832
;;;-0,0001552;-0,832
;;;-0,000155;-0,832
;;;-0,0001548;-0,832
;;;-0,0001546;-0,832
;;;-0,0001544;-0,816
;;;-0,0001542;-0,832
;;;-0,000154;-0,816
;;;-0,0001538;-0,816
;;;-0,0001536;-0,816
;;;-0,0001534;-0,816
;;;-0,0001532;-0,816
;;;-0,000153;-0,816
;;;-0,0001528;-0,816
;;;-0,0001526;-0,816
;;;-0,0001524;-0,816
;;;-0,0001522;-0,816
;;;-0,000152;-0,816
;;;-0,0001518;-0,816
;;;-0,0001516;-0,816
;;;-0,0001514;-0,816
;;;-0,0001512;-0,816
;;;-0,000151;-0,8
;;;-0,0001508;-0,8
;;;-0,0001506;-0,8
;;;-0,0001504;-0,8
;;;-0,0001502;-0,8
;;;-0,00015;-0,8
;;;-0,0001498;-0,8
;;;-0,0001496;-0,8
;;;-0,0001494;-0,8
;;;-0,0001492;-0,8
;;;-0,000149;-0,8
;;;-0,0001488;-0,8
;;;-0,0001486;-0,8
;;;-0,0001484;-0,8
;;;-0,0001482;-0,8
;;;-0,000148;-0,8
;;;-0,0001478;-0,8
;;;-0,0001476;-0,784
;;;-0,0001474;-0,784
;;;-0,0001472;-0,784
;;;-0,000147;-0,784
;;;-0,0001468;-0,784
;;;-0,0001466;-0,784
;;;-0,0001464;-0,784
;;;-0,0001462;-0,784
;;;-0,000146;-0,784
;;;-0,0001458;-0,784
;;;-0,0001456;-0,784
;;;-0,0001454;-0,784
;;;-0,0001452;-0,784
;;;-0,000145;-0,784
;;;-0,0001448;-0,784
;;;-0,0001446;-0,784
;;;-0,0001444;-0,784
;;;-0,0001442;-0,768
;;;-0,000144;-0,768
;;;-0,0001438;-0,768
;;;-0,0001436;-0,768
;;;-0,0001434;-0,768
;;;-0,0001432;-0,768
;;;-0,000143;-0,768
;;;-0,0001428;-0,768
;;;-0,0001426;-0,768
;;;-0,0001424;-0,768
;;;-0,0001422;-0,768
;;;-0,000142;-0,768
;;;-0,0001418;-0,768
;;;-0,0001416;-0,768
;;;-0,0001414;-0,768
;;;-0,0001412;-0,752
;;;-0,000141;-0,752
;;;-0,0001408;-0,752
;;;-0,0001406;-0,752
;;;-0,0001404;-0,752
;;;-0,0001402;-0,752
;;;-0,00014;-0,752
;;;-0,0001398;-0,752
;;;-0,0001396;-0,752
;;;-0,0001394;-0,752
;;;-0,0001392;-0,752
;;;-0,000139;-0,752
;;;-0,0001388;-0,752
;;;-0,0001386;-0,752
;;;-0,0001384;-0,752
;;;-0,0001382;-0,752
;;;-0,000138;-0,752
;;;-0,0001378;-0,736
;;;-0,0001376;-0,736
;;;-0,0001374;-0,736
;;;-0,0001372;-0,736
;;;-0,000137;-0,736
;;;-0,0001368;-0,736
;;;-0,0001366;-0,736
;;;-0,0001364;-0,736
;;;-0,0001362;-0,736
;;;-0,000136;-0,736
;;;-0,0001358;-0,736
;;;-0,0001356;-0,736
;;;-0,0001354;-0,736
;;;-0,0001352;-0,736
;;;-0,000135;-0,736
;;;-0,0001348;-0,736
;;;-0,0001346;-0,72
;;;-0,0001344;-0,72
;;;-0,0001342;-0,736
;;;-0,000134;-0,72
;;;-0,0001338;-0,72
;;;-0,0001336;-0,72
;;;-0,0001334;-0,72
;;;-0,0001332;-0,72
;;;-0,000133;-0,72
;;;-0,0001328;-0,72
;;;-0,0001326;-0,72
;;;-0,0001324;-0,72
;;;-0,0001322;-0,72
;;;-0,000132;-0,72
;;;-0,0001318;-0,72
;;;-0,0001316;-0,72
;;;-0,0001314;-0,72
;;;-0,0001312;-0,72
;;;-0,000131;-0,704
;;;-0,0001308;-0,704
;;;-0,0001306;-0,704
;;;-0,0001304;-0,704
;;;-0,0001302;-0,704
;;;-0,00013;-0,704
;;;-0,0001298;-0,704
;;;-0,0001296;-0,704
;;;-0,0001294;-0,704
;;;-0,0001292;-0,704
;;;-0,000129;-0,704
;;;-0,0001288;-0,704
;;;-0,0001286;-0,704
;;;-0,0001284;-0,704
;;;-0,0001282;-0,704
;;;-0,000128;-0,688
;;;-0,0001278;-0,688
;;;-0,0001276;-0,688
;;;-0,0001274;-0,688
;;;-0,0001272;-0,688
;;;-0,000127;-0,688
;;;-0,0001268;-0,688
;;;-0,0001266;-0,688
;;;-0,0001264;-0,688
;;;-0,0001262;-0,688
;;;-0,000126;-0,688
;;;-0,0001258;-0,688
;;;-0,0001256;-0,688
;;;-0,0001254;-0,688
;;;-0,0001252;-0,688
;;;-0,000125;-0,688
;;;-0,0001248;-0,672
;;;-0,0001246;-0,672
;;;-0,0001244;-0,672
;;;-0,0001242;-0,672
;;;-0,000124;-0,672
;;;-0,0001238;-0,672
;;;-0,0001236;-0,672
;;;-0,0001234;-0,672
;;;-0,0001232;-0,672
;;;-0,000123;-0,672
;;;-0,0001228;-0,672
;;;-0,0001226;-0,672
;;;-0,0001224;-0,672
;;;-0,0001222;-0,672
;;;-0,000122;-0,672
;;;-0,0001218;-0,672
;;;-0,0001216;-0,672
;;;-0,0001214;-0,656
;;;-0,0001212;-0,656
;;;-0,000121;-0,656
;;;-0,0001208;-0,656
;;;-0,0001206;-0,656
;;;-0,0001204;-0,656
;;;-0,0001202;-0,656
;;;-0,00012;-0,656
;;;-0,0001198;-0,656
;;;-0,0001196;-0,656
;;;-0,0001194;-0,656
;;;-0,0001192;-0,656
;;;-0,000119;-0,656
;;;-0,0001188;-0,656
;;;-0,0001186;-0,656
;;;-0,0001184;-0,656
;;;-0,0001182;-0,656
;;;-0,000118;-0,64
;;;-0,0001178;-0,64
;;;-0,0001176;-0,64
;;;-0,0001174;-0,64
;;;-0,0001172;-0,64
;;;-0,000117;-0,64
;;;-0,0001168;-0,64
;;;-0,0001166;-0,64
;;;-0,0001164;-0,64
;;;-0,0001162;-0,64
;;;-0,000116;-0,64
;;;-0,0001158;-0,64
;;;-0,0001156;-0,64
;;;-0,0001154;-0,64
;;;-0,0001152;-0,64
;;;-0,000115;-0,64
;;;-0,0001148;-0,624
;;;-0,0001146;-0,624
;;;-0,0001144;-0,624
;;;-0,0001142;-0,624
;;;-0,000114;-0,624
;;;-0,0001138;-0,624
;;;-0,0001136;-0,624
;;;-0,0001134;-0,624
;;;-0,0001132;-0,624
;;;-0,000113;-0,624
;;;-0,0001128;-0,624
;;;-0,0001126;-0,624
;;;-0,0001124;-0,624
;;;-0,0001122;-0,624
;;;-0,000112;-0,624
;;;-0,0001118;-0,624
;;;-0,0001116;-0,624
;;;-0,0001114;-0,608
;;;-0,0001112;-0,624
;;;-0,000111;-0,608
;;;-0,0001108;-0,608
;;;-0,0001106;-0,608
;;;-0,0001104;-0,608
;;;-0,0001102;-0,608
;;;-0,00011;-0,608
;;;-0,0001098;-0,608
;;;-0,0001096;-0,608
;;;-0,0001094;-0,608
;;;-0,0001092;-0,608
;;;-0,000109;-0,608
;;;-0,0001088;-0,608
;;;-0,0001086;-0,608
;;;-0,0001084;-0,592
;;;-0,0001082;-0,592
;;;-0,000108;-0,592
;;;-0,0001078;-0,592
;;;-0,0001076;-0,592
;;;-0,0001074;-0,592
;;;-0,0001072;-0,592
;;;-0,000107;-0,592
;;;-0,0001068;-0,592
;;;-0,0001066;-0,592
;;;-0,0001064;-0,592
;;;-0,0001062;-0,592
;;;-0,000106;-0,592
;;;-0,0001058;-0,592
;;;-0,0001056;-0,592
;;;-0,0001054;-0,592
;;;-0,0001052;-0,576
;;;-0,000105;-0,576
;;;-0,0001048;-0,576
;;;-0,0001046;-0,576
;;;-0,0001044;-0,576
;;;-0,0001042;-0,576
;;;-0,000104;-0,576
;;;-0,0001038;-0,576
;;;-0,0001036;-0,576
;;;-0,0001034;-0,576
;;;-0,0001032;-0,576
;;;-0,000103;-0,576
;;;-0,0001028;-0,576
;;;-0,0001026;-0,576
;;;-0,0001024;-0,576
;;;-0,0001022;-0,576
;;;-0,000102;-0,576
;;;-0,0001018;-0,56
;;;-0,0001016;-0,56
;;;-0,0001014;-0,56
;;;-0,0001012;-0,56
;;;-0,000101;-0,56
;;;-0,0001008;-0,56
;;;-0,0001006;-0,56
;;;-0,0001004;-0,56
;;;-0,0001002;-0,56
;;;-0,0001;-0,56
;;;-0,0000998;-0,56
;;;-0,0000996;-0,56
;;;-0,0000994;-0,56
;;;-0,0000992;-0,56
;;;-0,000099;-0,56
;;;-0,0000988;-0,544
;;;-0,0000986;-0,56
;;;-0,0000984;-0,56
;;;-0,0000982;-0,544
;;;-0,000098;-0,544
;;;-0,0000978;-0,544
;;;-0,0000976;-0,544
;;;-0,0000974;-0,544
;;;-0,0000972;-0,544
;;;-0,000097;-0,544
;;;-0,0000968;-0,544
;;;-0,0000966;-0,544
;;;-0,0000964;-0,544
;;;-0,0000962;-0,544
;;;-0,000096;-0,544
;;;-0,0000958;-0,544
;;;-0,0000956;-0,544
;;;-0,0000954;-0,544
;;;-0,0000952;-0,544
;;;-0,000095;-0,528
;;;-0,0000948;-0,528
;;;-0,0000946;-0,528
;;;-0,0000944;-0,528
;;;-0,0000942;-0,528
;;;-0,000094;-0,528
;;;-0,0000938;-0,528
;;;-0,0000936;-0,528
;;;-0,0000934;-0,528
;;;-0,0000932;-0,528
;;;-0,000093;-0,528
;;;-0,0000928;-0,528
;;;-0,0000926;-0,528
;;;-0,0000924;-0,528
;;;-0,0000922;-0,528
;;;-0,000092;-0,528
;;;-0,0000918;-0,528
;;;-0,0000916;-0,512
;;;-0,0000914;-0,512
;;;-0,0000912;-0,512
;;;-0,000091;-0,512
;;;-0,0000908;-0,512
;;;-0,0000906;-0,512
;;;-0,0000904;-0,512
;;;-0,0000902;-0,512
;;;-0,00009;-0,512
;;;-0,0000898;-0,512
;;;-0,0000896;-0,512
;;;-0,0000894;-0,512
;;;-0,0000892;-0,512
;;;-0,000089;-0,512
;;;-0,0000888;-0,512
;;;-0,0000886;-0,512
;;;-0,0000884;-0,496
;;;-0,0000882;-0,496
;;;-0,000088;-0,496
;;;-0,0000878;-0,496
;;;-0,0000876;-0,496
;;;-0,0000874;-0,496
;;;-0,0000872;-0,496
;;;-0,000087;-0,496
;;;-0,0000868;-0,496
;;;-0,0000866;-0,496
;;;-0,0000864;-0,496
;;;-0,0000862;-0,496
;;;-0,000086;-0,496
;;;-0,0000858;-0,496
;;;-0,0000856;-0,496
;;;-0,0000854;-0,48
;;;-0,0000852;-0,496
;;;-0,000085;-0,48
;;;-0,0000848;-0,48
;;;-0,0000846;-0,48
;;;-0,0000844;-0,48
;;;-0,0000842;-0,48
;;;-0,000084;-0,48
;;;-0,0000838;-0,48
;;;-0,0000836;-0,48
;;;-0,0000834;-0,48
;;;-0,0000832;-0,48
;;;-0,000083;-0,48
;;;-0,0000828;-0,48
;;;-0,0000826;-0,48
;;;-0,0000824;-0,48
;;;-0,0000822;-0,48
;;;-0,000082;-0,464
;;;-0,0000818;-0,464
;;;-0,0000816;-0,464
;;;-0,0000814;-0,464
;;;-0,0000812;-0,464
;;;-0,000081;-0,464
;;;-0,0000808;-0,464
;;;-0,0000806;-0,464
;;;-0,0000804;-0,464
;;;-0,0000802;-0,464
;;;-0,00008;-0,464
;;;-0,0000798;-0,464
;;;-0,0000796;-0,464
;;;-0,0000794;-0,464
;;;-0,0000792;-0,464
;;;-0,000079;-0,464
;;;-0,0000788;-0,464
;;;-0,0000786;-0,448
;;;-0,0000784;-0,448
;;;-0,0000782;-0,448
;;;-0,000078;-0,448
;;;-0,0000778;-0,448
;;;-0,0000776;-0,448
;;;-0,0000774;-0,448
;;;-0,0000772;-0,448
;;;-0,000077;-0,448
;;;-0,0000768;-0,448
;;;-0,0000766;-0,448
;;;-0,0000764;-0,448
;;;-0,0000762;-0,448
;;;-0,000076;-0,448
;;;-0,0000758;-0,448
;;;-0,0000756;-0,448
;;;-0,0000754;-0,432
;;;-0,0000752;-0,448
;;;-0,000075;-0,448
;;;-0,0000748;-0,432
;;;-0,0000746;-0,432
;;;-0,0000744;-0,432
;;;-0,0000742;-0,432
;;;-0,000074;-0,432
;;;-0,0000738;-0,432
;;;-0,0000736;-0,432
;;;-0,0000734;-0,432
;;;-0,0000732;-0,432
;;;-0,000073;-0,432
;;;-0,0000728;-0,432
;;;-0,0000726;-0,432
;;;-0,0000724;-0,432
;;;-0,0000722;-0,432
;;;-0,000072;-0,416
;;;-0,0000718;-0,432
;;;-0,0000716;-0,432
;;;-0,0000714;-0,416
;;;-0,0000712;-0,416
;;;-0,000071;-0,416
;;;-0,0000708;-0,416
;;;-0,0000706;-0,416
;;;-0,0000704;-0,416
;;;-0,0000702;-0,416
;;;-0,00007;-0,416
;;;-0,0000698;-0,416
;;;-0,0000696;-0,416
;;;-0,0000694;-0,416
;;;-0,0000692;-0,416
;;;-0,000069;-0,416
;;;-0,0000688;-0,416
;;;-0,0000686;-0,416
;;;-0,0000684;-0,4
;;;-0,0000682;-0,4
;;;-0,000068;-0,4
;;;-0,0000678;-0,4
;;;-0,0000676;-0,4
;;;-0,0000674;-0,4
;;;-0,0000672;-0,4
;;;-0,000067;-0,4
;;;-0,0000668;-0,4
;;;-0,0000666;-0,4
;;;-0,0000664;-0,4
;;;-0,0000662;-0,4
;;;-0,000066;-0,4
;;;-0,0000658;-0,4
;;;-0,0000656;-0,4
;;;-0,0000654;-0,4
;;;-0,0000652;-0,4
;;;-0,000065;-0,384
;;;-0,0000648;-0,384
;;;-0,0000646;-0,384
;;;-0,0000644;-0,384
;;;-0,0000642;-0,384
;;;-0,000064;-0,384
;;;-0,0000638;-0,384
;;;-0,0000636;-0,384
;;;-0,0000634;-0,384
;;;-0,0000632;-0,384
;;;-0,000063;-0,384
;;;-0,0000628;-0,384
;;;-0,0000626;-0,384
;;;-0,0000624;-0,384
;;;-0,0000622;-0,384
;;;-0,000062;-0,384
;;;-0,0000618;-0,384
;;;-0,0000616;-0,368
;;;-0,0000614;-0,368
;;;-0,0000612;-0,368
;;;-0,000061;-0,368
;;;-0,0000608;-0,368
;;;-0,0000606;-0,368
;;;-0,0000604;-0,368
;;;-0,0000602;-0,368
;;;-0,00006;-0,368
;;;-0,0000598;-0,368
;;;-0,0000596;-0,368
;;;-0,0000594;-0,368
;;;-0,0000592;-0,368
;;;-0,000059;-0,368
;;;-0,0000588;-0,368
;;;-0,0000586;-0,352
;;;-0,0000584;-0,352
;;;-0,0000582;-0,352
;;;-0,000058;-0,352
;;;-0,0000578;-0,352
;;;-0,0000576;-0,352
;;;-0,0000574;-0,352
;;;-0,0000572;-0,352
;;;-0,000057;-0,352
;;;-0,0000568;-0,352
;;;-0,0000566;-0,352
;;;-0,0000564;-0,352
;;;-0,0000562;-0,352
;;;-0,000056;-0,352
;;;-0,0000558;-0,352
;;;-0,0000556;-0,352
;;;-0,0000554;-0,352
;;;-0,0000552;-0,352
;;;-0,000055;-0,336
;;;-0,0000548;-0,336
;;;-0,0000546;-0,336
;;;-0,0000544;-0,336
;;;-0,0000542;-0,336
;;;-0,000054;-0,336
;;;-0,0000538;-0,336
;;;-0,0000536;-0,336
;;;-0,0000534;-0,336
;;;-0,0000532;-0,336
;;;-0,000053;-0,336
;;;-0,0000528;-0,336
;;;-0,0000526;-0,336
;;;-0,0000524;-0,336
;;;-0,0000522;-0,336
;;;-0,000052;-0,336
;;;-0,0000518;-0,336
;;;-0,0000516;-0,336
;;;-0,0000514;-0,32
;;;-0,0000512;-0,32
;;;-0,000051;-0,32
;;;-0,0000508;-0,32
;;;-0,0000506;-0,32
;;;-0,0000504;-0,32
;;;-0,0000502;-0,32
;;;-0,00005;-0,32
;;;-0,0000498;-0,32
;;;-0,0000496;-0,32
;;;-0,0000494;-0,32
;;;-0,0000492;-0,32
;;;-0,000049;-0,32
;;;-0,0000488;-0,32
;;;-0,0000486;-0,32
;;;-0,0000484;-0,304
;;;-0,0000482;-0,304
;;;-0,000048;-0,304
;;;-0,0000478;-0,304
;;;-0,0000476;-0,304
;;;-0,0000474;-0,304
;;;-0,0000472;-0,304
;;;-0,000047;-0,304
;;;-0,0000468;-0,304
;;;-0,0000466;-0,304
;;;-0,0000464;-0,304
;;;-0,0000462;-0,304
;;;-0,000046;-0,304
;;;-0,0000458;-0,304
;;;-0,0000456;-0,304
;;;-0,0000454;-0,304
;;;-0,0000452;-0,288
;;;-0,000045;-0,288
;;;-0,0000448;-0,288
;;;-0,0000446;-0,288
;;;-0,0000444;-0,288
;;;-0,0000442;-0,288
;;;-0,000044;-0,288
;;;-0,0000438;-0,288
;;;-0,0000436;-0,288
;;;-0,0000434;-0,288
;;;-0,0000432;-0,288
;;;-0,000043;-0,288
;;;-0,0000428;-0,288
;;;-0,0000426;-0,288
;;;-0,0000424;-0,288
;;;-0,0000422;-0,288
;;;-0,000042;-0,272
;;;-0,0000418;-0,272
;;;-0,0000416;-0,272
;;;-0,0000414;-0,272
;;;-0,0000412;-0,272
;;;-0,000041;-0,272
;;;-0,0000408;-0,272
;;;-0,0000406;-0,272
;;;-0,0000404;-0,272
;;;-0,0000402;-0,272
;;;-0,00004;-0,272
;;;-0,0000398;-0,272
;;;-0,0000396;-0,272
;;;-0,0000394;-0,272
;;;-0,0000392;-0,272
;;;-0,000039;-0,272
;;;-0,0000388;-0,272
;;;-0,0000386;-0,272
;;;-0,0000384;-0,256
;;;-0,0000382;-0,256
;;;-0,000038;-0,256
;;;-0,0000378;-0,256
;;;-0,0000376;-0,256
;;;-0,0000374;-0,256
;;;-0,0000372;-0,256
;;;-0,000037;-0,256
;;;-0,0000368;-0,256
;;;-0,0000366;-0,256
;;;-0,0000364;-0,256
;;;-0,0000362;-0,256
;;;-0,000036;-0,256
;;;-0,0000358;-0,256
;;;-0,0000356;-0,24
;;;-0,0000354;-0,256
;;;-0,0000352;-0,24
;;;-0,000035;-0,24
;;;-0,0000348;-0,24
;;;-0,0000346;-0,24
;;;-0,0000344;-0,24
;;;-0,0000342;-0,24
;;;-0,000034;-0,24
;;;-0,0000338;-0,24
;;;-0,0000336;-0,24
;;;-0,0000334;-0,24
;;;-0,0000332;-0,24
;;;-0,000033;-0,24
;;;-0,0000328;-0,24
;;;-0,0000326;-0,24
;;;-0,0000324;-0,24
;;;-0,0000322;-0,24
;;;-0,000032;-0,224
;;;-0,0000318;-0,224
;;;-0,0000316;-0,24
;;;-0,0000314;-0,224
;;;-0,0000312;-0,224
;;;-0,000031;-0,224
;;;-0,0000308;-0,224
;;;-0,0000306;-0,224
;;;-0,0000304;-0,224
;;;-0,0000302;-0,224
;;;-0,00003;-0,224
;;;-0,0000298;-0,224
;;;-0,0000296;-0,224
;;;-0,0000294;-0,224
;;;-0,0000292;-0,224
;;;-0,000029;-0,224
;;;-0,0000288;-0,224
;;;-0,0000286;-0,208
;;;-0,0000284;-0,208
;;;-0,0000282;-0,208
;;;-0,000028;-0,208
;;;-0,0000278;-0,208
;;;-0,0000276;-0,208
;;;-0,0000274;-0,208
;;;-0,0000272;-0,208
;;;-0,000027;-0,208
;;;-0,0000268;-0,208
;;;-0,0000266;-0,208
;;;-0,0000264;-0,208
;;;-0,0000262;-0,208
;;;-0,000026;-0,208
;;;-0,0000258;-0,208
;;;-0,0000256;-0,208
;;;-0,0000254;-0,208
;;;-0,0000252;-0,192
;;;-0,000025;-0,192
;;;-0,0000248;-0,192
;;;-0,0000246;-0,192
;;;-0,0000244;-0,192
;;;-0,0000242;-0,192
;;;-0,000024;-0,192
;;;-0,0000238;-0,192
;;;-0,0000236;-0,192
;;;-0,0000234;-0,192
;;;-0,0000232;-0,192
;;;-0,000023;-0,192
;;;-0,0000228;-0,192
;;;-0,0000226;-0,192
;;;-0,0000224;-0,192
;;;-0,0000222;-0,176
;;;-0,000022;-0,176
;;;-0,0000218;-0,176
;;;-0,0000216;-0,176
;;;-0,0000214;-0,176
;;;-0,0000212;-0,176
;;;-0,000021;-0,176
;;;-0,0000208;-0,176
;;;-0,0000206;-0,176
;;;-0,0000204;-0,176
;;;-0,0000202;-0,176
;;;-0,00002;-0,176
;;;-0,0000198;-0,176
;;;-0,0000196;-0,176
;;;-0,0000194;-0,176
;;;-0,0000192;-0,176
;;;-0,000019;-0,176
;;;-0,0000188;-0,176
;;;-0,0000186;-0,16
;;;-0,0000184;-0,16
;;;-0,0000182;-0,16
;;;-0,000018;-0,16
;;;-0,0000178;-0,16
;;;-0,0000176;-0,16
;;;-0,0000174;-0,16
;;;-0,0000172;-0,16
;;;-0,000017;-0,16
;;;-0,0000168;-0,16
;;;-0,0000166;-0,16
;;;-0,0000164;-0,16
;;;-0,0000162;-0,16
;;;-0,000016;-0,16
;;;-0,0000158;-0,16
;;;-0,0000156;-0,144
;;;-0,0000154;-0,144
;;;-0,0000152;-0,144
;;;-0,000015;-0,144
;;;-0,0000148;-0,144
;;;-0,0000146;-0,144
;;;-0,0000144;-0,144
;;;-0,0000142;-0,144
;;;-0,000014;-0,144
;;;-0,0000138;-0,144
;;;-0,0000136;-0,144
;;;-0,0000134;-0,144
;;;-0,0000132;-0,144
;;;-0,000013;-0,144
;;;-0,0000128;-0,144
;;;-0,0000126;-0,144
;;;-0,0000124;-0,144
;;;-0,0000122;-0,128
;;;-0,000012;-0,144
;;;-0,0000118;-0,128
;;;-0,0000116;-0,128
;;;-0,0000114;-0,128
;;;-0,0000112;-0,128
;;;-0,000011;-0,128
;;;-0,0000108;-0,128
;;;-0,0000106;-0,128
;;;-0,0000104;-0,128
;;;-0,0000102;-0,128
;;;-0,00001;-0,128
;;;-0,0000098;-0,128
;;;-0,0000096;-0,128
;;;-0,0000094;-0,128
;;;-0,0000092;-0,128
;;;-0,000009;-0,128
;;;-0,0000088;-0,112
;;;-0,0000086;-0,112
;;;-0,0000084;-0,112
;;;-0,0000082;-0,112
;;;-0,000008;-0,112
;;;-0,0000078;-0,112
;;;-0,0000076;-0,112
;;;-0,0000074;-0,112
;;;-0,0000072;-0,112
;;;-0,000007;-0,112
;;;-0,0000068;-0,112
;;;-0,0000066;-0,112
;;;-0,0000064;-0,112
;;;-0,0000062;-0,112
;;;-0,000006;-0,112
;;;-0,0000058;-0,112
;;;-0,0000056;-0,096
;;;-0,0000054;-0,096
;;;-0,0000052;-0,096
;;;-0,000005;-0,096
;;;-0,0000048;-0,096
;;;-0,0000046;-0,096
;;;-0,0000044;-0,096
;;;-0,0000042;-0,096
;;;-0,000004;-0,096
;;;-0,0000038;-0,096
;;;-0,0000036;-0,096
;;;-0,0000034;-0,096
;;;-0,0000032;-0,096
;;;-0,000003;-0,096
;;;-0,0000028;-0,096
;;;-0,0000026;-0,096
;;;-0,0000024;-0,096
;;;-0,0000022;-0,08
;;;-0,000002;-0,08
;;;-0,0000018;-0,08
;;;-0,0000016;-0,08
;;;-0,0000014;-0,08
;;;-0,0000012;-0,08
;;;-0,000001;-0,08
;;;-0,0000008;-0,08
;;;-0,0000006;-0,08
;;;-0,0000004;-0,08
;;;-0,0000002;-0,08
;;;0;-0,08
;;;0,0000002;-0,08
;;;0,0000004;-0,08
;;;0,0000006;-0,08
;;;0,0000008;-0,064
;;;0,000001;-0,064
;;;0,0000012;-0,064
;;;0,0000014;-0,064
;;;0,0000016;-0,064
;;;0,0000018;-0,064
;;;0,000002;-0,064
;;;0,0000022;-0,064
;;;0,0000024;-0,064
;;;0,0000026;-0,064
;;;0,0000028;-0,064
;;;0,000003;-0,064
;;;0,0000032;-0,064
;;;0,0000034;-0,064
;;;0,0000036;-0,064
;;;0,0000038;-0,064
;;;0,000004;-0,064
;;;0,0000042;-0,048
;;;0,0000044;-0,048
;;;0,0000046;-0,048
;;;0,0000048;-0,048
;;;0,000005;-0,048
;;;0,0000052;-0,048
;;;0,0000054;-0,048
;;;0,0000056;-0,048
;;;0,0000058;-0,048
;;;0,000006;-0,048
;;;0,0000062;-0,048
;;;0,0000064;-0,048
;;;0,0000066;-0,048
;;;0,0000068;-0,048
;;;0,000007;-0,048
;;;0,0000072;-0,048
;;;0,0000074;-0,048
;;;0,0000076;-0,048
;;;0,0000078;-0,032
;;;0,000008;-0,032
;;;0,0000082;-0,032
;;;0,0000084;-0,032
;;;0,0000086;-0,032
;;;0,0000088;-0,032
;;;0,000009;-0,032
;;;0,0000092;-0,032
;;;0,0000094;-0,032
;;;0,0000096;-0,032
;;;0,0000098;-0,032
;;;0,00001;-0,032
;;;0,0000102;-0,032
;;;0,0000104;-0,032
;;;0,0000106;-0,032
;;;0,0000108;-0,032
;;;0,000011;-0,032
;;;0,0000112;-0,016
;;;0,0000114;-0,016
;;;0,0000116;-0,016
;;;0,0000118;-0,016
;;;0,000012;-0,016
;;;0,0000122;-0,016
;;;0,0000124;-0,016
;;;0,0000126;-0,016
;;;0,0000128;-0,016
;;;0,000013;-0,016
;;;0,0000132;-0,016
;;;0,0000134;-0,016
;;;0,0000136;-0,016
;;;0,0000138;-0,016
;;;0,000014;-0,016
;;;0,0000142;0
;;;0,0000144;-0,016
;;;0,0000146;0
;;;0,0000148;0
;;;0,000015;0
;;;0,0000152;0
;;;0,0000154;0
;;;0,0000156;0
;;;0,0000158;0
;;;0,000016;0
;;;0,0000162;0
;;;0,0000164;0
;;;0,0000166;0
;;;0,0000168;0
;;;0,000017;0
;;;0,0000172;0
;;;0,0000174;0
;;;0,0000176;0
;;;0,0000178;0,016
;;;0,000018;0,016
;;;0,0000182;0,016
;;;0,0000184;0,016
;;;0,0000186;0,016
;;;0,0000188;0,016
;;;0,000019;0,016
;;;0,0000192;0,016
;;;0,0000194;0,016
;;;0,0000196;0,016
;;;0,0000198;0,016
;;;0,00002;0,016
;;;0,0000202;0,016
;;;0,0000204;0,016
;;;0,0000206;0,016
;;;0,0000208;0,016
;;;0,000021;0,016
;;;0,0000212;0,032
;;;0,0000214;0,032
;;;0,0000216;0,032
;;;0,0000218;0,032
;;;0,000022;0,032
;;;0,0000222;0,032
;;;0,0000224;0,032
;;;0,0000226;0,032
;;;0,0000228;0,032
;;;0,000023;0,032
;;;0,0000232;0,032
;;;0,0000234;0,032
;;;0,0000236;0,032
;;;0,0000238;0,032
;;;0,000024;0,032
;;;0,0000242;0,032
;;;0,0000244;0,032
;;;0,0000246;0,032
;;;0,0000248;0,048
;;;0,000025;0,048
;;;0,0000252;0,048
;;;0,0000254;0,048
;;;0,0000256;0,048
;;;0,0000258;0,048
;;;0,000026;0,048
;;;0,0000262;0,048
;;;0,0000264;0,048
;;;0,0000266;0,048
;;;0,0000268;0,048
;;;0,000027;0,048
;;;0,0000272;0,048
;;;0,0000274;0,048
;;;0,0000276;0,048
;;;0,0000278;0,048
;;;0,000028;0,048
;;;0,0000282;0,048
;;;0,0000284;0,048
;;;0,0000286;0,064
;;;0,0000288;0,064
;;;0,000029;0,064
;;;0,0000292;0,064
;;;0,0000294;0,064
;;;0,0000296;0,064
;;;0,0000298;0,064
;;;0,00003;0,064
;;;0,0000302;0,064
;;;0,0000304;0,064
;;;0,0000306;0,064
;;;0,0000308;0,064
;;;0,000031;0,064
;;;0,0000312;0,064
;;;0,0000314;0,08
;;;0,0000316;0,064
;;;0,0000318;0,08
;;;0,000032;0,08
;;;0,0000322;0,08
;;;0,0000324;0,08
;;;0,0000326;0,08
;;;0,0000328;0,08
;;;0,000033;0,08
;;;0,0000332;0,08
;;;0,0000334;0,08
;;;0,0000336;0,08
;;;0,0000338;0,08
;;;0,000034;0,08
;;;0,0000342;0,08
;;;0,0000344;0,08
;;;0,0000346;0,08
;;;0,0000348;0,08
;;;0,000035;0,096
;;;0,0000352;0,096
;;;0,0000354;0,096
;;;0,0000356;0,096
;;;0,0000358;0,096
;;;0,000036;0,096
;;;0,0000362;0,096
;;;0,0000364;0,096
;;;0,0000366;0,096
;;;0,0000368;0,096
;;;0,000037;0,096
;;;0,0000372;0,096
;;;0,0000374;0,096
;;;0,0000376;0,096
;;;0,0000378;0,096
;;;0,000038;0,096
;;;0,0000382;0,096
;;;0,0000384;0,112
;;;0,0000386;0,112
;;;0,0000388;0,112
;;;0,000039;0,112
;;;0,0000392;0,112
;;;0,0000394;0,112
;;;0,0000396;0,112
;;;0,0000398;0,112
;;;0,00004;0,112
;;;0,0000402;0,112
;;;0,0000404;0,112
;;;0,0000406;0,112
;;;0,0000408;0,112
;;;0,000041;0,112
;;;0,0000412;0,112
;;;0,0000414;0,112
;;;0,0000416;0,128
;;;0,0000418;0,128
;;;0,000042;0,128
;;;0,0000422;0,128
;;;0,0000424;0,128
;;;0,0000426;0,128
;;;0,0000428;0,128
;;;0,000043;0,128
;;;0,0000432;0,128
;;;0,0000434;0,128
;;;0,0000436;0,128
;;;0,0000438;0,128
;;;0,000044;0,128
;;;0,0000442;0,128
;;;0,0000444;0,128
;;;0,0000446;0,128
;;;0,0000448;0,128
;;;0,000045;0,144
;;;0,0000452;0,128
;;;0,0000454;0,144
;;;0,0000456;0,144
;;;0,0000458;0,144
;;;0,000046;0,144
;;;0,0000462;0,144
;;;0,0000464;0,144
;;;0,0000466;0,144
;;;0,0000468;0,144
;;;0,000047;0,144
;;;0,0000472;0,144
;;;0,0000474;0,144
;;;0,0000476;0,144
;;;0,0000478;0,144
;;;0,000048;0,144
;;;0,0000482;0,144
;;;0,0000484;0,144
;;;0,0000486;0,16
;;;0,0000488;0,16
;;;0,000049;0,16
;;;0,0000492;0,16
;;;0,0000494;0,16
;;;0,0000496;0,16
;;;0,0000498;0,16
;;;0,00005;0,16
;;;0,0000502;0,16
;;;0,0000504;0,16
;;;0,0000506;0,16
;;;0,0000508;0,16
;;;0,000051;0,16
;;;0,0000512;0,16
;;;0,0000514;0,16
;;;0,0000516;0,176
;;;0,0000518;0,16
;;;0,000052;0,16
;;;0,0000522;0,176
;;;0,0000524;0,176
;;;0,0000526;0,176
;;;0,0000528;0,176
;;;0,000053;0,176
;;;0,0000532;0,176
;;;0,0000534;0,176
;;;0,0000536;0,176
;;;0,0000538;0,176
;;;0,000054;0,176
;;;0,0000542;0,176
;;;0,0000544;0,176
;;;0,0000546;0,176
;;;0,0000548;0,176
;;;0,000055;0,176
;;;0,0000552;0,176
;;;0,0000554;0,176
;;;0,0000556;0,192
;;;0,0000558;0,176
;;;0,000056;0,192
;;;0,0000562;0,192
;;;0,0000564;0,192
;;;0,0000566;0,192
;;;0,0000568;0,192
;;;0,000057;0,192
;;;0,0000572;0,192
;;;0,0000574;0,192
;;;0,0000576;0,192
;;;0,0000578;0,192
;;;0,000058;0,192
;;;0,0000582;0,192
;;;0,0000584;0,192
;;;0,0000586;0,208
;;;0,0000588;0,208
;;;0,000059;0,208
;;;0,0000592;0,208
;;;0,0000594;0,208
;;;0,0000596;0,208
;;;0,0000598;0,208
;;;0,00006;0,208
;;;0,0000602;0,208
;;;0,0000604;0,208
;;;0,0000606;0,208
;;;0,0000608;0,208
;;;0,000061;0,208
;;;0,0000612;0,208
;;;0,0000614;0,208
;;;0,0000616;0,208
;;;0,0000618;0,208
;;;0,000062;0,208
;;;0,0000622;0,224
;;;0,0000624;0,224
;;;0,0000626;0,224
;;;0,0000628;0,224
;;;0,000063;0,224
;;;0,0000632;0,224
;;;0,0000634;0,224
;;;0,0000636;0,224
;;;0,0000638;0,224
;;;0,000064;0,224
;;;0,0000642;0,224
;;;0,0000644;0,224
;;;0,0000646;0,224
;;;0,0000648;0,224
;;;0,000065;0,224
;;;0,0000652;0,224
;;;0,0000654;0,224
;;;0,0000656;0,224
;;;0,0000658;0,224
;;;0,000066;0,24
;;;0,0000662;0,24
;;;0,0000664;0,24
;;;0,0000666;0,24
;;;0,0000668;0,24
;;;0,000067;0,24
;;;0,0000672;0,24
;;;0,0000674;0,24
;;;0,0000676;0,24
;;;0,0000678;0,24
;;;0,000068;0,24
;;;0,0000682;0,24
;;;0,0000684;0,24
;;;0,0000686;0,24
;;;0,0000688;0,24
;;;0,000069;0,256
;;;0,0000692;0,256
;;;0,0000694;0,256
;;;0,0000696;0,256
;;;0,0000698;0,256
;;;0,00007;0,256
;;;0,0000702;0,256
;;;0,0000704;0,256
;;;0,0000706;0,256
;;;0,0000708;0,256
;;;0,000071;0,256
;;;0,0000712;0,256
;;;0,0000714;0,256
;;;0,0000716;0,256
;;;0,0000718;0,256
;;;0,000072;0,256
;;;0,0000722;0,256
;;;0,0000724;0,256
;;;0,0000726;0,256
;;;0,0000728;0,256
;;;0,000073;0,272
;;;0,0000732;0,256
;;;0,0000734;0,272
;;;0,0000736;0,272
;;;0,0000738;0,272
;;;0,000074;0,272
;;;0,0000742;0,272
;;;0,0000744;0,272
;;;0,0000746;0,272
;;;0,0000748;0,272
;;;0,000075;0,272
;;;0,0000752;0,272
;;;0,0000754;0,272
;;;0,0000756;0,272
;;;0,0000758;0,272
;;;0,000076;0,272
;;;0,0000762;0,288
;;;0,0000764;0,288
;;;0,0000766;0,288
;;;0,0000768;0,288
;;;0,000077;0,288
;;;0,0000772;0,288
;;;0,0000774;0,288
;;;0,0000776;0,288
;;;0,0000778;0,288
;;;0,000078;0,288
;;;0,0000782;0,288
;;;0,0000784;0,288
;;;0,0000786;0,288
;;;0,0000788;0,288
;;;0,000079;0,288
;;;0,0000792;0,288
;;;0,0000794;0,288
;;;0,0000796;0,304
;;;0,0000798;0,304
;;;0,00008;0,304
;;;0,0000802;0,304
;;;0,0000804;0,304
;;;0,0000806;0,304
;;;0,0000808;0,304
;;;0,000081;0,304
;;;0,0000812;0,304
;;;0,0000814;0,304
;;;0,0000816;0,304
;;;0,0000818;0,304
;;;0,000082;0,304
;;;0,0000822;0,304
;;;0,0000824;0,304
;;;0,0000826;0,304
;;;0,0000828;0,304
;;;0,000083;0,32
;;;0,0000832;0,304
;;;0,0000834;0,32
;;;0,0000836;0,32
;;;0,0000838;0,32
;;;0,000084;0,32
;;;0,0000842;0,32
;;;0,0000844;0,32
;;;0,0000846;0,32
;;;0,0000848;0,32
;;;0,000085;0,32
;;;0,0000852;0,32
;;;0,0000854;0,32
;;;0,0000856;0,32
;;;0,0000858;0,32
;;;0,000086;0,32
;;;0,0000862;0,336
;;;0,0000864;0,32
;;;0,0000866;0,336
;;;0,0000868;0,336
;;;0,000087;0,336
;;;0,0000872;0,336
;;;0,0000874;0,336
;;;0,0000876;0,336
;;;0,0000878;0,336
;;;0,000088;0,336
;;;0,0000882;0,336
;;;0,0000884;0,336
;;;0,0000886;0,336
;;;0,0000888;0,336
;;;0,000089;0,336
;;;0,0000892;0,336
;;;0,0000894;0,336
;;;0,0000896;0,336
;;;0,0000898;0,352
;;;0,00009;0,352
;;;0,0000902;0,352
;;;0,0000904;0,352
;;;0,0000906;0,352
;;;0,0000908;0,352
;;;0,000091;0,352
;;;0,0000912;0,352
;;;0,0000914;0,352
;;;0,0000916;0,352
;;;0,0000918;0,352
;;;0,000092;0,352
;;;0,0000922;0,352
;;;0,0000924;0,352
;;;0,0000926;0,352
;;;0,0000928;0,352
;;;0,000093;0,352
;;;0,0000932;0,352
;;;0,0000934;0,368
;;;0,0000936;0,368
;;;0,0000938;0,368
;;;0,000094;0,368
;;;0,0000942;0,368
;;;0,0000944;0,368
;;;0,0000946;0,368
;;;0,0000948;0,368
;;;0,000095;0,368
;;;0,0000952;0,368
;;;0,0000954;0,368
;;;0,0000956;0,368
;;;0,0000958;0,368
;;;0,000096;0,368
;;;0,0000962;0,368
;;;0,0000964;0,368
;;;0,0000966;0,368
;;;0,0000968;0,384
;;;0,000097;0,384
;;;0,0000972;0,384
;;;0,0000974;0,384
;;;0,0000976;0,384
;;;0,0000978;0,384
;;;0,000098;0,384
;;;0,0000982;0,384
;;;0,0000984;0,384
;;;0,0000986;0,384
;;;0,0000988;0,384
;;;0,000099;0,384
;;;0,0000992;0,384
;;;0,0000994;0,384
;;;0,0000996;0,384
;;;0,0000998;0,384
;;;0,0001;0,384
;;;0,0001002;0,4
;;;0,0001004;0,384
;;;0,0001006;0,4
;;;0,0001008;0,4
;;;0,000101;0,4
;;;0,0001012;0,4
;;;0,0001014;0,4
;;;0,0001016;0,4
;;;0,0001018;0,4
;;;0,000102;0,4
;;;0,0001022;0,4
;;;0,0001024;0,4
;;;0,0001026;0,4
;;;0,0001028;0,4
;;;0,000103;0,4
;;;0,0001032;0,4
;;;0,0001034;0,4
;;;0,0001036;0,4
;;;0,0001038;0,4
;;;0,000104;0,416
;;;0,0001042;0,416
;;;0,0001044;0,416
;;;0,0001046;0,416
;;;0,0001048;0,416
;;;0,000105;0,416
;;;0,0001052;0,416
;;;0,0001054;0,416
;;;0,0001056;0,416
;;;0,0001058;0,416
;;;0,000106;0,416
;;;0,0001062;0,416
;;;0,0001064;0,416
;;;0,0001066;0,416
;;;0,0001068;0,416
;;;0,000107;0,416
;;;0,0001072;0,416
;;;0,0001074;0,416
;;;0,0001076;0,432
;;;0,0001078;0,432
;;;0,000108;0,432
;;;0,0001082;0,432
;;;0,0001084;0,432
;;;0,0001086;0,432
;;;0,0001088;0,432
;;;0,000109;0,432
;;;0,0001092;0,432
;;;0,0001094;0,432
;;;0,0001096;0,432
;;;0,0001098;0,432
;;;0,00011;0,432
;;;0,0001102;0,432
;;;0,0001104;0,432
;;;0,0001106;0,432
;;;0,0001108;0,432
;;;0,000111;0,448
;;;0,0001112;0,448
;;;0,0001114;0,448
;;;0,0001116;0,448
;;;0,0001118;0,448
;;;0,000112;0,448
;;;0,0001122;0,448
;;;0,0001124;0,448
;;;0,0001126;0,448
;;;0,0001128;0,448
;;;0,000113;0,448
;;;0,0001132;0,448
;;;0,0001134;0,448
;;;0,0001136;0,448
;;;0,0001138;0,448
;;;0,000114;0,448
;;;0,0001142;0,448
;;;0,0001144;0,464
;;;0,0001146;0,464
;;;0,0001148;0,464
;;;0,000115;0,464
;;;0,0001152;0,464
;;;0,0001154;0,464
;;;0,0001156;0,464
;;;0,0001158;0,464
;;;0,000116;0,464
;;;0,0001162;0,464
;;;0,0001164;0,464
;;;0,0001166;0,464
;;;0,0001168;0,464
;;;0,000117;0,464
;;;0,0001172;0,464
;;;0,0001174;0,464
;;;0,0001176;0,464
;;;0,0001178;0,464
;;;0,000118;0,48
;;;0,0001182;0,48
;;;0,0001184;0,48
;;;0,0001186;0,48
;;;0,0001188;0,48
;;;0,000119;0,48
;;;0,0001192;0,48
;;;0,0001194;0,48
;;;0,0001196;0,48
;;;0,0001198;0,48
;;;0,00012;0,48
;;;0,0001202;0,48
;;;0,0001204;0,48
;;;0,0001206;0,48
;;;0,0001208;0,48
;;;0,000121;0,48
;;;0,0001212;0,48
;;;0,0001214;0,48
;;;0,0001216;0,48
;;;0,0001218;0,48
;;;0,000122;0,496
;;;0,0001222;0,496
;;;0,0001224;0,496
;;;0,0001226;0,496
;;;0,0001228;0,496
;;;0,000123;0,496
;;;0,0001232;0,496
;;;0,0001234;0,496
;;;0,0001236;0,496
;;;0,0001238;0,496
;;;0,000124;0,496
;;;0,0001242;0,496
;;;0,0001244;0,496
;;;0,0001246;0,496
;;;0,0001248;0,496
;;;0,000125;0,496
;;;0,0001252;0,512
;;;0,0001254;0,512
;;;0,0001256;0,512
;;;0,0001258;0,512
;;;0,000126;0,512
;;;0,0001262;0,512
;;;0,0001264;0,512
;;;0,0001266;0,512
;;;0,0001268;0,512
;;;0,000127;0,512
;;;0,0001272;0,512
;;;0,0001274;0,512
;;;0,0001276;0,512
;;;0,0001278;0,512
;;;0,000128;0,512
;;;0,0001282;0,512
;;;0,0001284;0,512
;;;0,0001286;0,528
;;;0,0001288;0,528
;;;0,000129;0,528
;;;0,0001292;0,528
;;;0,0001294;0,528
;;;0,0001296;0,528
;;;0,0001298;0,528
;;;0,00013;0,528
;;;0,0001302;0,528
;;;0,0001304;0,528
;;;0,0001306;0,528
;;;0,0001308;0,528
;;;0,000131;0,528
;;;0,0001312;0,528
;;;0,0001314;0,528
;;;0,0001316;0,528
;;;0,0001318;0,528
;;;0,000132;0,544
;;;0,0001322;0,528
;;;0,0001324;0,528
;;;0,0001326;0,544
;;;0,0001328;0,544
;;;0,000133;0,544
;;;0,0001332;0,544
;;;0,0001334;0,544
;;;0,0001336;0,544
;;;0,0001338;0,544
;;;0,000134;0,544
;;;0,0001342;0,544
;;;0,0001344;0,544
;;;0,0001346;0,544
;;;0,0001348;0,544
;;;0,000135;0,544
;;;0,0001352;0,544
;;;0,0001354;0,56
;;;0,0001356;0,56
;;;0,0001358;0,544
;;;0,000136;0,56
;;;0,0001362;0,56
;;;0,0001364;0,56
;;;0,0001366;0,56
;;;0,0001368;0,56
;;;0,000137;0,56
;;;0,0001372;0,56
;;;0,0001374;0,56
;;;0,0001376;0,56
;;;0,0001378;0,56
;;;0,000138;0,56
;;;0,0001382;0,56
;;;0,0001384;0,56
;;;0,0001386;0,56
;;;0,0001388;0,56
;;;0,000139;0,56
;;;0,0001392;0,576
;;;0,0001394;0,576
;;;0,0001396;0,576
;;;0,0001398;0,576
;;;0,00014;0,576
;;;0,0001402;0,576
;;;0,0001404;0,576
;;;0,0001406;0,576
;;;0,0001408;0,576
;;;0,000141;0,576
;;;0,0001412;0,576
;;;0,0001414;0,576
;;;0,0001416;0,576
;;;0,0001418;0,576
;;;0,000142;0,576
;;;0,0001422;0,576
;;;0,0001424;0,576
;;;0,0001426;0,592
;;;0,0001428;0,576
;;;0,000143;0,592
;;;0,0001432;0,592
;;;0,0001434;0,592
;;;0,0001436;0,592
;;;0,0001438;0,592
;;;0,000144;0,592
;;;0,0001442;0,592
;;;0,0001444;0,592
;;;0,0001446;0,592
;;;0,0001448;0,592
;;;0,000145;0,592
;;;0,0001452;0,592
;;;0,0001454;0,592
;;;0,0001456;0,592
;;;0,0001458;0,592
;;;0,000146;0,592
;;;0,0001462;0,592
;;;0,0001464;0,592
;;;0,0001466;0,592
;;;0,0001468;0,608
;;;0,000147;0,608
;;;0,0001472;0,608
;;;0,0001474;0,608
;;;0,0001476;0,608
;;;0,0001478;0,608
;;;0,000148;0,608
;;;0,0001482;0,608
;;;0,0001484;0,608
;;;0,0001486;0,608
;;;0,0001488;0,608
;;;0,000149;0,608
;;;0,0001492;0,608
;;;0,0001494;0,608
;;;0,0001496;0,608
;;;0,0001498;0,608
;;;0,00015;0,608
;;;0,0001502;0,608
;;;0,0001504;0,608
;;;0,0001506;0,624
;;;0,0001508;0,624
;;;0,000151;0,624
;;;0,0001512;0,624
;;;0,0001514;0,624
;;;0,0001516;0,624
;;;0,0001518;0,624
;;;0,000152;0,624
;;;0,0001522;0,624
;;;0,0001524;0,624
;;;0,0001526;0,624
;;;0,0001528;0,624
;;;0,000153;0,624
;;;0,0001532;0,624
;;;0,0001534;0,624
;;;0,0001536;0,624
;;;0,0001538;0,624
;;;0,000154;0,624
;;;0,0001542;0,64
;;;0,0001544;0,624
;;;0,0001546;0,64
;;;0,0001548;0,64
;;;0,000155;0,64
;;;0,0001552;0,64
;;;0,0001554;0,64
;;;0,0001556;0,64
;;;0,0001558;0,64
;;;0,000156;0,64
;;;0,0001562;0,64
;;;0,0001564;0,64
;;;0,0001566;0,64
;;;0,0001568;0,64
;;;0,000157;0,64
;;;0,0001572;0,64
;;;0,0001574;0,64
;;;0,0001576;0,656
;;;0,0001578;0,64
;;;0,000158;0,656
;;;0,0001582;0,656
;;;0,0001584;0,656
;;;0,0001586;0,656
;;;0,0001588;0,656
;;;0,000159;0,656
;;;0,0001592;0,656
;;;0,0001594;0,656
;;;0,0001596;0,656
;;;0,0001598;0,656
;;;0,00016;0,656
;;;0,0001602;0,656
;;;0,0001604;0,656
;;;0,0001606;0,656
;;;0,0001608;0,672
;;;0,000161;0,656
;;;0,0001612;0,656
;;;0,0001614;0,656
;;;0,0001616;0,656
;;;0,0001618;0,656
;;;0,000162;0,672
;;;0,0001622;0,672
;;;0,0001624;0,672
;;;0,0001626;0,672
;;;0,0001628;0,672
;;;0,000163;0,672
;;;0,0001632;0,672
;;;0,0001634;0,672
;;;0,0001636;0,672
;;;0,0001638;0,672
;;;0,000164;0,672
;;;0,0001642;0,672
;;;0,0001644;0,672
;;;0,0001646;0,672
;;;0,0001648;0,672
;;;0,000165;0,672
;;;0,0001652;0,672
;;;0,0001654;0,672
;;;0,0001656;0,688
;;;0,0001658;0,688
;;;0,000166;0,688
;;;0,0001662;0,688
;;;0,0001664;0,688
;;;0,0001666;0,688
;;;0,0001668;0,688
;;;0,000167;0,688
;;;0,0001672;0,688
;;;0,0001674;0,688
;;;0,0001676;0,688
;;;0,0001678;0,688
;;;0,000168;0,688
;;;0,0001682;0,688
;;;0,0001684;0,688
;;;0,0001686;0,688
;;;0,0001688;0,688
;;;0,000169;0,688
;;;0,0001692;0,704
;;;0,0001694;0,688
;;;0,0001696;0,688
;;;0,0001698;0,704
;;;0,00017;0,704
;;;0,0001702;0,704
;;;0,0001704;0,704
;;;0,0001706;0,704
;;;0,0001708;0,704
;;;0,000171;0,704
;;;0,0001712;0,704
;;;0,0001714;0,704
;;;0,0001716;0,704
;;;0,0001718;0,704
;;;0,000172;0,704
;;;0,0001722;0,704
;;;0,0001724;0,704
;;;0,0001726;0,704
;;;0,0001728;0,704
;;;0,000173;0,704
;;;0,0001732;0,72
;;;0,0001734;0,72
;;;0,0001736;0,72
;;;0,0001738;0,72
;;;0,000174;0,72
;;;0,0001742;0,72
;;;0,0001744;0,72
;;;0,0001746;0,72
;;;0,0001748;0,72
;;;0,000175;0,72
;;;0,0001752;0,72
;;;0,0001754;0,72
;;;0,0001756;0,72
;;;0,0001758;0,72
;;;0,000176;0,72
;;;0,0001762;0,72
;;;0,0001764;0,72
;;;0,0001766;0,72
;;;0,0001768;0,72
;;;0,000177;0,736
;;;0,0001772;0,736
;;;0,0001774;0,736
;;;0,0001776;0,736
;;;0,0001778;0,736
;;;0,000178;0,736
;;;0,0001782;0,736
;;;0,0001784;0,736
;;;0,0001786;0,736
;;;0,0001788;0,736
;;;0,000179;0,736
;;;0,0001792;0,736
;;;0,0001794;0,736
;;;0,0001796;0,736
;;;0,0001798;0,736
;;;0,00018;0,736
;;;0,0001802;0,736
;;;0,0001804;0,736
;;;0,0001806;0,736
;;;0,0001808;0,736
;;;0,000181;0,752
;;;0,0001812;0,752
;;;0,0001814;0,752
;;;0,0001816;0,752
;;;0,0001818;0,752
;;;0,000182;0,752
;;;0,0001822;0,752
;;;0,0001824;0,752
;;;0,0001826;0,752
;;;0,0001828;0,752
;;;0,000183;0,752
;;;0,0001832;0,752
;;;0,0001834;0,752
;;;0,0001836;0,752
;;;0,0001838;0,752
;;;0,000184;0,752
;;;0,0001842;0,752
;;;0,0001844;0,752
;;;0,0001846;0,752
;;;0,0001848;0,752
;;;0,000185;0,752
;;;0,0001852;0,768
;;;0,0001854;0,768
;;;0,0001856;0,768
;;;0,0001858;0,768
;;;0,000186;0,768
;;;0,0001862;0,768
;;;0,0001864;0,768
;;;0,0001866;0,768
;;;0,0001868;0,768
;;;0,000187;0,768
;;;0,0001872;0,768
;;;0,0001874;0,768
;;;0,0001876;0,768
;;;0,0001878;0,768
;;;0,000188;0,768
;;;0,0001882;0,768
;;;0,0001884;0,768
;;;0,0001886;0,768
;;;0,0001888;0,768
;;;0,000189;0,768
;;;0,0001892;0,768
;;;0,0001894;0,784
;;;0,0001896;0,768
;;;0,0001898;0,784
;;;0,00019;0,784
;;;0,0001902;0,784
;;;0,0001904;0,784
;;;0,0001906;0,784
;;;0,0001908;0,784
;;;0,000191;0,784
;;;0,0001912;0,784
;;;0,0001914;0,784
;;;0,0001916;0,784
;;;0,0001918;0,784
;;;0,000192;0,784
;;;0,0001922;0,784
;;;0,0001924;0,784
;;;0,0001926;0,784
;;;0,0001928;0,784
;;;0,000193;0,784
;;;0,0001932;0,784
;;;0,0001934;0,784
;;;0,0001936;0,784
;;;0,0001938;0,8
;;;0,000194;0,784
;;;0,0001942;0,784
;;;0,0001944;0,8
;;;0,0001946;0,784
;;;0,0001948;0,8
;;;0,000195;0,8
;;;0,0001952;0,8
;;;0,0001954;0,8
;;;0,0001956;0,8
;;;0,0001958;0,8
;;;0,000196;0,8
;;;0,0001962;0,8
;;;0,0001964;0,8
;;;0,0001966;0,8
;;;0,0001968;0,8
;;;0,000197;0,8
;;;0,0001972;0,8
;;;0,0001974;0,8
;;;0,0001976;0,8
;;;0,0001978;0,8
;;;0,000198;0,8
;;;0,0001982;0,8
;;;0,0001984;0,8
;;;0,0001986;0,8
;;;0,0001988;0,816
;;;0,000199;0,8
;;;0,0001992;0,8
;;;0,0001994;0,816
;;;0,0001996;0,816
;;;0,0001998;0,816
;;;0,0002;0,816
;;;0,0002002;0,816
;;;0,0002004;0,816
;;;0,0002006;0,816
;;;0,0002008;0,816
;;;0,000201;0,816
;;;0,0002012;0,816
;;;0,0002014;0,816
;;;0,0002016;0,816
;;;0,0002018;0,816
;;;0,000202;0,816
;;;0,0002022;0,816
;;;0,0002024;0,816
;;;0,0002026;0,816
;;;0,0002028;0,816
;;;0,000203;0,816
;;;0,0002032;0,816
;;;0,0002034;0,816
;;;0,0002036;0,816
;;;0,0002038;0,816
;;;0,000204;0,816
;;;0,0002042;0,816
;;;0,0002044;0,816
;;;0,0002046;0,832
;;;0,0002048;0,816
;;;0,000205;0,816
;;;0,0002052;0,832
;;;0,0002054;0,832
;;;0,0002056;0,832
;;;0,0002058;0,832
;;;0,000206;0,832
;;;0,0002062;0,832
;;;0,0002064;0,832
;;;0,0002066;0,832
;;;0,0002068;0,832
;;;0,000207;0,832
;;;0,0002072;0,832
;;;0,0002074;0,832
;;;0,0002076;0,832
;;;0,0002078;0,832
;;;0,000208;0,832
;;;0,0002082;0,832
;;;0,0002084;0,832
;;;0,0002086;0,832
;;;0,0002088;0,832
;;;0,000209;0,832
;;;0,0002092;0,832
;;;0,0002094;0,832
;;;0,0002096;0,832
;;;0,0002098;0,832
;;;0,00021;0,832
;;;0,0002102;0,832
;;;0,0002104;0,832
;;;0,0002106;0,832
;;;0,0002108;0,832
;;;0,000211;0,832
;;;0,0002112;0,832
;;;0,0002114;0,832
;;;0,0002116;0,832
;;;0,0002118;0,832
;;;0,000212;0,832
;;;0,0002122;0,832
;;;0,0002124;0,848
;;;0,0002126;0,832
;;;0,0002128;0,832
;;;0,000213;0,832
;;;0,0002132;0,832
;;;0,0002134;0,832
;;;0,0002136;0,832
;;;0,0002138;0,832
;;;0,000214;0,848
;;;0,0002142;0,848
;;;0,0002144;0,848
;;;0,0002146;0,848
;;;0,0002148;0,848
;;;0,000215;0,848
;;;0,0002152;0,848
;;;0,0002154;0,848
;;;0,0002156;0,848
;;;0,0002158;0,848
;;;0,000216;0,848
;;;0,0002162;0,848
;;;0,0002164;0,848
;;;0,0002166;0,848
;;;0,0002168;0,848
;;;0,000217;0,848
;;;0,0002172;0,848
;;;0,0002174;0,848
;;;0,0002176;0,848
;;;0,0002178;0,848
;;;0,000218;0,848
;;;0,0002182;0,848
;;;0,0002184;0,848
;;;0,0002186;0,848
;;;0,0002188;0,848
;;;0,000219;0,848
;;;0,0002192;0,848
;;;0,0002194;0,848
;;;0,0002196;0,848
;;;0,0002198;0,848
;;;0,00022;0,848
;;;0,0002202;0,848
;;;0,0002204;0,848
;;;0,0002206;0,848
;;;0,0002208;0,848
;;;0,000221;0,848
;;;0,0002212;0,848
;;;0,0002214;0,848
;;;0,0002216;0,848
;;;0,0002218;0,848
;;;0,000222;0,848
;;;0,0002222;0,848
;;;0,0002224;0,848
;;;0,0002226;0,848
;;;0,0002228;0,848
;;;0,000223;0,848
;;;0,0002232;0,848
;;;0,0002234;0,848
;;;0,0002236;0,848
;;;0,0002238;0,848
;;;0,000224;0,848
;;;0,0002242;0,848
;;;0,0002244;0,848
;;;0,0002246;0,848
;;;0,0002248;0,848
;;;0,000225;0,848
;;;0,0002252;0,848
;;;0,0002254;0,848
;;;0,0002256;0,848
;;;0,0002258;0,848
;;;0,000226;0,848
;;;0,0002262;0,848
;;;0,0002264;0,848
;;;0,0002266;0,848
;;;0,0002268;0,848
;;;0,000227;0,848
;;;0,0002272;0,848
;;;0,0002274;0,848
;;;0,0002276;0,848
;;;0,0002278;0,848
;;;0,000228;0,848
;;;0,0002282;0,848
;;;0,0002284;0,848
;;;0,0002286;0,848
;;;0,0002288;0,848
;;;0,000229;0,848
;;;0,0002292;0,848
;;;0,0002294;0,848
;;;0,0002296;0,848
;;;0,0002298;0,848
;;;0,00023;0,848
;;;0,0002302;0,848
;;;0,0002304;0,848
;;;0,0002306;0,848
;;;0,0002308;0,848
;;;0,000231;0,848
;;;0,0002312;0,848
;;;0,0002314;0,848
;;;0,0002316;0,848
;;;0,0002318;0,848
;;;0,000232;0,848
;;;0,0002322;0,848
;;;0,0002324;0,848
;;;0,0002326;0,848
;;;0,0002328;0,848
;;;0,000233;0,848
;;;0,0002332;0,848
;;;0,0002334;0,848
;;;0,0002336;0,848
;;;0,0002338;0,848
;;;0,000234;0,848
;;;0,0002342;0,848
;;;0,0002344;0,848
;;;0,0002346;0,848
;;;0,0002348;0,848
;;;0,000235;0,848
;;;0,0002352;0,848
;;;0,0002354;0,848
;;;0,0002356;0,848
;;;0,0002358;0,848
;;;0,000236;0,848
;;;0,0002362;0,848
;;;0,0002364;0,848
;;;0,0002366;0,848
;;;0,0002368;0,848
;;;0,000237;0,848
;;;0,0002372;0,848
;;;0,0002374;0,848
;;;0,0002376;0,848
;;;0,0002378;0,848
;;;0,000238;0,848
;;;0,0002382;0,848
;;;0,0002384;0,848
;;;0,0002386;0,848
;;;0,0002388;0,848
;;;0,000239;0,848
;;;0,0002392;0,848
;;;0,0002394;0,848
;;;0,0002396;0,848
;;;0,0002398;0,848
;;;0,00024;0,848
;;;0,0002402;0,848
;;;0,0002404;0,848
;;;0,0002406;0,848
;;;0,0002408;0,848
;;;0,000241;0,848
;;;0,0002412;0,848
;;;0,0002414;0,848
;;;0,0002416;0,848
;;;0,0002418;0,848
;;;0,000242;0,848
;;;0,0002422;0,848
;;;0,0002424;0,848
;;;0,0002426;0,848
;;;0,0002428;0,848
;;;0,000243;0,848
;;;0,0002432;0,848
;;;0,0002434;0,848
;;;0,0002436;0,848
;;;0,0002438;0,848
;;;0,000244;0,848
;;;0,0002442;0,848
;;;0,0002444;0,848
;;;0,0002446;0,848
;;;0,0002448;0,848
;;;0,000245;0,848
;;;0,0002452;0,848
;;;0,0002454;0,848
;;;0,0002456;0,848
;;;0,0002458;0,848
;;;0,000246;0,848
;;;0,0002462;0,848
;;;0,0002464;0,848
;;;0,0002466;0,848
;;;0,0002468;0,848
;;;0,000247;0,848
;;;0,0002472;0,848
;;;0,0002474;0,848
;;;0,0002476;0,848
;;;0,0002478;0,848
;;;0,000248;0,848
;;;0,0002482;0,848
;;;0,0002484;0,848
;;;0,0002486;0,848
;;;0,0002488;0,848
;;;0,000249;0,848
;;;0,0002492;0,848
;;;0,0002494;0,848
;;;0,0002496;0,848
;;;0,0002498;0,848
;;;0,00025;0,848
;;;0,0002502;0,848
;;;0,0002504;0,848
;;;0,0002506;0,848
;;;0,0002508;0,848
;;;0,000251;0,848
;;;0,0002512;0,848
;;;0,0002514;0,848
;;;0,0002516;0,848
;;;0,0002518;0,848
;;;0,000252;0,848
;;;0,0002522;0,848
;;;0,0002524;0,848
;;;0,0002526;0,848
;;;0,0002528;0,848
;;;0,000253;0,848
;;;0,0002532;0,848
;;;0,0002534;0,848
;;;0,0002536;0,848
;;;0,0002538;0,848
;;;0,000254;0,848
;;;0,0002542;0,848
;;;0,0002544;0,848
;;;0,0002546;0,848
;;;0,0002548;0,848
;;;0,000255;0,848
;;;0,0002552;0,848
;;;0,0002554;0,848
;;;0,0002556;0,848
;;;0,0002558;0,848
;;;0,000256;0,848
;;;0,0002562;0,848
;;;0,0002564;0,848
;;;0,0002566;0,848
;;;0,0002568;0,848
;;;0,000257;0,848
;;;0,0002572;0,848
;;;0,0002574;0,848
;;;0,0002576;0,848
;;;0,0002578;0,848
;;;0,000258;0,848
;;;0,0002582;0,848
;;;0,0002584;0,848
;;;0,0002586;0,848
;;;0,0002588;0,848
;;;0,000259;0,848
;;;0,0002592;0,848
;;;0,0002594;0,848
;;;0,0002596;0,848
;;;0,0002598;0,848
;;;0,00026;0,848
;;;0,0002602;0,848
;;;0,0002604;0,848
;;;0,0002606;0,848
;;;0,0002608;0,848
;;;0,000261;0,848
;;;0,0002612;0,848
;;;0,0002614;0,848
;;;0,0002616;0,848
;;;0,0002618;0,848
;;;0,000262;0,848
;;;0,0002622;0,848
;;;0,0002624;0,848
;;;0,0002626;0,848
;;;0,0002628;0,848
;;;0,000263;0,848
;;;0,0002632;0,848
;;;0,0002634;0,848
;;;0,0002636;0,848
;;;0,0002638;0,848
