Record Length,2.500000e+03,,   0.003260000000,   0.24000,
Sample Interval,4.000000e-07,,   0.003260400000,   0.23200,
Trigger Point,-8.150000000000e+03,,   0.003260800000,   0.22400,
,,,   0.003261200000,   0.23200,
,,,   0.003261600000,   0.23200,
,,,   0.003262000000,   0.21600,
Source,CH1,,   0.003262400000,   0.21600,
Vertical Units,V,,   0.003262800000,   0.22400,
Vertical Scale,2.000000e-01,,   0.003263200000,   0.21600,
Vertical Offset,8.000000e-03,,   0.003263600000,   0.20800,
Horizontal Units,s,,   0.003264000000,   0.20000,
Horizontal Scale,1.000000e-04,,   0.003264400000,   0.20800,
Pt Fmt,Y,,   0.003264800000,   0.19200,
Yzero,0.000000e+00,,   0.003265200000,   0.19200,
Probe Atten,1.000000e+00,,   0.003265600000,   0.18400,
Model Number,TBS1072B-EDU,,   0.003266000000,   0.18400,
Serial Number,C015526,,   0.003266400000,   0.19200,
Firmware Version,FV:v4.06,,   0.003266800000,   0.17600,
,,,0.003267200000,   0.18400,
,,,0.003267600000,   0.17600,
,,,0.003268000000,   0.17600,
,,,0.003268400000,   0.16800,
,,,0.003268800000,   0.16000,
,,,0.003269200000,   0.16000,
,,,0.003269600000,   0.15200,
,,,0.003270000000,   0.14400,
,,,0.003270400000,   0.14400,
,,,0.003270800000,   0.13600,
,,,0.003271200000,   0.14400,
,,,0.003271600000,   0.13600,
,,,0.003272000000,   0.12800,
,,,0.003272400000,   0.12800,
,,,0.003272800000,   0.12800,
,,,0.003273200000,   0.11200,
,,,0.003273600000,   0.11200,
,,,0.003274000000,   0.11200,
,,,0.003274400000,   0.11200,
,,,0.003274800000,   0.09600,
,,,0.003275200000,   0.09600,
,,,0.003275600000,   0.09600,
,,,0.003276000000,   0.08800,
,,,0.003276400000,   0.08800,
,,,0.003276800000,   0.09600,
,,,0.003277200000,   0.08000,
,,,0.003277600000,   0.08800,
,,,0.003278000000,   0.08000,
,,,0.003278400000,   0.07200,
,,,0.003278800000,   0.05600,
,,,0.003279200000,   0.06400,
,,,0.003279600000,   0.05600,
,,,0.003280000000,   0.06400,
,,,0.003280400000,   0.05600,
,,,0.003280800000,   0.04800,
,,,0.003281200000,   0.04000,
,,,0.003281600000,   0.03200,
,,,0.003282000000,   0.04000,
,,,0.003282400000,   0.03200,
,,,0.003282800000,   0.02400,
,,,0.003283200000,   0.02400,
,,,0.003283600000,   0.02400,
,,,0.003284000000,   0.01600,
,,,0.003284400000,   0.00800,
,,,0.003284800000,   0.00000,
,,,0.003285200000,   0.00800,
,,,0.003285600000,   0.00000,
,,,0.003286000000,   0.00000,
,,,0.003286400000,  -0.01600,
,,,0.003286800000,  -0.00800,
,,,0.003287200000,   0.00000,
,,,0.003287600000,  -0.02400,
,,,0.003288000000,  -0.02400,
,,,0.003288400000,  -0.02400,
,,,0.003288800000,  -0.03200,
,,,0.003289200000,  -0.04000,
,,,0.003289600000,  -0.04000,
,,,0.003290000000,  -0.04800,
,,,0.003290400000,  -0.04800,
,,,0.003290800000,  -0.04800,
,,,0.003291200000,  -0.04800,
,,,0.003291600000,  -0.05600,
,,,0.003292000000,  -0.06400,
,,,0.003292400000,  -0.07200,
,,,0.003292800000,  -0.07200,
,,,0.003293200000,  -0.07200,
,,,0.003293600000,  -0.08000,
,,,0.003294000000,  -0.08000,
,,,0.003294400000,  -0.08800,
,,,0.003294800000,  -0.08000,
,,,0.003295200000,  -0.08800,
,,,0.003295600000,  -0.10400,
,,,0.003296000000,  -0.11200,
,,,0.003296400000,  -0.09600,
,,,0.003296800000,  -0.10400,
,,,0.003297200000,  -0.12800,
,,,0.003297600000,  -0.12000,
,,,0.003298000000,  -0.12800,
,,,0.003298400000,  -0.12800,
,,,0.003298800000,  -0.13600,
,,,0.003299200000,  -0.12800,
,,,0.003299600000,  -0.14400,
,,,0.003300000000,  -0.14400,
,,,0.003300400000,  -0.14400,
,,,0.003300800000,  -0.15200,
,,,0.003301200000,  -0.14400,
,,,0.003301600000,  -0.16000,
,,,0.003302000000,  -0.16000,
,,,0.003302400000,  -0.15200,
,,,0.003302800000,  -0.17600,
,,,0.003303200000,  -0.16800,
,,,0.003303600000,  -0.17600,
,,,0.003304000000,  -0.17600,
,,,0.003304400000,  -0.17600,
,,,0.003304800000,  -0.18400,
,,,0.003305200000,  -0.20000,
,,,0.003305600000,  -0.19200,
,,,0.003306000000,  -0.20000,
,,,0.003306400000,  -0.20800,
,,,0.003306800000,  -0.20000,
,,,0.003307200000,  -0.20800,
,,,0.003307600000,  -0.21600,
,,,0.003308000000,  -0.20800,
,,,0.003308400000,  -0.21600,
,,,0.003308800000,  -0.22400,
,,,0.003309200000,  -0.21600,
,,,0.003309600000,  -0.22400,
,,,0.003310000000,  -0.23200,
,,,0.003310400000,  -0.24000,
,,,0.003310800000,  -0.24800,
,,,0.003311200000,  -0.24000,
,,,0.003311600000,  -0.24000,
,,,0.003312000000,  -0.24800,
,,,0.003312400000,  -0.24800,
,,,0.003312800000,  -0.26400,
,,,0.003313200000,  -0.25600,
,,,0.003313600000,  -0.26400,
,,,0.003314000000,  -0.26400,
,,,0.003314400000,  -0.27200,
,,,0.003314800000,  -0.27200,
,,,0.003315200000,  -0.28000,
,,,0.003315600000,  -0.27200,
,,,0.003316000000,  -0.28000,
,,,0.003316400000,  -0.28800,
,,,0.003316800000,  -0.28800,
,,,0.003317200000,  -0.28000,
,,,0.003317600000,  -0.30400,
,,,0.003318000000,  -0.29600,
,,,0.003318400000,  -0.31200,
,,,0.003318800000,  -0.30400,
,,,0.003319200000,  -0.30400,
,,,0.003319600000,  -0.31200,
,,,0.003320000000,  -0.31200,
,,,0.003320400000,  -0.31200,
,,,0.003320800000,  -0.32000,
,,,0.003321200000,  -0.32000,
,,,0.003321600000,  -0.32000,
,,,0.003322000000,  -0.32000,
,,,0.003322400000,  -0.33600,
,,,0.003322800000,  -0.32800,
,,,0.003323200000,  -0.32800,
,,,0.003323600000,  -0.33600,
,,,0.003324000000,  -0.35200,
,,,0.003324400000,  -0.33600,
,,,0.003324800000,  -0.35200,
,,,0.003325200000,  -0.36000,
,,,0.003325600000,  -0.34400,
,,,0.003326000000,  -0.35200,
,,,0.003326400000,  -0.35200,
,,,0.003326800000,  -0.36000,
,,,0.003327200000,  -0.36000,
,,,0.003327600000,  -0.36800,
,,,0.003328000000,  -0.36000,
,,,0.003328400000,  -0.37600,
,,,0.003328800000,  -0.36800,
,,,0.003329200000,  -0.37600,
,,,0.003329600000,  -0.37600,
,,,0.003330000000,  -0.36800,
,,,0.003330400000,  -0.38400,
,,,0.003330800000,  -0.39200,
,,,0.003331200000,  -0.38400,
,,,0.003331600000,  -0.38400,
,,,0.003332000000,  -0.39200,
,,,0.003332400000,  -0.39200,
,,,0.003332800000,  -0.40000,
,,,0.003333200000,  -0.39200,
,,,0.003333600000,  -0.40000,
,,,0.003334000000,  -0.40800,
,,,0.003334400000,  -0.40800,
,,,0.003334800000,  -0.40000,
,,,0.003335200000,  -0.40800,
,,,0.003335600000,  -0.41600,
,,,0.003336000000,  -0.40800,
,,,0.003336400000,  -0.41600,
,,,0.003336800000,  -0.41600,
,,,0.003337200000,  -0.41600,
,,,0.003337600000,  -0.42400,
,,,0.003338000000,  -0.42400,
,,,0.003338400000,  -0.42400,
,,,0.003338800000,  -0.42400,
,,,0.003339200000,  -0.43200,
,,,0.003339600000,  -0.43200,
,,,0.003340000000,  -0.43200,
,,,0.003340400000,  -0.43200,
,,,0.003340800000,  -0.44000,
,,,0.003341200000,  -0.44000,
,,,0.003341600000,  -0.43200,
,,,0.003342000000,  -0.43200,
,,,0.003342400000,  -0.44800,
,,,0.003342800000,  -0.44000,
,,,0.003343200000,  -0.44000,
,,,0.003343600000,  -0.44800,
,,,0.003344000000,  -0.44000,
,,,0.003344400000,  -0.44800,
,,,0.003344800000,  -0.45600,
,,,0.003345200000,  -0.44800,
,,,0.003345600000,  -0.45600,
,,,0.003346000000,  -0.46400,
,,,0.003346400000,  -0.46400,
,,,0.003346800000,  -0.47200,
,,,0.003347200000,  -0.46400,
,,,0.003347600000,  -0.45600,
,,,0.003348000000,  -0.45600,
,,,0.003348400000,  -0.45600,
,,,0.003348800000,  -0.46400,
,,,0.003349200000,  -0.46400,
,,,0.003349600000,  -0.47200,
,,,0.003350000000,  -0.47200,
,,,0.003350400000,  -0.47200,
,,,0.003350800000,  -0.46400,
,,,0.003351200000,  -0.47200,
,,,0.003351600000,  -0.47200,
,,,0.003352000000,  -0.48800,
,,,0.003352400000,  -0.47200,
,,,0.003352800000,  -0.48000,
,,,0.003353200000,  -0.47200,
,,,0.003353600000,  -0.48000,
,,,0.003354000000,  -0.47200,
,,,0.003354400000,  -0.48000,
,,,0.003354800000,  -0.48000,
,,,0.003355200000,  -0.48000,
,,,0.003355600000,  -0.48000,
,,,0.003356000000,  -0.48000,
,,,0.003356400000,  -0.48000,
,,,0.003356800000,  -0.48000,
,,,0.003357200000,  -0.48000,
,,,0.003357600000,  -0.48000,
,,,0.003358000000,  -0.48000,
,,,0.003358400000,  -0.48000,
,,,0.003358800000,  -0.47200,
,,,0.003359200000,  -0.48000,
,,,0.003359600000,  -0.49600,
,,,0.003360000000,  -0.48000,
,,,0.003360400000,  -0.48000,
,,,0.003360800000,  -0.48000,
,,,0.003361200000,  -0.48000,
,,,0.003361600000,  -0.48800,
,,,0.003362000000,  -0.48000,
,,,0.003362400000,  -0.48000,
,,,0.003362800000,  -0.48000,
,,,0.003363200000,  -0.48800,
,,,0.003363600000,  -0.48000,
,,,0.003364000000,  -0.48800,
,,,0.003364400000,  -0.48000,
,,,0.003364800000,  -0.48800,
,,,0.003365200000,  -0.48800,
,,,0.003365600000,  -0.48000,
,,,0.003366000000,  -0.48800,
,,,0.003366400000,  -0.48000,
,,,0.003366800000,  -0.48000,
,,,0.003367200000,  -0.48800,
,,,0.003367600000,  -0.48000,
,,,0.003368000000,  -0.48800,
,,,0.003368400000,  -0.48000,
,,,0.003368800000,  -0.48800,
,,,0.003369200000,  -0.48800,
,,,0.003369600000,  -0.49600,
,,,0.003370000000,  -0.48000,
,,,0.003370400000,  -0.48800,
,,,0.003370800000,  -0.48000,
,,,0.003371200000,  -0.47200,
,,,0.003371600000,  -0.48800,
,,,0.003372000000,  -0.47200,
,,,0.003372400000,  -0.48000,
,,,0.003372800000,  -0.48000,
,,,0.003373200000,  -0.47200,
,,,0.003373600000,  -0.47200,
,,,0.003374000000,  -0.48000,
,,,0.003374400000,  -0.47200,
,,,0.003374800000,  -0.47200,
,,,0.003375200000,  -0.48000,
,,,0.003375600000,  -0.47200,
,,,0.003376000000,  -0.47200,
,,,0.003376400000,  -0.48000,
,,,0.003376800000,  -0.47200,
,,,0.003377200000,  -0.47200,
,,,0.003377600000,  -0.47200,
,,,0.003378000000,  -0.46400,
,,,0.003378400000,  -0.48000,
,,,0.003378800000,  -0.46400,
,,,0.003379200000,  -0.46400,
,,,0.003379600000,  -0.46400,
,,,0.003380000000,  -0.47200,
,,,0.003380400000,  -0.45600,
,,,0.003380800000,  -0.46400,
,,,0.003381200000,  -0.45600,
,,,0.003381600000,  -0.45600,
,,,0.003382000000,  -0.46400,
,,,0.003382400000,  -0.44800,
,,,0.003382800000,  -0.44800,
,,,0.003383200000,  -0.44800,
,,,0.003383600000,  -0.44800,
,,,0.003384000000,  -0.45600,
,,,0.003384400000,  -0.44800,
,,,0.003384800000,  -0.44800,
,,,0.003385200000,  -0.44800,
,,,0.003385600000,  -0.44800,
,,,0.003386000000,  -0.44800,
,,,0.003386400000,  -0.44000,
,,,0.003386800000,  -0.44800,
,,,0.003387200000,  -0.43200,
,,,0.003387600000,  -0.43200,
,,,0.003388000000,  -0.43200,
,,,0.003388400000,  -0.43200,
,,,0.003388800000,  -0.43200,
,,,0.003389200000,  -0.42400,
,,,0.003389600000,  -0.42400,
,,,0.003390000000,  -0.42400,
,,,0.003390400000,  -0.42400,
,,,0.003390800000,  -0.41600,
,,,0.003391200000,  -0.41600,
,,,0.003391600000,  -0.42400,
,,,0.003392000000,  -0.41600,
,,,0.003392400000,  -0.40800,
,,,0.003392800000,  -0.40800,
,,,0.003393200000,  -0.40800,
,,,0.003393600000,  -0.40800,
,,,0.003394000000,  -0.40800,
,,,0.003394400000,  -0.40000,
,,,0.003394800000,  -0.40800,
,,,0.003395200000,  -0.39200,
,,,0.003395600000,  -0.39200,
,,,0.003396000000,  -0.39200,
,,,0.003396400000,  -0.39200,
,,,0.003396800000,  -0.38400,
,,,0.003397200000,  -0.38400,
,,,0.003397600000,  -0.38400,
,,,0.003398000000,  -0.38400,
,,,0.003398400000,  -0.37600,
,,,0.003398800000,  -0.38400,
,,,0.003399200000,  -0.37600,
,,,0.003399600000,  -0.37600,
,,,0.003400000000,  -0.36800,
,,,0.003400400000,  -0.36800,
,,,0.003400800000,  -0.36000,
,,,0.003401200000,  -0.36000,
,,,0.003401600000,  -0.36000,
,,,0.003402000000,  -0.35200,
,,,0.003402400000,  -0.36000,
,,,0.003402800000,  -0.36000,
,,,0.003403200000,  -0.35200,
,,,0.003403600000,  -0.34400,
,,,0.003404000000,  -0.35200,
,,,0.003404400000,  -0.33600,
,,,0.003404800000,  -0.33600,
,,,0.003405200000,  -0.33600,
,,,0.003405600000,  -0.32800,
,,,0.003406000000,  -0.32000,
,,,0.003406400000,  -0.32800,
,,,0.003406800000,  -0.32000,
,,,0.003407200000,  -0.32800,
,,,0.003407600000,  -0.31200,
,,,0.003408000000,  -0.31200,
,,,0.003408400000,  -0.30400,
,,,0.003408800000,  -0.30400,
,,,0.003409200000,  -0.31200,
,,,0.003409600000,  -0.30400,
,,,0.003410000000,  -0.28800,
,,,0.003410400000,  -0.29600,
,,,0.003410800000,  -0.28800,
,,,0.003411200000,  -0.28000,
,,,0.003411600000,  -0.28000,
,,,0.003412000000,  -0.28000,
,,,0.003412400000,  -0.28000,
,,,0.003412800000,  -0.28000,
,,,0.003413200000,  -0.27200,
,,,0.003413600000,  -0.27200,
,,,0.003414000000,  -0.26400,
,,,0.003414400000,  -0.26400,
,,,0.003414800000,  -0.26400,
,,,0.003415200000,  -0.25600,
,,,0.003415600000,  -0.25600,
,,,0.003416000000,  -0.24000,
,,,0.003416400000,  -0.24800,
,,,0.003416800000,  -0.24800,
,,,0.003417200000,  -0.24000,
,,,0.003417600000,  -0.24000,
,,,0.003418000000,  -0.23200,
,,,0.003418400000,  -0.23200,
,,,0.003418800000,  -0.23200,
,,,0.003419200000,  -0.22400,
,,,0.003419600000,  -0.22400,
,,,0.003420000000,  -0.21600,
,,,0.003420400000,  -0.21600,
,,,0.003420800000,  -0.21600,
,,,0.003421200000,  -0.20800,
,,,0.003421600000,  -0.20800,
,,,0.003422000000,  -0.20000,
,,,0.003422400000,  -0.20000,
,,,0.003422800000,  -0.18400,
,,,0.003423200000,  -0.19200,
,,,0.003423600000,  -0.18400,
,,,0.003424000000,  -0.17600,
,,,0.003424400000,  -0.17600,
,,,0.003424800000,  -0.17600,
,,,0.003425200000,  -0.17600,
,,,0.003425600000,  -0.16800,
,,,0.003426000000,  -0.16000,
,,,0.003426400000,  -0.16800,
,,,0.003426800000,  -0.15200,
,,,0.003427200000,  -0.15200,
,,,0.003427600000,  -0.14400,
,,,0.003428000000,  -0.13600,
,,,0.003428400000,  -0.14400,
,,,0.003428800000,  -0.14400,
,,,0.003429200000,  -0.13600,
,,,0.003429600000,  -0.12800,
,,,0.003430000000,  -0.12800,
,,,0.003430400000,  -0.12800,
,,,0.003430800000,  -0.12000,
,,,0.003431200000,  -0.11200,
,,,0.003431600000,  -0.12000,
,,,0.003432000000,  -0.10400,
,,,0.003432400000,  -0.10400,
,,,0.003432800000,  -0.10400,
,,,0.003433200000,  -0.08800,
,,,0.003433600000,  -0.08800,
,,,0.003434000000,  -0.09600,
,,,0.003434400000,  -0.08000,
,,,0.003434800000,  -0.08000,
,,,0.003435200000,  -0.07200,
,,,0.003435600000,  -0.07200,
,,,0.003436000000,  -0.06400,
,,,0.003436400000,  -0.05600,
,,,0.003436800000,  -0.05600,
,,,0.003437200000,  -0.05600,
,,,0.003437600000,  -0.04800,
,,,0.003438000000,  -0.04800,
,,,0.003438400000,  -0.04800,
,,,0.003438800000,  -0.04800,
,,,0.003439200000,  -0.03200,
,,,0.003439600000,  -0.04000,
,,,0.003440000000,  -0.03200,
,,,0.003440400000,  -0.02400,
,,,0.003440800000,  -0.02400,
,,,0.003441200000,  -0.01600,
,,,0.003441600000,  -0.02400,
,,,0.003442000000,   0.00000,
,,,0.003442400000,  -0.00800,
,,,0.003442800000,   0.00000,
,,,0.003443200000,   0.00000,
,,,0.003443600000,   0.00800,
,,,0.003444000000,   0.00800,
,,,0.003444400000,   0.01600,
,,,0.003444800000,   0.01600,
,,,0.003445200000,   0.01600,
,,,0.003445600000,   0.02400,
,,,0.003446000000,   0.04000,
,,,0.003446400000,   0.03200,
,,,0.003446800000,   0.03200,
,,,0.003447200000,   0.04000,
,,,0.003447600000,   0.04800,
,,,0.003448000000,   0.04800,
,,,0.003448400000,   0.04800,
,,,0.003448800000,   0.06400,
,,,0.003449200000,   0.05600,
,,,0.003449600000,   0.06400,
,,,0.003450000000,   0.07200,
,,,0.003450400000,   0.08000,
,,,0.003450800000,   0.08000,
,,,0.003451200000,   0.08000,
,,,0.003451600000,   0.08800,
,,,0.003452000000,   0.08800,
,,,0.003452400000,   0.09600,
,,,0.003452800000,   0.08800,
,,,0.003453200000,   0.10400,
,,,0.003453600000,   0.10400,
,,,0.003454000000,   0.10400,
,,,0.003454400000,   0.12000,
,,,0.003454800000,   0.11200,
,,,0.003455200000,   0.12000,
,,,0.003455600000,   0.11200,
,,,0.003456000000,   0.12800,
,,,0.003456400000,   0.12000,
,,,0.003456800000,   0.12800,
,,,0.003457200000,   0.13600,
,,,0.003457600000,   0.14400,
,,,0.003458000000,   0.15200,
,,,0.003458400000,   0.14400,
,,,0.003458800000,   0.15200,
,,,0.003459200000,   0.14400,
,,,0.003459600000,   0.16000,
,,,0.003460000000,   0.16000,
,,,0.003460400000,   0.16800,
,,,0.003460800000,   0.16800,
,,,0.003461200000,   0.17600,
,,,0.003461600000,   0.18400,
,,,0.003462000000,   0.17600,
,,,0.003462400000,   0.18400,
,,,0.003462800000,   0.19200,
,,,0.003463200000,   0.19200,
,,,0.003463600000,   0.18400,
,,,0.003464000000,   0.20800,
,,,0.003464400000,   0.20000,
,,,0.003464800000,   0.20800,
,,,0.003465200000,   0.21600,
,,,0.003465600000,   0.21600,
,,,0.003466000000,   0.21600,
,,,0.003466400000,   0.22400,
,,,0.003466800000,   0.22400,
,,,0.003467200000,   0.23200,
,,,0.003467600000,   0.23200,
,,,0.003468000000,   0.24000,
,,,0.003468400000,   0.24000,
,,,0.003468800000,   0.24000,
,,,0.003469200000,   0.24000,
,,,0.003469600000,   0.24800,
,,,0.003470000000,   0.25600,
,,,0.003470400000,   0.25600,
,,,0.003470800000,   0.26400,
,,,0.003471200000,   0.25600,
,,,0.003471600000,   0.26400,
,,,0.003472000000,   0.27200,
,,,0.003472400000,   0.27200,
,,,0.003472800000,   0.28000,
,,,0.003473200000,   0.28000,
,,,0.003473600000,   0.28800,
,,,0.003474000000,   0.28000,
,,,0.003474400000,   0.29600,
,,,0.003474800000,   0.30400,
,,,0.003475200000,   0.29600,
,,,0.003475600000,   0.30400,
,,,0.003476000000,   0.30400,
,,,0.003476400000,   0.31200,
,,,0.003476800000,   0.30400,
,,,0.003477200000,   0.31200,
,,,0.003477600000,   0.31200,
,,,0.003478000000,   0.31200,
,,,0.003478400000,   0.32000,
,,,0.003478800000,   0.32800,
,,,0.003479200000,   0.32800,
,,,0.003479600000,   0.32800,
,,,0.003480000000,   0.34400,
,,,0.003480400000,   0.35200,
,,,0.003480800000,   0.34400,
,,,0.003481200000,   0.34400,
,,,0.003481600000,   0.34400,
,,,0.003482000000,   0.34400,
,,,0.003482400000,   0.35200,
,,,0.003482800000,   0.35200,
,,,0.003483200000,   0.36000,
,,,0.003483600000,   0.36800,
,,,0.003484000000,   0.36800,
,,,0.003484400000,   0.36000,
,,,0.003484800000,   0.36800,
,,,0.003485200000,   0.37600,
,,,0.003485600000,   0.38400,
,,,0.003486000000,   0.36800,
,,,0.003486400000,   0.38400,
,,,0.003486800000,   0.38400,
,,,0.003487200000,   0.39200,
,,,0.003487600000,   0.38400,
,,,0.003488000000,   0.40000,
,,,0.003488400000,   0.39200,
,,,0.003488800000,   0.40000,
,,,0.003489200000,   0.40000,
,,,0.003489600000,   0.40000,
,,,0.003490000000,   0.40000,
,,,0.003490400000,   0.40800,
,,,0.003490800000,   0.40800,
,,,0.003491200000,   0.40800,
,,,0.003491600000,   0.40800,
,,,0.003492000000,   0.41600,
,,,0.003492400000,   0.41600,
,,,0.003492800000,   0.42400,
,,,0.003493200000,   0.42400,
,,,0.003493600000,   0.42400,
,,,0.003494000000,   0.42400,
,,,0.003494400000,   0.41600,
,,,0.003494800000,   0.43200,
,,,0.003495200000,   0.43200,
,,,0.003495600000,   0.43200,
,,,0.003496000000,   0.43200,
,,,0.003496400000,   0.44000,
,,,0.003496800000,   0.44000,
,,,0.003497200000,   0.44800,
,,,0.003497600000,   0.44000,
,,,0.003498000000,   0.44000,
,,,0.003498400000,   0.44800,
,,,0.003498800000,   0.44800,
,,,0.003499200000,   0.45600,
,,,0.003499600000,   0.45600,
,,,0.003500000000,   0.44800,
,,,0.003500400000,   0.45600,
,,,0.003500800000,   0.44800,
,,,0.003501200000,   0.46400,
,,,0.003501600000,   0.46400,
,,,0.003502000000,   0.46400,
,,,0.003502400000,   0.46400,
,,,0.003502800000,   0.46400,
,,,0.003503200000,   0.47200,
,,,0.003503600000,   0.48000,
,,,0.003504000000,   0.47200,
,,,0.003504400000,   0.47200,
,,,0.003504800000,   0.47200,
,,,0.003505200000,   0.48000,
,,,0.003505600000,   0.47200,
,,,0.003506000000,   0.48000,
,,,0.003506400000,   0.48800,
,,,0.003506800000,   0.48800,
,,,0.003507200000,   0.48800,
,,,0.003507600000,   0.48800,
,,,0.003508000000,   0.48000,
,,,0.003508400000,   0.48000,
,,,0.003508800000,   0.49600,
,,,0.003509200000,   0.49600,
,,,0.003509600000,   0.49600,
,,,0.003510000000,   0.48800,
,,,0.003510400000,   0.49600,
,,,0.003510800000,   0.48000,
,,,0.003511200000,   0.49600,
,,,0.003511600000,   0.49600,
,,,0.003512000000,   0.50400,
,,,0.003512400000,   0.49600,
,,,0.003512800000,   0.49600,
,,,0.003513200000,   0.49600,
,,,0.003513600000,   0.49600,
,,,0.003514000000,   0.48800,
,,,0.003514400000,   0.50400,
,,,0.003514800000,   0.49600,
,,,0.003515200000,   0.50400,
,,,0.003515600000,   0.50400,
,,,0.003516000000,   0.50400,
,,,0.003516400000,   0.50400,
,,,0.003516800000,   0.50400,
,,,0.003517200000,   0.50400,
,,,0.003517600000,   0.49600,
,,,0.003518000000,   0.50400,
,,,0.003518400000,   0.51200,
,,,0.003518800000,   0.51200,
,,,0.003519200000,   0.51200,
,,,0.003519600000,   0.51200,
,,,0.003520000000,   0.51200,
,,,0.003520400000,   0.51200,
,,,0.003520800000,   0.51200,
,,,0.003521200000,   0.52000,
,,,0.003521600000,   0.50400,
,,,0.003522000000,   0.52000,
,,,0.003522400000,   0.52000,
,,,0.003522800000,   0.51200,
,,,0.003523200000,   0.50400,
,,,0.003523600000,   0.52000,
,,,0.003524000000,   0.51200,
,,,0.003524400000,   0.51200,
,,,0.003524800000,   0.51200,
,,,0.003525200000,   0.52000,
,,,0.003525600000,   0.51200,
,,,0.003526000000,   0.52000,
,,,0.003526400000,   0.51200,
,,,0.003526800000,   0.52000,
,,,0.003527200000,   0.50400,
,,,0.003527600000,   0.52000,
,,,0.003528000000,   0.51200,
,,,0.003528400000,   0.49600,
,,,0.003528800000,   0.50400,
,,,0.003529200000,   0.51200,
,,,0.003529600000,   0.51200,
,,,0.003530000000,   0.51200,
,,,0.003530400000,   0.51200,
,,,0.003530800000,   0.50400,
,,,0.003531200000,   0.49600,
,,,0.003531600000,   0.51200,
,,,0.003532000000,   0.50400,
,,,0.003532400000,   0.50400,
,,,0.003532800000,   0.50400,
,,,0.003533200000,   0.49600,
,,,0.003533600000,   0.50400,
,,,0.003534000000,   0.50400,
,,,0.003534400000,   0.49600,
,,,0.003534800000,   0.50400,
,,,0.003535200000,   0.52000,
,,,0.003535600000,   0.50400,
,,,0.003536000000,   0.49600,
,,,0.003536400000,   0.50400,
,,,0.003536800000,   0.49600,
,,,0.003537200000,   0.49600,
,,,0.003537600000,   0.49600,
,,,0.003538000000,   0.48800,
,,,0.003538400000,   0.49600,
,,,0.003538800000,   0.48800,
,,,0.003539200000,   0.48800,
,,,0.003539600000,   0.49600,
,,,0.003540000000,   0.49600,
,,,0.003540400000,   0.48800,
,,,0.003540800000,   0.48800,
,,,0.003541200000,   0.48800,
,,,0.003541600000,   0.48800,
,,,0.003542000000,   0.48000,
,,,0.003542400000,   0.48800,
,,,0.003542800000,   0.48800,
,,,0.003543200000,   0.48800,
,,,0.003543600000,   0.48000,
,,,0.003544000000,   0.47200,
,,,0.003544400000,   0.48000,
,,,0.003544800000,   0.47200,
,,,0.003545200000,   0.47200,
,,,0.003545600000,   0.48000,
,,,0.003546000000,   0.46400,
,,,0.003546400000,   0.46400,
,,,0.003546800000,   0.47200,
,,,0.003547200000,   0.46400,
,,,0.003547600000,   0.46400,
,,,0.003548000000,   0.46400,
,,,0.003548400000,   0.46400,
,,,0.003548800000,   0.45600,
,,,0.003549200000,   0.45600,
,,,0.003549600000,   0.45600,
,,,0.003550000000,   0.44800,
,,,0.003550400000,   0.45600,
,,,0.003550800000,   0.44800,
,,,0.003551200000,   0.44800,
,,,0.003551600000,   0.44800,
,,,0.003552000000,   0.44000,
,,,0.003552400000,   0.44000,
,,,0.003552800000,   0.44000,
,,,0.003553200000,   0.44000,
,,,0.003553600000,   0.44000,
,,,0.003554000000,   0.44800,
,,,0.003554400000,   0.44000,
,,,0.003554800000,   0.44000,
,,,0.003555200000,   0.42400,
,,,0.003555600000,   0.43200,
,,,0.003556000000,   0.42400,
,,,0.003556400000,   0.42400,
,,,0.003556800000,   0.41600,
,,,0.003557200000,   0.41600,
,,,0.003557600000,   0.41600,
,,,0.003558000000,   0.40800,
,,,0.003558400000,   0.40800,
,,,0.003558800000,   0.40800,
,,,0.003559200000,   0.41600,
,,,0.003559600000,   0.41600,
,,,0.003560000000,   0.40800,
,,,0.003560400000,   0.39200,
,,,0.003560800000,   0.39200,
,,,0.003561200000,   0.39200,
,,,0.003561600000,   0.39200,
,,,0.003562000000,   0.39200,
,,,0.003562400000,   0.38400,
,,,0.003562800000,   0.37600,
,,,0.003563200000,   0.38400,
,,,0.003563600000,   0.36800,
,,,0.003564000000,   0.36800,
,,,0.003564400000,   0.35200,
,,,0.003564800000,   0.36800,
,,,0.003565200000,   0.36000,
,,,0.003565600000,   0.36000,
,,,0.003566000000,   0.35200,
,,,0.003566400000,   0.36800,
,,,0.003566800000,   0.35200,
,,,0.003567200000,   0.35200,
,,,0.003567600000,   0.35200,
,,,0.003568000000,   0.33600,
,,,0.003568400000,   0.33600,
,,,0.003568800000,   0.33600,
,,,0.003569200000,   0.33600,
,,,0.003569600000,   0.32800,
,,,0.003570000000,   0.32800,
,,,0.003570400000,   0.32000,
,,,0.003570800000,   0.32000,
,,,0.003571200000,   0.32800,
,,,0.003571600000,   0.32000,
,,,0.003572000000,   0.32000,
,,,0.003572400000,   0.30400,
,,,0.003572800000,   0.30400,
,,,0.003573200000,   0.31200,
,,,0.003573600000,   0.30400,
,,,0.003574000000,   0.30400,
,,,0.003574400000,   0.29600,
,,,0.003574800000,   0.29600,
,,,0.003575200000,   0.28800,
,,,0.003575600000,   0.28000,
,,,0.003576000000,   0.28800,
,,,0.003576400000,   0.28000,
,,,0.003576800000,   0.28000,
,,,0.003577200000,   0.27200,
,,,0.003577600000,   0.26400,
,,,0.003578000000,   0.26400,
,,,0.003578400000,   0.26400,
,,,0.003578800000,   0.24800,
,,,0.003579200000,   0.25600,
,,,0.003579600000,   0.25600,
,,,0.003580000000,   0.24800,
,,,0.003580400000,   0.25600,
,,,0.003580800000,   0.24000,
,,,0.003581200000,   0.24000,
,,,0.003581600000,   0.24000,
,,,0.003582000000,   0.23200,
,,,0.003582400000,   0.23200,
,,,0.003582800000,   0.22400,
,,,0.003583200000,   0.21600,
,,,0.003583600000,   0.21600,
,,,0.003584000000,   0.20800,
,,,0.003584400000,   0.21600,
,,,0.003584800000,   0.19200,
,,,0.003585200000,   0.20000,
,,,0.003585600000,   0.19200,
,,,0.003586000000,   0.20000,
,,,0.003586400000,   0.19200,
,,,0.003586800000,   0.18400,
,,,0.003587200000,   0.19200,
,,,0.003587600000,   0.18400,
,,,0.003588000000,   0.17600,
,,,0.003588400000,   0.17600,
,,,0.003588800000,   0.17600,
,,,0.003589200000,   0.16800,
,,,0.003589600000,   0.16000,
,,,0.003590000000,   0.16000,
,,,0.003590400000,   0.15200,
,,,0.003590800000,   0.14400,
,,,0.003591200000,   0.14400,
,,,0.003591600000,   0.13600,
,,,0.003592000000,   0.14400,
,,,0.003592400000,   0.13600,
,,,0.003592800000,   0.12800,
,,,0.003593200000,   0.13600,
,,,0.003593600000,   0.12000,
,,,0.003594000000,   0.12800,
,,,0.003594400000,   0.12800,
,,,0.003594800000,   0.10400,
,,,0.003595200000,   0.10400,
,,,0.003595600000,   0.10400,
,,,0.003596000000,   0.09600,
,,,0.003596400000,   0.09600,
,,,0.003596800000,   0.09600,
,,,0.003597200000,   0.08800,
,,,0.003597600000,   0.08800,
,,,0.003598000000,   0.07200,
,,,0.003598400000,   0.08000,
,,,0.003598800000,   0.07200,
,,,0.003599200000,   0.08000,
,,,0.003599600000,   0.05600,
,,,0.003600000000,   0.05600,
,,,0.003600400000,   0.05600,
,,,0.003600800000,   0.04800,
,,,0.003601200000,   0.04800,
,,,0.003601600000,   0.04800,
,,,0.003602000000,   0.03200,
,,,0.003602400000,   0.04000,
,,,0.003602800000,   0.03200,
,,,0.003603200000,   0.02400,
,,,0.003603600000,   0.02400,
,,,0.003604000000,   0.02400,
,,,0.003604400000,   0.00800,
,,,0.003604800000,   0.00800,
,,,0.003605200000,   0.00800,
,,,0.003605600000,   0.00000,
,,,0.003606000000,   0.00000,
,,,0.003606400000,   0.00000,
,,,0.003606800000,  -0.00800,
,,,0.003607200000,  -0.00800,
,,,0.003607600000,  -0.01600,
,,,0.003608000000,  -0.02400,
,,,0.003608400000,  -0.02400,
,,,0.003608800000,  -0.02400,
,,,0.003609200000,  -0.02400,
,,,0.003609600000,  -0.04000,
,,,0.003610000000,  -0.03200,
,,,0.003610400000,  -0.04000,
,,,0.003610800000,  -0.04000,
,,,0.003611200000,  -0.04000,
,,,0.003611600000,  -0.05600,
,,,0.003612000000,  -0.05600,
,,,0.003612400000,  -0.05600,
,,,0.003612800000,  -0.06400,
,,,0.003613200000,  -0.07200,
,,,0.003613600000,  -0.07200,
,,,0.003614000000,  -0.08000,
,,,0.003614400000,  -0.08000,
,,,0.003614800000,  -0.08000,
,,,0.003615200000,  -0.08800,
,,,0.003615600000,  -0.08800,
,,,0.003616000000,  -0.10400,
,,,0.003616400000,  -0.10400,
,,,0.003616800000,  -0.10400,
,,,0.003617200000,  -0.10400,
,,,0.003617600000,  -0.10400,
,,,0.003618000000,  -0.10400,
,,,0.003618400000,  -0.12000,
,,,0.003618800000,  -0.12000,
,,,0.003619200000,  -0.12000,
,,,0.003619600000,  -0.13600,
,,,0.003620000000,  -0.12800,
,,,0.003620400000,  -0.12800,
,,,0.003620800000,  -0.13600,
,,,0.003621200000,  -0.15200,
,,,0.003621600000,  -0.14400,
,,,0.003622000000,  -0.15200,
,,,0.003622400000,  -0.14400,
,,,0.003622800000,  -0.15200,
,,,0.003623200000,  -0.16800,
,,,0.003623600000,  -0.16800,
,,,0.003624000000,  -0.17600,
,,,0.003624400000,  -0.17600,
,,,0.003624800000,  -0.17600,
,,,0.003625200000,  -0.17600,
,,,0.003625600000,  -0.18400,
,,,0.003626000000,  -0.19200,
,,,0.003626400000,  -0.20000,
,,,0.003626800000,  -0.20000,
,,,0.003627200000,  -0.20000,
,,,0.003627600000,  -0.19200,
,,,0.003628000000,  -0.21600,
,,,0.003628400000,  -0.20800,
,,,0.003628800000,  -0.21600,
,,,0.003629200000,  -0.22400,
,,,0.003629600000,  -0.22400,
,,,0.003630000000,  -0.22400,
,,,0.003630400000,  -0.22400,
,,,0.003630800000,  -0.24800,
,,,0.003631200000,  -0.24000,
,,,0.003631600000,  -0.23200,
,,,0.003632000000,  -0.24000,
,,,0.003632400000,  -0.24000,
,,,0.003632800000,  -0.25600,
,,,0.003633200000,  -0.24800,
,,,0.003633600000,  -0.26400,
,,,0.003634000000,  -0.24800,
,,,0.003634400000,  -0.25600,
,,,0.003634800000,  -0.25600,
,,,0.003635200000,  -0.28000,
,,,0.003635600000,  -0.27200,
,,,0.003636000000,  -0.26400,
,,,0.003636400000,  -0.28000,
,,,0.003636800000,  -0.28000,
,,,0.003637200000,  -0.28800,
,,,0.003637600000,  -0.28800,
,,,0.003638000000,  -0.29600,
,,,0.003638400000,  -0.28800,
,,,0.003638800000,  -0.28800,
,,,0.003639200000,  -0.30400,
,,,0.003639600000,  -0.31200,
,,,0.003640000000,  -0.29600,
,,,0.003640400000,  -0.31200,
,,,0.003640800000,  -0.31200,
,,,0.003641200000,  -0.31200,
,,,0.003641600000,  -0.32000,
,,,0.003642000000,  -0.32000,
,,,0.003642400000,  -0.32800,
,,,0.003642800000,  -0.32800,
,,,0.003643200000,  -0.33600,
,,,0.003643600000,  -0.32800,
,,,0.003644000000,  -0.34400,
,,,0.003644400000,  -0.33600,
,,,0.003644800000,  -0.33600,
,,,0.003645200000,  -0.33600,
,,,0.003645600000,  -0.34400,
,,,0.003646000000,  -0.35200,
,,,0.003646400000,  -0.35200,
,,,0.003646800000,  -0.35200,
,,,0.003647200000,  -0.35200,
,,,0.003647600000,  -0.35200,
,,,0.003648000000,  -0.36000,
,,,0.003648400000,  -0.36000,
,,,0.003648800000,  -0.36000,
,,,0.003649200000,  -0.36000,
,,,0.003649600000,  -0.36800,
,,,0.003650000000,  -0.37600,
,,,0.003650400000,  -0.37600,
,,,0.003650800000,  -0.38400,
,,,0.003651200000,  -0.38400,
,,,0.003651600000,  -0.38400,
,,,0.003652000000,  -0.39200,
,,,0.003652400000,  -0.39200,
,,,0.003652800000,  -0.38400,
,,,0.003653200000,  -0.40000,
,,,0.003653600000,  -0.39200,
,,,0.003654000000,  -0.39200,
,,,0.003654400000,  -0.40000,
,,,0.003654800000,  -0.40000,
,,,0.003655200000,  -0.40000,
,,,0.003655600000,  -0.40000,
,,,0.003656000000,  -0.41600,
,,,0.003656400000,  -0.41600,
,,,0.003656800000,  -0.40800,
,,,0.003657200000,  -0.42400,
,,,0.003657600000,  -0.41600,
,,,0.003658000000,  -0.41600,
,,,0.003658400000,  -0.41600,
,,,0.003658800000,  -0.42400,
,,,0.003659200000,  -0.42400,
,,,0.003659600000,  -0.42400,
,,,0.003660000000,  -0.43200,
,,,0.003660400000,  -0.42400,
,,,0.003660800000,  -0.42400,
,,,0.003661200000,  -0.43200,
,,,0.003661600000,  -0.44000,
,,,0.003662000000,  -0.43200,
,,,0.003662400000,  -0.44000,
,,,0.003662800000,  -0.44800,
,,,0.003663200000,  -0.44800,
,,,0.003663600000,  -0.44000,
,,,0.003664000000,  -0.44800,
,,,0.003664400000,  -0.44000,
,,,0.003664800000,  -0.44000,
,,,0.003665200000,  -0.44800,
,,,0.003665600000,  -0.44800,
,,,0.003666000000,  -0.44000,
,,,0.003666400000,  -0.45600,
,,,0.003666800000,  -0.46400,
,,,0.003667200000,  -0.45600,
,,,0.003667600000,  -0.45600,
,,,0.003668000000,  -0.46400,
,,,0.003668400000,  -0.46400,
,,,0.003668800000,  -0.45600,
,,,0.003669200000,  -0.46400,
,,,0.003669600000,  -0.45600,
,,,0.003670000000,  -0.46400,
,,,0.003670400000,  -0.48000,
,,,0.003670800000,  -0.47200,
,,,0.003671200000,  -0.47200,
,,,0.003671600000,  -0.47200,
,,,0.003672000000,  -0.47200,
,,,0.003672400000,  -0.47200,
,,,0.003672800000,  -0.47200,
,,,0.003673200000,  -0.48000,
,,,0.003673600000,  -0.47200,
,,,0.003674000000,  -0.47200,
,,,0.003674400000,  -0.48000,
,,,0.003674800000,  -0.47200,
,,,0.003675200000,  -0.48000,
,,,0.003675600000,  -0.48000,
,,,0.003676000000,  -0.48000,
,,,0.003676400000,  -0.48000,
,,,0.003676800000,  -0.48800,
,,,0.003677200000,  -0.48000,
,,,0.003677600000,  -0.48800,
,,,0.003678000000,  -0.48000,
,,,0.003678400000,  -0.48000,
,,,0.003678800000,  -0.48000,
,,,0.003679200000,  -0.49600,
,,,0.003679600000,  -0.48000,
,,,0.003680000000,  -0.48800,
,,,0.003680400000,  -0.47200,
,,,0.003680800000,  -0.48800,
,,,0.003681200000,  -0.48800,
,,,0.003681600000,  -0.49600,
,,,0.003682000000,  -0.48800,
,,,0.003682400000,  -0.48800,
,,,0.003682800000,  -0.48800,
,,,0.003683200000,  -0.48800,
,,,0.003683600000,  -0.48000,
,,,0.003684000000,  -0.48800,
,,,0.003684400000,  -0.48800,
,,,0.003684800000,  -0.48000,
,,,0.003685200000,  -0.49600,
,,,0.003685600000,  -0.48800,
,,,0.003686000000,  -0.48800,
,,,0.003686400000,  -0.49600,
,,,0.003686800000,  -0.48800,
,,,0.003687200000,  -0.48000,
,,,0.003687600000,  -0.48800,
,,,0.003688000000,  -0.48000,
,,,0.003688400000,  -0.48800,
,,,0.003688800000,  -0.48000,
,,,0.003689200000,  -0.48800,
,,,0.003689600000,  -0.48000,
,,,0.003690000000,  -0.48800,
,,,0.003690400000,  -0.48800,
,,,0.003690800000,  -0.48800,
,,,0.003691200000,  -0.48000,
,,,0.003691600000,  -0.48000,
,,,0.003692000000,  -0.48000,
,,,0.003692400000,  -0.48000,
,,,0.003692800000,  -0.48000,
,,,0.003693200000,  -0.48000,
,,,0.003693600000,  -0.48000,
,,,0.003694000000,  -0.48000,
,,,0.003694400000,  -0.47200,
,,,0.003694800000,  -0.47200,
,,,0.003695200000,  -0.48000,
,,,0.003695600000,  -0.47200,
,,,0.003696000000,  -0.47200,
,,,0.003696400000,  -0.47200,
,,,0.003696800000,  -0.48000,
,,,0.003697200000,  -0.47200,
,,,0.003697600000,  -0.47200,
,,,0.003698000000,  -0.46400,
,,,0.003698400000,  -0.47200,
,,,0.003698800000,  -0.47200,
,,,0.003699200000,  -0.46400,
,,,0.003699600000,  -0.46400,
,,,0.003700000000,  -0.46400,
,,,0.003700400000,  -0.46400,
,,,0.003700800000,  -0.45600,
,,,0.003701200000,  -0.46400,
,,,0.003701600000,  -0.47200,
,,,0.003702000000,  -0.45600,
,,,0.003702400000,  -0.46400,
,,,0.003702800000,  -0.45600,
,,,0.003703200000,  -0.45600,
,,,0.003703600000,  -0.44800,
,,,0.003704000000,  -0.44800,
,,,0.003704400000,  -0.44800,
,,,0.003704800000,  -0.44800,
,,,0.003705200000,  -0.44800,
,,,0.003705600000,  -0.44000,
,,,0.003706000000,  -0.44800,
,,,0.003706400000,  -0.44000,
,,,0.003706800000,  -0.43200,
,,,0.003707200000,  -0.44800,
,,,0.003707600000,  -0.44800,
,,,0.003708000000,  -0.43200,
,,,0.003708400000,  -0.44000,
,,,0.003708800000,  -0.42400,
,,,0.003709200000,  -0.43200,
,,,0.003709600000,  -0.42400,
,,,0.003710000000,  -0.44000,
,,,0.003710400000,  -0.43200,
,,,0.003710800000,  -0.43200,
,,,0.003711200000,  -0.43200,
,,,0.003711600000,  -0.42400,
,,,0.003712000000,  -0.43200,
,,,0.003712400000,  -0.41600,
,,,0.003712800000,  -0.41600,
,,,0.003713200000,  -0.40800,
,,,0.003713600000,  -0.41600,
,,,0.003714000000,  -0.40800,
,,,0.003714400000,  -0.40800,
,,,0.003714800000,  -0.40000,
,,,0.003715200000,  -0.40000,
,,,0.003715600000,  -0.40000,
,,,0.003716000000,  -0.40000,
,,,0.003716400000,  -0.39200,
,,,0.003716800000,  -0.40000,
,,,0.003717200000,  -0.39200,
,,,0.003717600000,  -0.39200,
,,,0.003718000000,  -0.39200,
,,,0.003718400000,  -0.39200,
,,,0.003718800000,  -0.37600,
,,,0.003719200000,  -0.37600,
,,,0.003719600000,  -0.38400,
,,,0.003720000000,  -0.36800,
,,,0.003720400000,  -0.37600,
,,,0.003720800000,  -0.36000,
,,,0.003721200000,  -0.37600,
,,,0.003721600000,  -0.36000,
,,,0.003722000000,  -0.36800,
,,,0.003722400000,  -0.36000,
,,,0.003722800000,  -0.36000,
,,,0.003723200000,  -0.35200,
,,,0.003723600000,  -0.35200,
,,,0.003724000000,  -0.34400,
,,,0.003724400000,  -0.34400,
,,,0.003724800000,  -0.33600,
,,,0.003725200000,  -0.33600,
,,,0.003725600000,  -0.34400,
,,,0.003726000000,  -0.33600,
,,,0.003726400000,  -0.33600,
,,,0.003726800000,  -0.33600,
,,,0.003727200000,  -0.32800,
,,,0.003727600000,  -0.32000,
,,,0.003728000000,  -0.32000,
,,,0.003728400000,  -0.31200,
,,,0.003728800000,  -0.31200,
,,,0.003729200000,  -0.31200,
,,,0.003729600000,  -0.31200,
,,,0.003730000000,  -0.30400,
,,,0.003730400000,  -0.30400,
,,,0.003730800000,  -0.29600,
,,,0.003731200000,  -0.29600,
,,,0.003731600000,  -0.29600,
,,,0.003732000000,  -0.29600,
,,,0.003732400000,  -0.28800,
,,,0.003732800000,  -0.28000,
,,,0.003733200000,  -0.28000,
,,,0.003733600000,  -0.27200,
,,,0.003734000000,  -0.27200,
,,,0.003734400000,  -0.27200,
,,,0.003734800000,  -0.26400,
,,,0.003735200000,  -0.26400,
,,,0.003735600000,  -0.26400,
,,,0.003736000000,  -0.25600,
,,,0.003736400000,  -0.25600,
,,,0.003736800000,  -0.24800,
,,,0.003737200000,  -0.24800,
,,,0.003737600000,  -0.24800,
,,,0.003738000000,  -0.24000,
,,,0.003738400000,  -0.24800,
,,,0.003738800000,  -0.23200,
,,,0.003739200000,  -0.23200,
,,,0.003739600000,  -0.22400,
,,,0.003740000000,  -0.22400,
,,,0.003740400000,  -0.20800,
,,,0.003740800000,  -0.20800,
,,,0.003741200000,  -0.21600,
,,,0.003741600000,  -0.20000,
,,,0.003742000000,  -0.21600,
,,,0.003742400000,  -0.20000,
,,,0.003742800000,  -0.20000,
,,,0.003743200000,  -0.20800,
,,,0.003743600000,  -0.19200,
,,,0.003744000000,  -0.19200,
,,,0.003744400000,  -0.18400,
,,,0.003744800000,  -0.17600,
,,,0.003745200000,  -0.19200,
,,,0.003745600000,  -0.17600,
,,,0.003746000000,  -0.16800,
,,,0.003746400000,  -0.16800,
,,,0.003746800000,  -0.16800,
,,,0.003747200000,  -0.15200,
,,,0.003747600000,  -0.15200,
,,,0.003748000000,  -0.15200,
,,,0.003748400000,  -0.16000,
,,,0.003748800000,  -0.15200,
,,,0.003749200000,  -0.13600,
,,,0.003749600000,  -0.14400,
,,,0.003750000000,  -0.13600,
,,,0.003750400000,  -0.12800,
,,,0.003750800000,  -0.12800,
,,,0.003751200000,  -0.12800,
,,,0.003751600000,  -0.12000,
,,,0.003752000000,  -0.10400,
,,,0.003752400000,  -0.11200,
,,,0.003752800000,  -0.10400,
,,,0.003753200000,  -0.10400,
,,,0.003753600000,  -0.09600,
,,,0.003754000000,  -0.08800,
,,,0.003754400000,  -0.09600,
,,,0.003754800000,  -0.08800,
,,,0.003755200000,  -0.08000,
,,,0.003755600000,  -0.08800,
,,,0.003756000000,  -0.07200,
,,,0.003756400000,  -0.06400,
,,,0.003756800000,  -0.07200,
,,,0.003757200000,  -0.06400,
,,,0.003757600000,  -0.05600,
,,,0.003758000000,  -0.05600,
,,,0.003758400000,  -0.05600,
,,,0.003758800000,  -0.04800,
,,,0.003759200000,  -0.04000,
,,,0.003759600000,  -0.03200,
,,,0.003760000000,  -0.03200,
,,,0.003760400000,  -0.04000,
,,,0.003760800000,  -0.03200,
,,,0.003761200000,  -0.02400,
,,,0.003761600000,  -0.02400,
,,,0.003762000000,  -0.01600,
,,,0.003762400000,  -0.00800,
,,,0.003762800000,  -0.00800,
,,,0.003763200000,  -0.00800,
,,,0.003763600000,  -0.00800,
,,,0.003764000000,   0.00800,
,,,0.003764400000,   0.00800,
,,,0.003764800000,   0.00800,
,,,0.003765200000,   0.00800,
,,,0.003765600000,   0.00800,
,,,0.003766000000,   0.02400,
,,,0.003766400000,   0.02400,
,,,0.003766800000,   0.03200,
,,,0.003767200000,   0.04000,
,,,0.003767600000,   0.04000,
,,,0.003768000000,   0.04000,
,,,0.003768400000,   0.04000,
,,,0.003768800000,   0.04000,
,,,0.003769200000,   0.04800,
,,,0.003769600000,   0.05600,
,,,0.003770000000,   0.06400,
,,,0.003770400000,   0.06400,
,,,0.003770800000,   0.06400,
,,,0.003771200000,   0.07200,
,,,0.003771600000,   0.08000,
,,,0.003772000000,   0.07200,
,,,0.003772400000,   0.08000,
,,,0.003772800000,   0.08800,
,,,0.003773200000,   0.08800,
,,,0.003773600000,   0.10400,
,,,0.003774000000,   0.10400,
,,,0.003774400000,   0.10400,
,,,0.003774800000,   0.08800,
,,,0.003775200000,   0.11200,
,,,0.003775600000,   0.10400,
,,,0.003776000000,   0.12000,
,,,0.003776400000,   0.12800,
,,,0.003776800000,   0.12000,
,,,0.003777200000,   0.12800,
,,,0.003777600000,   0.13600,
,,,0.003778000000,   0.13600,
,,,0.003778400000,   0.13600,
,,,0.003778800000,   0.14400,
,,,0.003779200000,   0.16000,
,,,0.003779600000,   0.15200,
,,,0.003780000000,   0.16000,
,,,0.003780400000,   0.15200,
,,,0.003780800000,   0.16000,
,,,0.003781200000,   0.17600,
,,,0.003781600000,   0.16800,
,,,0.003782000000,   0.17600,
,,,0.003782400000,   0.18400,
,,,0.003782800000,   0.18400,
,,,0.003783200000,   0.19200,
,,,0.003783600000,   0.20000,
,,,0.003784000000,   0.20000,
,,,0.003784400000,   0.20000,
,,,0.003784800000,   0.20000,
,,,0.003785200000,   0.20800,
,,,0.003785600000,   0.20000,
,,,0.003786000000,   0.21600,
,,,0.003786400000,   0.21600,
,,,0.003786800000,   0.21600,
,,,0.003787200000,   0.21600,
,,,0.003787600000,   0.23200,
,,,0.003788000000,   0.22400,
,,,0.003788400000,   0.23200,
,,,0.003788800000,   0.23200,
,,,0.003789200000,   0.24000,
,,,0.003789600000,   0.24800,
,,,0.003790000000,   0.24800,
,,,0.003790400000,   0.24800,
,,,0.003790800000,   0.24800,
,,,0.003791200000,   0.25600,
,,,0.003791600000,   0.25600,
,,,0.003792000000,   0.26400,
,,,0.003792400000,   0.27200,
,,,0.003792800000,   0.26400,
,,,0.003793200000,   0.27200,
,,,0.003793600000,   0.27200,
,,,0.003794000000,   0.27200,
,,,0.003794400000,   0.28800,
,,,0.003794800000,   0.28000,
,,,0.003795200000,   0.28000,
,,,0.003795600000,   0.29600,
,,,0.003796000000,   0.29600,
,,,0.003796400000,   0.28800,
,,,0.003796800000,   0.30400,
,,,0.003797200000,   0.30400,
,,,0.003797600000,   0.29600,
,,,0.003798000000,   0.30400,
,,,0.003798400000,   0.32000,
,,,0.003798800000,   0.32000,
,,,0.003799200000,   0.32000,
,,,0.003799600000,   0.32000,
,,,0.003800000000,   0.32800,
,,,0.003800400000,   0.32800,
,,,0.003800800000,   0.34400,
,,,0.003801200000,   0.34400,
,,,0.003801600000,   0.34400,
,,,0.003802000000,   0.34400,
,,,0.003802400000,   0.34400,
,,,0.003802800000,   0.34400,
,,,0.003803200000,   0.35200,
,,,0.003803600000,   0.36000,
,,,0.003804000000,   0.36800,
,,,0.003804400000,   0.36000,
,,,0.003804800000,   0.36800,
,,,0.003805200000,   0.36800,
,,,0.003805600000,   0.36000,
,,,0.003806000000,   0.36800,
,,,0.003806400000,   0.36800,
,,,0.003806800000,   0.38400,
,,,0.003807200000,   0.37600,
,,,0.003807600000,   0.38400,
,,,0.003808000000,   0.39200,
,,,0.003808400000,   0.38400,
,,,0.003808800000,   0.38400,
,,,0.003809200000,   0.39200,
,,,0.003809600000,   0.39200,
,,,0.003810000000,   0.40000,
,,,0.003810400000,   0.40000,
,,,0.003810800000,   0.39200,
,,,0.003811200000,   0.40000,
,,,0.003811600000,   0.41600,
,,,0.003812000000,   0.41600,
,,,0.003812400000,   0.41600,
,,,0.003812800000,   0.41600,
,,,0.003813200000,   0.41600,
,,,0.003813600000,   0.42400,
,,,0.003814000000,   0.43200,
,,,0.003814400000,   0.42400,
,,,0.003814800000,   0.42400,
,,,0.003815200000,   0.43200,
,,,0.003815600000,   0.43200,
,,,0.003816000000,   0.43200,
,,,0.003816400000,   0.44000,
,,,0.003816800000,   0.44000,
,,,0.003817200000,   0.44000,
,,,0.003817600000,   0.44000,
,,,0.003818000000,   0.44800,
,,,0.003818400000,   0.44000,
,,,0.003818800000,   0.44000,
,,,0.003819200000,   0.44800,
,,,0.003819600000,   0.45600,
,,,0.003820000000,   0.45600,
,,,0.003820400000,   0.45600,
,,,0.003820800000,   0.44800,
,,,0.003821200000,   0.44800,
,,,0.003821600000,   0.46400,
,,,0.003822000000,   0.46400,
,,,0.003822400000,   0.46400,
,,,0.003822800000,   0.47200,
,,,0.003823200000,   0.46400,
,,,0.003823600000,   0.46400,
,,,0.003824000000,   0.48000,
,,,0.003824400000,   0.47200,
,,,0.003824800000,   0.46400,
,,,0.003825200000,   0.47200,
,,,0.003825600000,   0.48000,
,,,0.003826000000,   0.48000,
,,,0.003826400000,   0.48000,
,,,0.003826800000,   0.49600,
,,,0.003827200000,   0.48000,
,,,0.003827600000,   0.48000,
,,,0.003828000000,   0.48000,
,,,0.003828400000,   0.48000,
,,,0.003828800000,   0.48800,
,,,0.003829200000,   0.48000,
,,,0.003829600000,   0.48800,
,,,0.003830000000,   0.48800,
,,,0.003830400000,   0.49600,
,,,0.003830800000,   0.48800,
,,,0.003831200000,   0.49600,
,,,0.003831600000,   0.48800,
,,,0.003832000000,   0.50400,
,,,0.003832400000,   0.49600,
,,,0.003832800000,   0.49600,
,,,0.003833200000,   0.50400,
,,,0.003833600000,   0.49600,
,,,0.003834000000,   0.49600,
,,,0.003834400000,   0.50400,
,,,0.003834800000,   0.49600,
,,,0.003835200000,   0.51200,
,,,0.003835600000,   0.50400,
,,,0.003836000000,   0.50400,
,,,0.003836400000,   0.50400,
,,,0.003836800000,   0.50400,
,,,0.003837200000,   0.51200,
,,,0.003837600000,   0.49600,
,,,0.003838000000,   0.50400,
,,,0.003838400000,   0.50400,
,,,0.003838800000,   0.51200,
,,,0.003839200000,   0.50400,
,,,0.003839600000,   0.51200,
,,,0.003840000000,   0.51200,
,,,0.003840400000,   0.50400,
,,,0.003840800000,   0.50400,
,,,0.003841200000,   0.51200,
,,,0.003841600000,   0.50400,
,,,0.003842000000,   0.52000,
,,,0.003842400000,   0.50400,
,,,0.003842800000,   0.51200,
,,,0.003843200000,   0.52000,
,,,0.003843600000,   0.52000,
,,,0.003844000000,   0.51200,
,,,0.003844400000,   0.51200,
,,,0.003844800000,   0.49600,
,,,0.003845200000,   0.50400,
,,,0.003845600000,   0.51200,
,,,0.003846000000,   0.51200,
,,,0.003846400000,   0.51200,
,,,0.003846800000,   0.51200,
,,,0.003847200000,   0.52000,
,,,0.003847600000,   0.51200,
,,,0.003848000000,   0.50400,
,,,0.003848400000,   0.50400,
,,,0.003848800000,   0.51200,
,,,0.003849200000,   0.51200,
,,,0.003849600000,   0.51200,
,,,0.003850000000,   0.50400,
,,,0.003850400000,   0.50400,
,,,0.003850800000,   0.51200,
,,,0.003851200000,   0.50400,
,,,0.003851600000,   0.51200,
,,,0.003852000000,   0.52000,
,,,0.003852400000,   0.50400,
,,,0.003852800000,   0.51200,
,,,0.003853200000,   0.51200,
,,,0.003853600000,   0.51200,
,,,0.003854000000,   0.49600,
,,,0.003854400000,   0.51200,
,,,0.003854800000,   0.50400,
,,,0.003855200000,   0.50400,
,,,0.003855600000,   0.51200,
,,,0.003856000000,   0.49600,
,,,0.003856400000,   0.50400,
,,,0.003856800000,   0.50400,
,,,0.003857200000,   0.49600,
,,,0.003857600000,   0.49600,
,,,0.003858000000,   0.49600,
,,,0.003858400000,   0.49600,
,,,0.003858800000,   0.48800,
,,,0.003859200000,   0.49600,
,,,0.003859600000,   0.49600,
,,,0.003860000000,   0.49600,
,,,0.003860400000,   0.48800,
,,,0.003860800000,   0.48000,
,,,0.003861200000,   0.48800,
,,,0.003861600000,   0.48800,
,,,0.003862000000,   0.47200,
,,,0.003862400000,   0.48800,
,,,0.003862800000,   0.48000,
,,,0.003863200000,   0.48000,
,,,0.003863600000,   0.48000,
,,,0.003864000000,   0.48000,
,,,0.003864400000,   0.47200,
,,,0.003864800000,   0.47200,
,,,0.003865200000,   0.48000,
,,,0.003865600000,   0.47200,
,,,0.003866000000,   0.47200,
,,,0.003866400000,   0.48000,
,,,0.003866800000,   0.47200,
,,,0.003867200000,   0.45600,
,,,0.003867600000,   0.46400,
,,,0.003868000000,   0.47200,
,,,0.003868400000,   0.47200,
,,,0.003868800000,   0.45600,
,,,0.003869200000,   0.45600,
,,,0.003869600000,   0.45600,
,,,0.003870000000,   0.45600,
,,,0.003870400000,   0.44800,
,,,0.003870800000,   0.45600,
,,,0.003871200000,   0.44800,
,,,0.003871600000,   0.45600,
,,,0.003872000000,   0.44000,
,,,0.003872400000,   0.44800,
,,,0.003872800000,   0.44000,
,,,0.003873200000,   0.44000,
,,,0.003873600000,   0.44000,
,,,0.003874000000,   0.44000,
,,,0.003874400000,   0.44000,
,,,0.003874800000,   0.43200,
,,,0.003875200000,   0.42400,
,,,0.003875600000,   0.43200,
,,,0.003876000000,   0.42400,
,,,0.003876400000,   0.42400,
,,,0.003876800000,   0.42400,
,,,0.003877200000,   0.41600,
,,,0.003877600000,   0.42400,
,,,0.003878000000,   0.41600,
,,,0.003878400000,   0.41600,
,,,0.003878800000,   0.41600,
,,,0.003879200000,   0.40800,
,,,0.003879600000,   0.40000,
,,,0.003880000000,   0.40800,
,,,0.003880400000,   0.40800,
,,,0.003880800000,   0.40800,
,,,0.003881200000,   0.38400,
,,,0.003881600000,   0.39200,
,,,0.003882000000,   0.38400,
,,,0.003882400000,   0.38400,
,,,0.003882800000,   0.38400,
,,,0.003883200000,   0.38400,
,,,0.003883600000,   0.37600,
,,,0.003884000000,   0.37600,
,,,0.003884400000,   0.36800,
,,,0.003884800000,   0.36800,
,,,0.003885200000,   0.36800,
,,,0.003885600000,   0.36800,
,,,0.003886000000,   0.36800,
,,,0.003886400000,   0.36000,
,,,0.003886800000,   0.36000,
,,,0.003887200000,   0.36000,
,,,0.003887600000,   0.35200,
,,,0.003888000000,   0.34400,
,,,0.003888400000,   0.34400,
,,,0.003888800000,   0.34400,
,,,0.003889200000,   0.33600,
,,,0.003889600000,   0.34400,
,,,0.003890000000,   0.33600,
,,,0.003890400000,   0.33600,
,,,0.003890800000,   0.32800,
,,,0.003891200000,   0.32000,
,,,0.003891600000,   0.32000,
,,,0.003892000000,   0.32000,
,,,0.003892400000,   0.31200,
,,,0.003892800000,   0.31200,
,,,0.003893200000,   0.31200,
,,,0.003893600000,   0.30400,
,,,0.003894000000,   0.31200,
,,,0.003894400000,   0.29600,
,,,0.003894800000,   0.31200,
,,,0.003895200000,   0.29600,
,,,0.003895600000,   0.29600,
,,,0.003896000000,   0.29600,
,,,0.003896400000,   0.29600,
,,,0.003896800000,   0.27200,
,,,0.003897200000,   0.28800,
,,,0.003897600000,   0.27200,
,,,0.003898000000,   0.28000,
,,,0.003898400000,   0.26400,
,,,0.003898800000,   0.27200,
,,,0.003899200000,   0.27200,
,,,0.003899600000,   0.25600,
,,,0.003900000000,   0.26400,
,,,0.003900400000,   0.24000,
,,,0.003900800000,   0.24800,
,,,0.003901200000,   0.25600,
,,,0.003901600000,   0.24000,
,,,0.003902000000,   0.24800,
,,,0.003902400000,   0.24000,
,,,0.003902800000,   0.23200,
,,,0.003903200000,   0.23200,
,,,0.003903600000,   0.22400,
,,,0.003904000000,   0.22400,
,,,0.003904400000,   0.21600,
,,,0.003904800000,   0.21600,
,,,0.003905200000,   0.21600,
,,,0.003905600000,   0.20000,
,,,0.003906000000,   0.20000,
,,,0.003906400000,   0.20000,
,,,0.003906800000,   0.18400,
,,,0.003907200000,   0.20800,
,,,0.003907600000,   0.18400,
,,,0.003908000000,   0.17600,
,,,0.003908400000,   0.17600,
,,,0.003908800000,   0.17600,
,,,0.003909200000,   0.17600,
,,,0.003909600000,   0.16800,
,,,0.003910000000,   0.16000,
,,,0.003910400000,   0.16800,
,,,0.003910800000,   0.16000,
,,,0.003911200000,   0.16000,
,,,0.003911600000,   0.15200,
,,,0.003912000000,   0.15200,
,,,0.003912400000,   0.14400,
,,,0.003912800000,   0.13600,
,,,0.003913200000,   0.13600,
,,,0.003913600000,   0.13600,
,,,0.003914000000,   0.11200,
,,,0.003914400000,   0.12000,
,,,0.003914800000,   0.12800,
,,,0.003915200000,   0.11200,
,,,0.003915600000,   0.12000,
,,,0.003916000000,   0.12000,
,,,0.003916400000,   0.11200,
,,,0.003916800000,   0.10400,
,,,0.003917200000,   0.09600,
,,,0.003917600000,   0.08800,
,,,0.003918000000,   0.08000,
,,,0.003918400000,   0.08800,
,,,0.003918800000,   0.08000,
,,,0.003919200000,   0.07200,
,,,0.003919600000,   0.07200,
,,,0.003920000000,   0.07200,
,,,0.003920400000,   0.07200,
,,,0.003920800000,   0.06400,
,,,0.003921200000,   0.06400,
,,,0.003921600000,   0.04800,
,,,0.003922000000,   0.04800,
,,,0.003922400000,   0.04000,
,,,0.003922800000,   0.04000,
,,,0.003923200000,   0.04000,
,,,0.003923600000,   0.03200,
,,,0.003924000000,   0.03200,
,,,0.003924400000,   0.02400,
,,,0.003924800000,   0.01600,
,,,0.003925200000,   0.02400,
,,,0.003925600000,   0.01600,
,,,0.003926000000,   0.01600,
,,,0.003926400000,   0.01600,
,,,0.003926800000,   0.00800,
,,,0.003927200000,  -0.00800,
,,,0.003927600000,   0.00000,
,,,0.003928000000,  -0.00800,
,,,0.003928400000,  -0.01600,
,,,0.003928800000,  -0.02400,
,,,0.003929200000,  -0.02400,
,,,0.003929600000,  -0.02400,
,,,0.003930000000,  -0.02400,
,,,0.003930400000,  -0.03200,
,,,0.003930800000,  -0.03200,
,,,0.003931200000,  -0.04000,
,,,0.003931600000,  -0.05600,
,,,0.003932000000,  -0.04800,
,,,0.003932400000,  -0.05600,
,,,0.003932800000,  -0.05600,
,,,0.003933200000,  -0.05600,
,,,0.003933600000,  -0.06400,
,,,0.003934000000,  -0.07200,
,,,0.003934400000,  -0.06400,
,,,0.003934800000,  -0.07200,
,,,0.003935200000,  -0.08000,
,,,0.003935600000,  -0.08000,
,,,0.003936000000,  -0.08000,
,,,0.003936400000,  -0.09600,
,,,0.003936800000,  -0.08800,
,,,0.003937200000,  -0.09600,
,,,0.003937600000,  -0.10400,
,,,0.003938000000,  -0.09600,
,,,0.003938400000,  -0.11200,
,,,0.003938800000,  -0.11200,
,,,0.003939200000,  -0.12800,
,,,0.003939600000,  -0.11200,
,,,0.003940000000,  -0.12800,
,,,0.003940400000,  -0.12800,
,,,0.003940800000,  -0.12800,
,,,0.003941200000,  -0.12800,
,,,0.003941600000,  -0.13600,
,,,0.003942000000,  -0.14400,
,,,0.003942400000,  -0.14400,
,,,0.003942800000,  -0.15200,
,,,0.003943200000,  -0.15200,
,,,0.003943600000,  -0.16000,
,,,0.003944000000,  -0.16800,
,,,0.003944400000,  -0.16000,
,,,0.003944800000,  -0.17600,
,,,0.003945200000,  -0.17600,
,,,0.003945600000,  -0.18400,
,,,0.003946000000,  -0.17600,
,,,0.003946400000,  -0.18400,
,,,0.003946800000,  -0.18400,
,,,0.003947200000,  -0.18400,
,,,0.003947600000,  -0.20000,
,,,0.003948000000,  -0.20800,
,,,0.003948400000,  -0.19200,
,,,0.003948800000,  -0.20800,
,,,0.003949200000,  -0.21600,
,,,0.003949600000,  -0.20000,
,,,0.003950000000,  -0.21600,
,,,0.003950400000,  -0.22400,
,,,0.003950800000,  -0.22400,
,,,0.003951200000,  -0.21600,
,,,0.003951600000,  -0.21600,
,,,0.003952000000,  -0.24000,
,,,0.003952400000,  -0.23200,
,,,0.003952800000,  -0.24000,
,,,0.003953200000,  -0.24800,
,,,0.003953600000,  -0.24800,
,,,0.003954000000,  -0.24800,
,,,0.003954400000,  -0.25600,
,,,0.003954800000,  -0.26400,
,,,0.003955200000,  -0.25600,
,,,0.003955600000,  -0.26400,
,,,0.003956000000,  -0.27200,
,,,0.003956400000,  -0.27200,
,,,0.003956800000,  -0.26400,
,,,0.003957200000,  -0.27200,
,,,0.003957600000,  -0.28000,
,,,0.003958000000,  -0.28000,
,,,0.003958400000,  -0.28800,
,,,0.003958800000,  -0.28000,
,,,0.003959200000,  -0.28800,
,,,0.003959600000,  -0.29600,
,,,0.003960000000,  -0.29600,
,,,0.003960400000,  -0.29600,
,,,0.003960800000,  -0.30400,
,,,0.003961200000,  -0.31200,
,,,0.003961600000,  -0.32000,
,,,0.003962000000,  -0.30400,
,,,0.003962400000,  -0.32000,
,,,0.003962800000,  -0.32000,
,,,0.003963200000,  -0.31200,
,,,0.003963600000,  -0.32800,
,,,0.003964000000,  -0.32800,
,,,0.003964400000,  -0.32800,
,,,0.003964800000,  -0.33600,
,,,0.003965200000,  -0.32800,
,,,0.003965600000,  -0.33600,
,,,0.003966000000,  -0.34400,
,,,0.003966400000,  -0.35200,
,,,0.003966800000,  -0.34400,
,,,0.003967200000,  -0.36000,
,,,0.003967600000,  -0.34400,
,,,0.003968000000,  -0.35200,
,,,0.003968400000,  -0.36000,
,,,0.003968800000,  -0.36000,
,,,0.003969200000,  -0.36800,
,,,0.003969600000,  -0.36800,
,,,0.003970000000,  -0.36800,
,,,0.003970400000,  -0.37600,
,,,0.003970800000,  -0.38400,
,,,0.003971200000,  -0.37600,
,,,0.003971600000,  -0.37600,
,,,0.003972000000,  -0.37600,
,,,0.003972400000,  -0.38400,
,,,0.003972800000,  -0.38400,
,,,0.003973200000,  -0.39200,
,,,0.003973600000,  -0.38400,
,,,0.003974000000,  -0.39200,
,,,0.003974400000,  -0.39200,
,,,0.003974800000,  -0.40000,
,,,0.003975200000,  -0.40000,
,,,0.003975600000,  -0.39200,
,,,0.003976000000,  -0.40800,
,,,0.003976400000,  -0.40000,
,,,0.003976800000,  -0.40800,
,,,0.003977200000,  -0.40800,
,,,0.003977600000,  -0.41600,
,,,0.003978000000,  -0.40800,
,,,0.003978400000,  -0.40800,
,,,0.003978800000,  -0.41600,
,,,0.003979200000,  -0.41600,
,,,0.003979600000,  -0.41600,
,,,0.003980000000,  -0.43200,
,,,0.003980400000,  -0.43200,
,,,0.003980800000,  -0.43200,
,,,0.003981200000,  -0.43200,
,,,0.003981600000,  -0.44000,
,,,0.003982000000,  -0.43200,
,,,0.003982400000,  -0.44000,
,,,0.003982800000,  -0.44000,
,,,0.003983200000,  -0.44000,
,,,0.003983600000,  -0.44000,
,,,0.003984000000,  -0.44800,
,,,0.003984400000,  -0.44800,
,,,0.003984800000,  -0.44800,
,,,0.003985200000,  -0.44000,
,,,0.003985600000,  -0.44800,
,,,0.003986000000,  -0.44800,
,,,0.003986400000,  -0.45600,
,,,0.003986800000,  -0.45600,
,,,0.003987200000,  -0.46400,
,,,0.003987600000,  -0.46400,
,,,0.003988000000,  -0.45600,
,,,0.003988400000,  -0.46400,
,,,0.003988800000,  -0.45600,
,,,0.003989200000,  -0.45600,
,,,0.003989600000,  -0.45600,
,,,0.003990000000,  -0.47200,
,,,0.003990400000,  -0.45600,
,,,0.003990800000,  -0.46400,
,,,0.003991200000,  -0.46400,
,,,0.003991600000,  -0.46400,
,,,0.003992000000,  -0.46400,
,,,0.003992400000,  -0.46400,
,,,0.003992800000,  -0.47200,
,,,0.003993200000,  -0.47200,
,,,0.003993600000,  -0.47200,
,,,0.003994000000,  -0.48000,
,,,0.003994400000,  -0.47200,
,,,0.003994800000,  -0.46400,
,,,0.003995200000,  -0.48800,
,,,0.003995600000,  -0.47200,
,,,0.003996000000,  -0.47200,
,,,0.003996400000,  -0.48000,
,,,0.003996800000,  -0.48000,
,,,0.003997200000,  -0.48000,
,,,0.003997600000,  -0.48000,
,,,0.003998000000,  -0.48000,
,,,0.003998400000,  -0.48800,
,,,0.003998800000,  -0.48000,
,,,0.003999200000,  -0.48000,
,,,0.003999600000,  -0.48000,
,,,0.004000000000,  -0.48000,
,,,0.004000400000,  -0.48800,
,,,0.004000800000,  -0.48800,
,,,0.004001200000,  -0.48000,
,,,0.004001600000,  -0.47200,
,,,0.004002000000,  -0.48000,
,,,0.004002400000,  -0.48800,
,,,0.004002800000,  -0.48800,
,,,0.004003200000,  -0.48800,
,,,0.004003600000,  -0.48800,
,,,0.004004000000,  -0.48800,
,,,0.004004400000,  -0.48000,
,,,0.004004800000,  -0.48000,
,,,0.004005200000,  -0.48000,
,,,0.004005600000,  -0.48800,
,,,0.004006000000,  -0.48000,
,,,0.004006400000,  -0.48800,
,,,0.004006800000,  -0.48000,
,,,0.004007200000,  -0.48800,
,,,0.004007600000,  -0.48800,
,,,0.004008000000,  -0.49600,
,,,0.004008400000,  -0.48800,
,,,0.004008800000,  -0.48800,
,,,0.004009200000,  -0.48000,
,,,0.004009600000,  -0.48800,
,,,0.004010000000,  -0.48800,
,,,0.004010400000,  -0.48000,
,,,0.004010800000,  -0.48800,
,,,0.004011200000,  -0.47200,
,,,0.004011600000,  -0.48800,
,,,0.004012000000,  -0.48000,
,,,0.004012400000,  -0.48800,
,,,0.004012800000,  -0.47200,
,,,0.004013200000,  -0.48000,
,,,0.004013600000,  -0.48000,
,,,0.004014000000,  -0.47200,
,,,0.004014400000,  -0.48000,
,,,0.004014800000,  -0.48000,
,,,0.004015200000,  -0.48800,
,,,0.004015600000,  -0.47200,
,,,0.004016000000,  -0.47200,
,,,0.004016400000,  -0.47200,
,,,0.004016800000,  -0.48000,
,,,0.004017200000,  -0.48000,
,,,0.004017600000,  -0.47200,
,,,0.004018000000,  -0.48000,
,,,0.004018400000,  -0.47200,
,,,0.004018800000,  -0.47200,
,,,0.004019200000,  -0.47200,
,,,0.004019600000,  -0.47200,
,,,0.004020000000,  -0.46400,
,,,0.004020400000,  -0.46400,
,,,0.004020800000,  -0.46400,
,,,0.004021200000,  -0.46400,
,,,0.004021600000,  -0.45600,
,,,0.004022000000,  -0.46400,
,,,0.004022400000,  -0.45600,
,,,0.004022800000,  -0.46400,
,,,0.004023200000,  -0.46400,
,,,0.004023600000,  -0.45600,
,,,0.004024000000,  -0.45600,
,,,0.004024400000,  -0.44000,
,,,0.004024800000,  -0.44800,
,,,0.004025200000,  -0.45600,
,,,0.004025600000,  -0.44000,
,,,0.004026000000,  -0.45600,
,,,0.004026400000,  -0.44000,
,,,0.004026800000,  -0.44800,
,,,0.004027200000,  -0.44800,
,,,0.004027600000,  -0.44800,
,,,0.004028000000,  -0.44800,
,,,0.004028400000,  -0.45600,
,,,0.004028800000,  -0.44800,
,,,0.004029200000,  -0.44000,
,,,0.004029600000,  -0.43200,
,,,0.004030000000,  -0.43200,
,,,0.004030400000,  -0.43200,
,,,0.004030800000,  -0.42400,
,,,0.004031200000,  -0.43200,
,,,0.004031600000,  -0.41600,
,,,0.004032000000,  -0.42400,
,,,0.004032400000,  -0.42400,
,,,0.004032800000,  -0.42400,
,,,0.004033200000,  -0.42400,
,,,0.004033600000,  -0.42400,
,,,0.004034000000,  -0.41600,
,,,0.004034400000,  -0.40800,
,,,0.004034800000,  -0.41600,
,,,0.004035200000,  -0.41600,
,,,0.004035600000,  -0.39200,
,,,0.004036000000,  -0.39200,
,,,0.004036400000,  -0.39200,
,,,0.004036800000,  -0.39200,
,,,0.004037200000,  -0.39200,
,,,0.004037600000,  -0.39200,
,,,0.004038000000,  -0.39200,
,,,0.004038400000,  -0.39200,
,,,0.004038800000,  -0.38400,
,,,0.004039200000,  -0.39200,
,,,0.004039600000,  -0.38400,
,,,0.004040000000,  -0.38400,
,,,0.004040400000,  -0.36800,
,,,0.004040800000,  -0.37600,
,,,0.004041200000,  -0.36800,
,,,0.004041600000,  -0.37600,
,,,0.004042000000,  -0.36800,
,,,0.004042400000,  -0.37600,
,,,0.004042800000,  -0.35200,
,,,0.004043200000,  -0.36000,
,,,0.004043600000,  -0.35200,
,,,0.004044000000,  -0.35200,
,,,0.004044400000,  -0.35200,
,,,0.004044800000,  -0.34400,
,,,0.004045200000,  -0.34400,
,,,0.004045600000,  -0.34400,
,,,0.004046000000,  -0.33600,
,,,0.004046400000,  -0.33600,
,,,0.004046800000,  -0.33600,
,,,0.004047200000,  -0.32800,
,,,0.004047600000,  -0.32800,
,,,0.004048000000,  -0.32800,
,,,0.004048400000,  -0.32800,
,,,0.004048800000,  -0.32000,
,,,0.004049200000,  -0.32000,
,,,0.004049600000,  -0.31200,
,,,0.004050000000,  -0.31200,
,,,0.004050400000,  -0.31200,
,,,0.004050800000,  -0.30400,
,,,0.004051200000,  -0.30400,
,,,0.004051600000,  -0.31200,
,,,0.004052000000,  -0.29600,
,,,0.004052400000,  -0.29600,
,,,0.004052800000,  -0.28800,
,,,0.004053200000,  -0.28000,
,,,0.004053600000,  -0.27200,
,,,0.004054000000,  -0.28000,
,,,0.004054400000,  -0.27200,
,,,0.004054800000,  -0.27200,
,,,0.004055200000,  -0.27200,
,,,0.004055600000,  -0.26400,
,,,0.004056000000,  -0.26400,
,,,0.004056400000,  -0.25600,
,,,0.004056800000,  -0.25600,
,,,0.004057200000,  -0.25600,
,,,0.004057600000,  -0.24800,
,,,0.004058000000,  -0.25600,
,,,0.004058400000,  -0.24800,
,,,0.004058800000,  -0.24800,
,,,0.004059200000,  -0.24000,
,,,0.004059600000,  -0.23200,
,,,0.004060000000,  -0.22400,
,,,0.004060400000,  -0.23200,
,,,0.004060800000,  -0.22400,
,,,0.004061200000,  -0.21600,
,,,0.004061600000,  -0.22400,
,,,0.004062000000,  -0.20800,
,,,0.004062400000,  -0.21600,
,,,0.004062800000,  -0.20800,
,,,0.004063200000,  -0.21600,
,,,0.004063600000,  -0.20000,
,,,0.004064000000,  -0.18400,
,,,0.004064400000,  -0.18400,
,,,0.004064800000,  -0.19200,
,,,0.004065200000,  -0.19200,
,,,0.004065600000,  -0.19200,
,,,0.004066000000,  -0.17600,
,,,0.004066400000,  -0.17600,
,,,0.004066800000,  -0.16800,
,,,0.004067200000,  -0.17600,
,,,0.004067600000,  -0.16800,
,,,0.004068000000,  -0.16000,
,,,0.004068400000,  -0.16000,
,,,0.004068800000,  -0.15200,
,,,0.004069200000,  -0.15200,
,,,0.004069600000,  -0.14400,
,,,0.004070000000,  -0.14400,
,,,0.004070400000,  -0.12800,
,,,0.004070800000,  -0.13600,
,,,0.004071200000,  -0.12800,
,,,0.004071600000,  -0.12800,
,,,0.004072000000,  -0.12800,
,,,0.004072400000,  -0.12000,
,,,0.004072800000,  -0.12000,
,,,0.004073200000,  -0.10400,
,,,0.004073600000,  -0.10400,
,,,0.004074000000,  -0.10400,
,,,0.004074400000,  -0.09600,
,,,0.004074800000,  -0.10400,
,,,0.004075200000,  -0.08800,
,,,0.004075600000,  -0.08800,
,,,0.004076000000,  -0.08800,
,,,0.004076400000,  -0.08000,
,,,0.004076800000,  -0.08000,
,,,0.004077200000,  -0.07200,
,,,0.004077600000,  -0.07200,
,,,0.004078000000,  -0.05600,
,,,0.004078400000,  -0.06400,
,,,0.004078800000,  -0.05600,
,,,0.004079200000,  -0.05600,
,,,0.004079600000,  -0.05600,
,,,0.004080000000,  -0.04800,
,,,0.004080400000,  -0.04000,
,,,0.004080800000,  -0.03200,
,,,0.004081200000,  -0.02400,
,,,0.004081600000,  -0.03200,
,,,0.004082000000,  -0.03200,
,,,0.004082400000,  -0.01600,
,,,0.004082800000,  -0.01600,
,,,0.004083200000,  -0.01600,
,,,0.004083600000,  -0.00800,
,,,0.004084000000,  -0.00800,
,,,0.004084400000,   0.00800,
,,,0.004084800000,   0.00800,
,,,0.004085200000,   0.01600,
,,,0.004085600000,   0.00800,
,,,0.004086000000,   0.01600,
,,,0.004086400000,   0.02400,
,,,0.004086800000,   0.03200,
,,,0.004087200000,   0.02400,
,,,0.004087600000,   0.03200,
,,,0.004088000000,   0.02400,
,,,0.004088400000,   0.04000,
,,,0.004088800000,   0.04000,
,,,0.004089200000,   0.04800,
,,,0.004089600000,   0.05600,
,,,0.004090000000,   0.04000,
,,,0.004090400000,   0.06400,
,,,0.004090800000,   0.06400,
,,,0.004091200000,   0.05600,
,,,0.004091600000,   0.06400,
,,,0.004092000000,   0.06400,
,,,0.004092400000,   0.08000,
,,,0.004092800000,   0.08000,
,,,0.004093200000,   0.08000,
,,,0.004093600000,   0.08000,
,,,0.004094000000,   0.09600,
,,,0.004094400000,   0.09600,
,,,0.004094800000,   0.09600,
,,,0.004095200000,   0.10400,
,,,0.004095600000,   0.10400,
,,,0.004096000000,   0.10400,
,,,0.004096400000,   0.11200,
,,,0.004096800000,   0.12800,
,,,0.004097200000,   0.12000,
,,,0.004097600000,   0.12000,
,,,0.004098000000,   0.13600,
,,,0.004098400000,   0.12800,
,,,0.004098800000,   0.14400,
,,,0.004099200000,   0.13600,
,,,0.004099600000,   0.14400,
,,,0.004100000000,   0.15200,
,,,0.004100400000,   0.16000,
,,,0.004100800000,   0.16800,
,,,0.004101200000,   0.15200,
,,,0.004101600000,   0.16800,
,,,0.004102000000,   0.16000,
,,,0.004102400000,   0.17600,
,,,0.004102800000,   0.16800,
,,,0.004103200000,   0.18400,
,,,0.004103600000,   0.19200,
,,,0.004104000000,   0.18400,
,,,0.004104400000,   0.19200,
,,,0.004104800000,   0.19200,
,,,0.004105200000,   0.19200,
,,,0.004105600000,   0.20000,
,,,0.004106000000,   0.20000,
,,,0.004106400000,   0.20800,
,,,0.004106800000,   0.21600,
,,,0.004107200000,   0.21600,
,,,0.004107600000,   0.21600,
,,,0.004108000000,   0.21600,
,,,0.004108400000,   0.21600,
,,,0.004108800000,   0.22400,
,,,0.004109200000,   0.24000,
,,,0.004109600000,   0.23200,
,,,0.004110000000,   0.24000,
,,,0.004110400000,   0.23200,
,,,0.004110800000,   0.25600,
,,,0.004111200000,   0.24800,
,,,0.004111600000,   0.25600,
,,,0.004112000000,   0.25600,
,,,0.004112400000,   0.26400,
,,,0.004112800000,   0.26400,
,,,0.004113200000,   0.26400,
,,,0.004113600000,   0.27200,
,,,0.004114000000,   0.27200,
,,,0.004114400000,   0.28000,
,,,0.004114800000,   0.27200,
,,,0.004115200000,   0.28800,
,,,0.004115600000,   0.28800,
,,,0.004116000000,   0.29600,
,,,0.004116400000,   0.29600,
,,,0.004116800000,   0.29600,
,,,0.004117200000,   0.29600,
,,,0.004117600000,   0.31200,
,,,0.004118000000,   0.30400,
,,,0.004118400000,   0.31200,
,,,0.004118800000,   0.31200,
,,,0.004119200000,   0.32000,
,,,0.004119600000,   0.31200,
,,,0.004120000000,   0.32000,
,,,0.004120400000,   0.32800,
,,,0.004120800000,   0.32800,
,,,0.004121200000,   0.33600,
,,,0.004121600000,   0.33600,
,,,0.004122000000,   0.32800,
,,,0.004122400000,   0.34400,
,,,0.004122800000,   0.34400,
,,,0.004123200000,   0.34400,
,,,0.004123600000,   0.35200,
,,,0.004124000000,   0.36000,
,,,0.004124400000,   0.35200,
,,,0.004124800000,   0.35200,
,,,0.004125200000,   0.36000,
,,,0.004125600000,   0.36800,
,,,0.004126000000,   0.36000,
,,,0.004126400000,   0.36800,
,,,0.004126800000,   0.37600,
,,,0.004127200000,   0.37600,
,,,0.004127600000,   0.37600,
,,,0.004128000000,   0.38400,
,,,0.004128400000,   0.38400,
,,,0.004128800000,   0.39200,
,,,0.004129200000,   0.39200,
,,,0.004129600000,   0.38400,
,,,0.004130000000,   0.38400,
,,,0.004130400000,   0.39200,
,,,0.004130800000,   0.39200,
,,,0.004131200000,   0.40000,
,,,0.004131600000,   0.40800,
,,,0.004132000000,   0.40800,
,,,0.004132400000,   0.40800,
,,,0.004132800000,   0.40800,
,,,0.004133200000,   0.40800,
,,,0.004133600000,   0.40800,
,,,0.004134000000,   0.42400,
,,,0.004134400000,   0.41600,
,,,0.004134800000,   0.42400,
,,,0.004135200000,   0.42400,
,,,0.004135600000,   0.43200,
,,,0.004136000000,   0.42400,
,,,0.004136400000,   0.43200,
,,,0.004136800000,   0.42400,
,,,0.004137200000,   0.43200,
,,,0.004137600000,   0.43200,
,,,0.004138000000,   0.44000,
,,,0.004138400000,   0.44000,
,,,0.004138800000,   0.44000,
,,,0.004139200000,   0.45600,
,,,0.004139600000,   0.44800,
,,,0.004140000000,   0.44800,
,,,0.004140400000,   0.44800,
,,,0.004140800000,   0.45600,
,,,0.004141200000,   0.45600,
,,,0.004141600000,   0.45600,
,,,0.004142000000,   0.44800,
,,,0.004142400000,   0.46400,
,,,0.004142800000,   0.45600,
,,,0.004143200000,   0.46400,
,,,0.004143600000,   0.47200,
,,,0.004144000000,   0.47200,
,,,0.004144400000,   0.45600,
,,,0.004144800000,   0.46400,
,,,0.004145200000,   0.48000,
,,,0.004145600000,   0.47200,
,,,0.004146000000,   0.47200,
,,,0.004146400000,   0.46400,
,,,0.004146800000,   0.47200,
,,,0.004147200000,   0.48000,
,,,0.004147600000,   0.48800,
,,,0.004148000000,   0.49600,
,,,0.004148400000,   0.48800,
,,,0.004148800000,   0.49600,
,,,0.004149200000,   0.47200,
,,,0.004149600000,   0.49600,
,,,0.004150000000,   0.48800,
,,,0.004150400000,   0.48000,
,,,0.004150800000,   0.48800,
,,,0.004151200000,   0.48800,
,,,0.004151600000,   0.48000,
,,,0.004152000000,   0.50400,
,,,0.004152400000,   0.50400,
,,,0.004152800000,   0.48800,
,,,0.004153200000,   0.49600,
,,,0.004153600000,   0.49600,
,,,0.004154000000,   0.49600,
,,,0.004154400000,   0.50400,
,,,0.004154800000,   0.49600,
,,,0.004155200000,   0.49600,
,,,0.004155600000,   0.50400,
,,,0.004156000000,   0.50400,
,,,0.004156400000,   0.49600,
,,,0.004156800000,   0.50400,
,,,0.004157200000,   0.51200,
,,,0.004157600000,   0.49600,
,,,0.004158000000,   0.50400,
,,,0.004158400000,   0.50400,
,,,0.004158800000,   0.51200,
,,,0.004159200000,   0.50400,
,,,0.004159600000,   0.51200,
,,,0.004160000000,   0.51200,
,,,0.004160400000,   0.51200,
,,,0.004160800000,   0.50400,
,,,0.004161200000,   0.51200,
,,,0.004161600000,   0.50400,
,,,0.004162000000,   0.51200,
,,,0.004162400000,   0.51200,
,,,0.004162800000,   0.51200,
,,,0.004163200000,   0.51200,
,,,0.004163600000,   0.52000,
,,,0.004164000000,   0.52000,
,,,0.004164400000,   0.51200,
,,,0.004164800000,   0.51200,
,,,0.004165200000,   0.50400,
,,,0.004165600000,   0.51200,
,,,0.004166000000,   0.51200,
,,,0.004166400000,   0.51200,
,,,0.004166800000,   0.51200,
,,,0.004167200000,   0.50400,
,,,0.004167600000,   0.51200,
,,,0.004168000000,   0.51200,
,,,0.004168400000,   0.51200,
,,,0.004168800000,   0.50400,
,,,0.004169200000,   0.51200,
,,,0.004169600000,   0.50400,
,,,0.004170000000,   0.51200,
,,,0.004170400000,   0.52000,
,,,0.004170800000,   0.51200,
,,,0.004171200000,   0.51200,
,,,0.004171600000,   0.50400,
,,,0.004172000000,   0.51200,
,,,0.004172400000,   0.52000,
,,,0.004172800000,   0.50400,
,,,0.004173200000,   0.51200,
,,,0.004173600000,   0.50400,
,,,0.004174000000,   0.51200,
,,,0.004174400000,   0.51200,
,,,0.004174800000,   0.51200,
,,,0.004175200000,   0.50400,
,,,0.004175600000,   0.49600,
,,,0.004176000000,   0.50400,
,,,0.004176400000,   0.51200,
,,,0.004176800000,   0.50400,
,,,0.004177200000,   0.49600,
,,,0.004177600000,   0.49600,
,,,0.004178000000,   0.49600,
,,,0.004178400000,   0.50400,
,,,0.004178800000,   0.49600,
,,,0.004179200000,   0.49600,
,,,0.004179600000,   0.49600,
,,,0.004180000000,   0.48800,
,,,0.004180400000,   0.49600,
,,,0.004180800000,   0.49600,
,,,0.004181200000,   0.49600,
,,,0.004181600000,   0.49600,
,,,0.004182000000,   0.49600,
,,,0.004182400000,   0.48800,
,,,0.004182800000,   0.49600,
,,,0.004183200000,   0.48800,
,,,0.004183600000,   0.48800,
,,,0.004184000000,   0.47200,
,,,0.004184400000,   0.48800,
,,,0.004184800000,   0.48000,
,,,0.004185200000,   0.48000,
,,,0.004185600000,   0.48000,
,,,0.004186000000,   0.48000,
,,,0.004186400000,   0.46400,
,,,0.004186800000,   0.47200,
,,,0.004187200000,   0.47200,
,,,0.004187600000,   0.47200,
,,,0.004188000000,   0.46400,
,,,0.004188400000,   0.48000,
,,,0.004188800000,   0.47200,
,,,0.004189200000,   0.46400,
,,,0.004189600000,   0.45600,
,,,0.004190000000,   0.45600,
,,,0.004190400000,   0.45600,
,,,0.004190800000,   0.45600,
,,,0.004191200000,   0.45600,
,,,0.004191600000,   0.44800,
,,,0.004192000000,   0.44800,
,,,0.004192400000,   0.44800,
,,,0.004192800000,   0.45600,
,,,0.004193200000,   0.44000,
,,,0.004193600000,   0.44800,
,,,0.004194000000,   0.44000,
,,,0.004194400000,   0.43200,
,,,0.004194800000,   0.43200,
,,,0.004195200000,   0.44800,
,,,0.004195600000,   0.43200,
,,,0.004196000000,   0.43200,
,,,0.004196400000,   0.42400,
,,,0.004196800000,   0.44000,
,,,0.004197200000,   0.43200,
,,,0.004197600000,   0.42400,
,,,0.004198000000,   0.42400,
,,,0.004198400000,   0.43200,
,,,0.004198800000,   0.40800,
,,,0.004199200000,   0.41600,
,,,0.004199600000,   0.40800,
,,,0.004200000000,   0.40800,
,,,0.004200400000,   0.40000,
,,,0.004200800000,   0.40000,
,,,0.004201200000,   0.40000,
,,,0.004201600000,   0.40000,
,,,0.004202000000,   0.39200,
,,,0.004202400000,   0.40000,
,,,0.004202800000,   0.38400,
,,,0.004203200000,   0.38400,
,,,0.004203600000,   0.38400,
,,,0.004204000000,   0.38400,
,,,0.004204400000,   0.37600,
,,,0.004204800000,   0.37600,
,,,0.004205200000,   0.37600,
,,,0.004205600000,   0.37600,
,,,0.004206000000,   0.36800,
,,,0.004206400000,   0.36000,
,,,0.004206800000,   0.36000,
,,,0.004207200000,   0.36800,
,,,0.004207600000,   0.36800,
,,,0.004208000000,   0.35200,
,,,0.004208400000,   0.36800,
,,,0.004208800000,   0.35200,
,,,0.004209200000,   0.35200,
,,,0.004209600000,   0.34400,
,,,0.004210000000,   0.34400,
,,,0.004210400000,   0.33600,
,,,0.004210800000,   0.33600,
,,,0.004211200000,   0.32800,
,,,0.004211600000,   0.32800,
,,,0.004212000000,   0.32000,
,,,0.004212400000,   0.32000,
,,,0.004212800000,   0.31200,
,,,0.004213200000,   0.32000,
,,,0.004213600000,   0.31200,
,,,0.004214000000,   0.30400,
,,,0.004214400000,   0.31200,
,,,0.004214800000,   0.32000,
,,,0.004215200000,   0.29600,
,,,0.004215600000,   0.29600,
,,,0.004216000000,   0.30400,
,,,0.004216400000,   0.28800,
,,,0.004216800000,   0.28800,
,,,0.004217200000,   0.28800,
,,,0.004217600000,   0.27200,
,,,0.004218000000,   0.28000,
,,,0.004218400000,   0.27200,
,,,0.004218800000,   0.27200,
,,,0.004219200000,   0.27200,
,,,0.004219600000,   0.26400,
,,,0.004220000000,   0.25600,
,,,0.004220400000,   0.24800,
,,,0.004220800000,   0.24800,
,,,0.004221200000,   0.23200,
,,,0.004221600000,   0.24800,
,,,0.004222000000,   0.24000,
,,,0.004222400000,   0.24800,
,,,0.004222800000,   0.23200,
,,,0.004223200000,   0.23200,
,,,0.004223600000,   0.21600,
,,,0.004224000000,   0.23200,
,,,0.004224400000,   0.21600,
,,,0.004224800000,   0.22400,
,,,0.004225200000,   0.20800,
,,,0.004225600000,   0.21600,
,,,0.004226000000,   0.20800,
,,,0.004226400000,   0.20800,
,,,0.004226800000,   0.20000,
,,,0.004227200000,   0.20000,
,,,0.004227600000,   0.19200,
,,,0.004228000000,   0.20000,
,,,0.004228400000,   0.18400,
,,,0.004228800000,   0.19200,
,,,0.004229200000,   0.17600,
,,,0.004229600000,   0.18400,
,,,0.004230000000,   0.17600,
,,,0.004230400000,   0.16000,
,,,0.004230800000,   0.15200,
,,,0.004231200000,   0.15200,
,,,0.004231600000,   0.17600,
,,,0.004232000000,   0.15200,
,,,0.004232400000,   0.15200,
,,,0.004232800000,   0.16000,
,,,0.004233200000,   0.15200,
,,,0.004233600000,   0.14400,
,,,0.004234000000,   0.13600,
,,,0.004234400000,   0.12800,
,,,0.004234800000,   0.12800,
,,,0.004235200000,   0.12000,
,,,0.004235600000,   0.11200,
,,,0.004236000000,   0.12000,
,,,0.004236400000,   0.11200,
,,,0.004236800000,   0.10400,
,,,0.004237200000,   0.11200,
,,,0.004237600000,   0.09600,
,,,0.004238000000,   0.08800,
,,,0.004238400000,   0.09600,
,,,0.004238800000,   0.08800,
,,,0.004239200000,   0.08800,
,,,0.004239600000,   0.08000,
,,,0.004240000000,   0.06400,
,,,0.004240400000,   0.08000,
,,,0.004240800000,   0.07200,
,,,0.004241200000,   0.06400,
,,,0.004241600000,   0.05600,
,,,0.004242000000,   0.04800,
,,,0.004242400000,   0.04800,
,,,0.004242800000,   0.04800,
,,,0.004243200000,   0.04800,
,,,0.004243600000,   0.04800,
,,,0.004244000000,   0.04000,
,,,0.004244400000,   0.04000,
,,,0.004244800000,   0.03200,
,,,0.004245200000,   0.03200,
,,,0.004245600000,   0.02400,
,,,0.004246000000,   0.01600,
,,,0.004246400000,   0.01600,
,,,0.004246800000,   0.00800,
,,,0.004247200000,   0.00800,
,,,0.004247600000,   0.00000,
,,,0.004248000000,   0.00000,
,,,0.004248400000,   0.00000,
,,,0.004248800000,  -0.00800,
,,,0.004249200000,  -0.00800,
,,,0.004249600000,  -0.01600,
,,,0.004250000000,  -0.02400,
,,,0.004250400000,  -0.01600,
,,,0.004250800000,  -0.03200,
,,,0.004251200000,  -0.03200,
,,,0.004251600000,  -0.03200,
,,,0.004252000000,  -0.04000,
,,,0.004252400000,  -0.04000,
,,,0.004252800000,  -0.04800,
,,,0.004253200000,  -0.04800,
,,,0.004253600000,  -0.04800,
,,,0.004254000000,  -0.05600,
,,,0.004254400000,  -0.06400,
,,,0.004254800000,  -0.07200,
,,,0.004255200000,  -0.06400,
,,,0.004255600000,  -0.07200,
,,,0.004256000000,  -0.08000,
,,,0.004256400000,  -0.08800,
,,,0.004256800000,  -0.08800,
,,,0.004257200000,  -0.09600,
,,,0.004257600000,  -0.09600,
,,,0.004258000000,  -0.08800,
,,,0.004258400000,  -0.09600,
,,,0.004258800000,  -0.10400,
,,,0.004259200000,  -0.10400,
,,,0.004259600000,  -0.11200,
