Record Length,2.500000e+03,,   0.000816000000,  -1.16000,
Sample Interval,2.000000e-07,,   0.000816200000,  -1.16000,
Trigger Point,-4.080000000000e+03,,   0.000816400000,  -1.12000,
,,,   0.000816600000,  -1.20000,
,,,   0.000816800000,  -1.16000,
,,,   0.000817000000,  -1.16000,
Source,CH1,,   0.000817200000,  -1.16000,
Vertical Units,V,,   0.000817400000,  -1.16000,
Vertical Scale,1.000000e+00,,   0.000817600000,  -1.12000,
Vertical Offset,0.000000e+00,,   0.000817800000,  -1.16000,
Horizontal Units,s,,   0.000818000000,  -1.12000,
Horizontal Scale,5.000000e-05,,   0.000818200000,  -1.16000,
Pt Fmt,Y,,   0.000818400000,  -1.16000,
Yzero,0.000000e+00,,   0.000818600000,  -1.16000,
Probe Atten,1.000000e+00,,   0.000818800000,  -1.12000,
Model Number,TBS1072B-EDU,,   0.000819000000,  -1.12000,
Serial Number,C015811,,   0.000819200000,  -1.12000,
Firmware Version,FV:v4.06,,   0.000819400000,  -1.12000,
,,,0.000819600000,  -1.20000,
,,,0.000819800000,  -1.16000,
,,,0.000820000000,  -1.12000,
,,,0.000820200000,  -1.16000,
,,,0.000820400000,  -1.16000,
,,,0.000820600000,  -1.16000,
,,,0.000820800000,  -1.16000,
,,,0.000821000000,  -1.12000,
,,,0.000821200000,  -1.12000,
,,,0.000821400000,  -1.20000,
,,,0.000821600000,  -1.16000,
,,,0.000821800000,  -1.12000,
,,,0.000822000000,  -1.12000,
,,,0.000822200000,  -1.08000,
,,,0.000822400000,  -1.12000,
,,,0.000822600000,  -1.16000,
,,,0.000822800000,  -1.12000,
,,,0.000823000000,  -1.12000,
,,,0.000823200000,  -1.12000,
,,,0.000823400000,  -1.12000,
,,,0.000823600000,  -1.12000,
,,,0.000823800000,  -1.12000,
,,,0.000824000000,  -1.12000,
,,,0.000824200000,  -1.08000,
,,,0.000824400000,  -1.12000,
,,,0.000824600000,  -1.08000,
,,,0.000824800000,  -1.08000,
,,,0.000825000000,  -1.08000,
,,,0.000825200000,  -1.08000,
,,,0.000825400000,  -1.08000,
,,,0.000825600000,  -1.08000,
,,,0.000825800000,  -1.04000,
,,,0.000826000000,  -1.08000,
,,,0.000826200000,  -1.08000,
,,,0.000826400000,  -1.12000,
,,,0.000826600000,  -1.08000,
,,,0.000826800000,  -1.08000,
,,,0.000827000000,  -1.08000,
,,,0.000827200000,  -1.08000,
,,,0.000827400000,  -1.08000,
,,,0.000827600000,  -1.08000,
,,,0.000827800000,  -1.04000,
,,,0.000828000000,  -1.12000,
,,,0.000828200000,  -1.04000,
,,,0.000828400000,  -1.08000,
,,,0.000828600000,  -1.04000,
,,,0.000828800000,  -1.04000,
,,,0.000829000000,  -1.00000,
,,,0.000829200000,  -1.04000,
,,,0.000829400000,  -1.04000,
,,,0.000829600000,  -1.04000,
,,,0.000829800000,  -1.04000,
,,,0.000830000000,  -1.04000,
,,,0.000830200000,  -1.04000,
,,,0.000830400000,  -1.08000,
,,,0.000830600000,  -1.04000,
,,,0.000830800000,  -1.04000,
,,,0.000831000000,  -1.04000,
,,,0.000831200000,  -1.00000,
,,,0.000831400000,  -1.08000,
,,,0.000831600000,  -1.08000,
,,,0.000831800000,  -1.04000,
,,,0.000832000000,  -1.04000,
,,,0.000832200000,  -1.04000,
,,,0.000832400000,  -1.00000,
,,,0.000832600000,  -1.00000,
,,,0.000832800000,  -1.00000,
,,,0.000833000000,  -1.04000,
,,,0.000833200000,  -1.04000,
,,,0.000833400000,  -1.04000,
,,,0.000833600000,  -1.08000,
,,,0.000833800000,  -1.04000,
,,,0.000834000000,  -1.00000,
,,,0.000834200000,  -1.00000,
,,,0.000834400000,  -1.00000,
,,,0.000834600000,  -1.04000,
,,,0.000834800000,  -1.04000,
,,,0.000835000000,  -1.04000,
,,,0.000835200000,  -1.00000,
,,,0.000835400000,  -0.96000,
,,,0.000835600000,  -1.00000,
,,,0.000835800000,  -1.00000,
,,,0.000836000000,  -1.00000,
,,,0.000836200000,  -0.96000,
,,,0.000836400000,  -1.04000,
,,,0.000836600000,  -1.00000,
,,,0.000836800000,  -1.00000,
,,,0.000837000000,  -1.04000,
,,,0.000837200000,  -1.00000,
,,,0.000837400000,  -1.00000,
,,,0.000837600000,  -0.96000,
,,,0.000837800000,  -1.00000,
,,,0.000838000000,  -1.00000,
,,,0.000838200000,  -1.00000,
,,,0.000838400000,  -1.00000,
,,,0.000838600000,  -0.96000,
,,,0.000838800000,  -1.00000,
,,,0.000839000000,  -0.96000,
,,,0.000839200000,  -0.96000,
,,,0.000839400000,  -0.96000,
,,,0.000839600000,  -0.92000,
,,,0.000839800000,  -1.00000,
,,,0.000840000000,  -0.96000,
,,,0.000840200000,  -0.96000,
,,,0.000840400000,  -0.96000,
,,,0.000840600000,  -0.96000,
,,,0.000840800000,  -0.96000,
,,,0.000841000000,  -0.96000,
,,,0.000841200000,  -0.96000,
,,,0.000841400000,  -1.00000,
,,,0.000841600000,  -0.96000,
,,,0.000841800000,  -1.00000,
,,,0.000842000000,  -0.96000,
,,,0.000842200000,  -0.96000,
,,,0.000842400000,  -0.96000,
,,,0.000842600000,  -0.96000,
,,,0.000842800000,  -0.92000,
,,,0.000843000000,  -0.92000,
,,,0.000843200000,  -0.96000,
,,,0.000843400000,  -0.92000,
,,,0.000843600000,  -0.96000,
,,,0.000843800000,  -0.96000,
,,,0.000844000000,  -1.00000,
,,,0.000844200000,  -0.96000,
,,,0.000844400000,  -0.96000,
,,,0.000844600000,  -0.92000,
,,,0.000844800000,  -1.00000,
,,,0.000845000000,  -0.92000,
,,,0.000845200000,  -0.92000,
,,,0.000845400000,  -0.96000,
,,,0.000845600000,  -0.88000,
,,,0.000845800000,  -0.92000,
,,,0.000846000000,  -0.88000,
,,,0.000846200000,  -0.96000,
,,,0.000846400000,  -0.92000,
,,,0.000846600000,  -0.96000,
,,,0.000846800000,  -0.92000,
,,,0.000847000000,  -0.92000,
,,,0.000847200000,  -0.92000,
,,,0.000847400000,  -0.92000,
,,,0.000847600000,  -0.92000,
,,,0.000847800000,  -0.96000,
,,,0.000848000000,  -0.92000,
,,,0.000848200000,  -0.92000,
,,,0.000848400000,  -0.92000,
,,,0.000848600000,  -0.88000,
,,,0.000848800000,  -0.88000,
,,,0.000849000000,  -0.88000,
,,,0.000849200000,  -0.88000,
,,,0.000849400000,  -0.88000,
,,,0.000849600000,  -0.88000,
,,,0.000849800000,  -0.92000,
,,,0.000850000000,  -0.88000,
,,,0.000850200000,  -0.92000,
,,,0.000850400000,  -0.96000,
,,,0.000850600000,  -0.88000,
,,,0.000850800000,  -0.84000,
,,,0.000851000000,  -0.88000,
,,,0.000851200000,  -0.88000,
,,,0.000851400000,  -0.88000,
,,,0.000851600000,  -0.92000,
,,,0.000851800000,  -0.88000,
,,,0.000852000000,  -0.84000,
,,,0.000852200000,  -0.88000,
,,,0.000852400000,  -0.84000,
,,,0.000852600000,  -0.88000,
,,,0.000852800000,  -0.84000,
,,,0.000853000000,  -0.88000,
,,,0.000853200000,  -0.92000,
,,,0.000853400000,  -0.88000,
,,,0.000853600000,  -0.84000,
,,,0.000853800000,  -0.84000,
,,,0.000854000000,  -0.84000,
,,,0.000854200000,  -0.84000,
,,,0.000854400000,  -0.84000,
,,,0.000854600000,  -0.92000,
,,,0.000854800000,  -0.84000,
,,,0.000855000000,  -0.88000,
,,,0.000855200000,  -0.84000,
,,,0.000855400000,  -0.88000,
,,,0.000855600000,  -0.84000,
,,,0.000855800000,  -0.84000,
,,,0.000856000000,  -0.80000,
,,,0.000856200000,  -0.84000,
,,,0.000856400000,  -0.84000,
,,,0.000856600000,  -0.84000,
,,,0.000856800000,  -0.84000,
,,,0.000857000000,  -0.84000,
,,,0.000857200000,  -0.80000,
,,,0.000857400000,  -0.80000,
,,,0.000857600000,  -0.84000,
,,,0.000857800000,  -0.80000,
,,,0.000858000000,  -0.84000,
,,,0.000858200000,  -0.84000,
,,,0.000858400000,  -0.84000,
,,,0.000858600000,  -0.80000,
,,,0.000858800000,  -0.76000,
,,,0.000859000000,  -0.80000,
,,,0.000859200000,  -0.84000,
,,,0.000859400000,  -0.80000,
,,,0.000859600000,  -0.84000,
,,,0.000859800000,  -0.80000,
,,,0.000860000000,  -0.80000,
,,,0.000860200000,  -0.76000,
,,,0.000860400000,  -0.76000,
,,,0.000860600000,  -0.76000,
,,,0.000860800000,  -0.80000,
,,,0.000861000000,  -0.80000,
,,,0.000861200000,  -0.80000,
,,,0.000861400000,  -0.84000,
,,,0.000861600000,  -0.84000,
,,,0.000861800000,  -0.80000,
,,,0.000862000000,  -0.80000,
,,,0.000862200000,  -0.80000,
,,,0.000862400000,  -0.80000,
,,,0.000862600000,  -0.80000,
,,,0.000862800000,  -0.80000,
,,,0.000863000000,  -0.84000,
,,,0.000863200000,  -0.76000,
,,,0.000863400000,  -0.80000,
,,,0.000863600000,  -0.76000,
,,,0.000863800000,  -0.80000,
,,,0.000864000000,  -0.80000,
,,,0.000864200000,  -0.76000,
,,,0.000864400000,  -0.76000,
,,,0.000864600000,  -0.76000,
,,,0.000864800000,  -0.72000,
,,,0.000865000000,  -0.76000,
,,,0.000865200000,  -0.76000,
,,,0.000865400000,  -0.76000,
,,,0.000865600000,  -0.76000,
,,,0.000865800000,  -0.76000,
,,,0.000866000000,  -0.80000,
,,,0.000866200000,  -0.72000,
,,,0.000866400000,  -0.76000,
,,,0.000866600000,  -0.76000,
,,,0.000866800000,  -0.80000,
,,,0.000867000000,  -0.76000,
,,,0.000867200000,  -0.72000,
,,,0.000867400000,  -0.76000,
,,,0.000867600000,  -0.72000,
,,,0.000867800000,  -0.84000,
,,,0.000868000000,  -0.76000,
,,,0.000868200000,  -0.76000,
,,,0.000868400000,  -0.72000,
,,,0.000868600000,  -0.72000,
,,,0.000868800000,  -0.76000,
,,,0.000869000000,  -0.68000,
,,,0.000869200000,  -0.72000,
,,,0.000869400000,  -0.72000,
,,,0.000869600000,  -0.72000,
,,,0.000869800000,  -0.72000,
,,,0.000870000000,  -0.76000,
,,,0.000870200000,  -0.76000,
,,,0.000870400000,  -0.68000,
,,,0.000870600000,  -0.68000,
,,,0.000870800000,  -0.68000,
,,,0.000871000000,  -0.72000,
,,,0.000871200000,  -0.72000,
,,,0.000871400000,  -0.72000,
,,,0.000871600000,  -0.72000,
,,,0.000871800000,  -0.72000,
,,,0.000872000000,  -0.72000,
,,,0.000872200000,  -0.68000,
,,,0.000872400000,  -0.72000,
,,,0.000872600000,  -0.72000,
,,,0.000872800000,  -0.72000,
,,,0.000873000000,  -0.72000,
,,,0.000873200000,  -0.72000,
,,,0.000873400000,  -0.68000,
,,,0.000873600000,  -0.72000,
,,,0.000873800000,  -0.68000,
,,,0.000874000000,  -0.68000,
,,,0.000874200000,  -0.72000,
,,,0.000874400000,  -0.72000,
,,,0.000874600000,  -0.72000,
,,,0.000874800000,  -0.72000,
,,,0.000875000000,  -0.68000,
,,,0.000875200000,  -0.68000,
,,,0.000875400000,  -0.72000,
,,,0.000875600000,  -0.68000,
,,,0.000875800000,  -0.72000,
,,,0.000876000000,  -0.72000,
,,,0.000876200000,  -0.68000,
,,,0.000876400000,  -0.68000,
,,,0.000876600000,  -0.72000,
,,,0.000876800000,  -0.64000,
,,,0.000877000000,  -0.64000,
,,,0.000877200000,  -0.68000,
,,,0.000877400000,  -0.68000,
,,,0.000877600000,  -0.64000,
,,,0.000877800000,  -0.68000,
,,,0.000878000000,  -0.68000,
,,,0.000878200000,  -0.68000,
,,,0.000878400000,  -0.64000,
,,,0.000878600000,  -0.64000,
,,,0.000878800000,  -0.64000,
,,,0.000879000000,  -0.68000,
,,,0.000879200000,  -0.64000,
,,,0.000879400000,  -0.64000,
,,,0.000879600000,  -0.64000,
,,,0.000879800000,  -0.64000,
,,,0.000880000000,  -0.64000,
,,,0.000880200000,  -0.64000,
,,,0.000880400000,  -0.64000,
,,,0.000880600000,  -0.64000,
,,,0.000880800000,  -0.64000,
,,,0.000881000000,  -0.64000,
,,,0.000881200000,  -0.60000,
,,,0.000881400000,  -0.64000,
,,,0.000881600000,  -0.60000,
,,,0.000881800000,  -0.64000,
,,,0.000882000000,  -0.60000,
,,,0.000882200000,  -0.60000,
,,,0.000882400000,  -0.60000,
,,,0.000882600000,  -0.64000,
,,,0.000882800000,  -0.60000,
,,,0.000883000000,  -0.64000,
,,,0.000883200000,  -0.60000,
,,,0.000883400000,  -0.64000,
,,,0.000883600000,  -0.60000,
,,,0.000883800000,  -0.60000,
,,,0.000884000000,  -0.60000,
,,,0.000884200000,  -0.64000,
,,,0.000884400000,  -0.60000,
,,,0.000884600000,  -0.60000,
,,,0.000884800000,  -0.56000,
,,,0.000885000000,  -0.60000,
,,,0.000885200000,  -0.60000,
,,,0.000885400000,  -0.60000,
,,,0.000885600000,  -0.56000,
,,,0.000885800000,  -0.56000,
,,,0.000886000000,  -0.60000,
,,,0.000886200000,  -0.60000,
,,,0.000886400000,  -0.64000,
,,,0.000886600000,  -0.60000,
,,,0.000886800000,  -0.60000,
,,,0.000887000000,  -0.60000,
,,,0.000887200000,  -0.56000,
,,,0.000887400000,  -0.56000,
,,,0.000887600000,  -0.64000,
,,,0.000887800000,  -0.56000,
,,,0.000888000000,  -0.60000,
,,,0.000888200000,  -0.60000,
,,,0.000888400000,  -0.56000,
,,,0.000888600000,  -0.56000,
,,,0.000888800000,  -0.56000,
,,,0.000889000000,  -0.56000,
,,,0.000889200000,  -0.60000,
,,,0.000889400000,  -0.60000,
,,,0.000889600000,  -0.56000,
,,,0.000889800000,  -0.56000,
,,,0.000890000000,  -0.56000,
,,,0.000890200000,  -0.52000,
,,,0.000890400000,  -0.56000,
,,,0.000890600000,  -0.56000,
,,,0.000890800000,  -0.60000,
,,,0.000891000000,  -0.56000,
,,,0.000891200000,  -0.56000,
,,,0.000891400000,  -0.56000,
,,,0.000891600000,  -0.48000,
,,,0.000891800000,  -0.56000,
,,,0.000892000000,  -0.56000,
,,,0.000892200000,  -0.56000,
,,,0.000892400000,  -0.52000,
,,,0.000892600000,  -0.56000,
,,,0.000892800000,  -0.56000,
,,,0.000893000000,  -0.52000,
,,,0.000893200000,  -0.52000,
,,,0.000893400000,  -0.52000,
,,,0.000893600000,  -0.52000,
,,,0.000893800000,  -0.52000,
,,,0.000894000000,  -0.56000,
,,,0.000894200000,  -0.52000,
,,,0.000894400000,  -0.56000,
,,,0.000894600000,  -0.48000,
,,,0.000894800000,  -0.44000,
,,,0.000895000000,  -0.52000,
,,,0.000895200000,  -0.56000,
,,,0.000895400000,  -0.48000,
,,,0.000895600000,  -0.48000,
,,,0.000895800000,  -0.52000,
,,,0.000896000000,  -0.52000,
,,,0.000896200000,  -0.52000,
,,,0.000896400000,  -0.52000,
,,,0.000896600000,  -0.48000,
,,,0.000896800000,  -0.48000,
,,,0.000897000000,  -0.52000,
,,,0.000897200000,  -0.56000,
,,,0.000897400000,  -0.48000,
,,,0.000897600000,  -0.48000,
,,,0.000897800000,  -0.48000,
,,,0.000898000000,  -0.52000,
,,,0.000898200000,  -0.48000,
,,,0.000898400000,  -0.48000,
,,,0.000898600000,  -0.48000,
,,,0.000898800000,  -0.48000,
,,,0.000899000000,  -0.52000,
,,,0.000899200000,  -0.52000,
,,,0.000899400000,  -0.48000,
,,,0.000899600000,  -0.48000,
,,,0.000899800000,  -0.48000,
,,,0.000900000000,  -0.48000,
,,,0.000900200000,  -0.44000,
,,,0.000900400000,  -0.52000,
,,,0.000900600000,  -0.48000,
,,,0.000900800000,  -0.48000,
,,,0.000901000000,  -0.48000,
,,,0.000901200000,  -0.52000,
,,,0.000901400000,  -0.44000,
,,,0.000901600000,  -0.48000,
,,,0.000901800000,  -0.48000,
,,,0.000902000000,  -0.44000,
,,,0.000902200000,  -0.48000,
,,,0.000902400000,  -0.52000,
,,,0.000902600000,  -0.48000,
,,,0.000902800000,  -0.48000,
,,,0.000903000000,  -0.44000,
,,,0.000903200000,  -0.52000,
,,,0.000903400000,  -0.48000,
,,,0.000903600000,  -0.44000,
,,,0.000903800000,  -0.40000,
,,,0.000904000000,  -0.40000,
,,,0.000904200000,  -0.48000,
,,,0.000904400000,  -0.40000,
,,,0.000904600000,  -0.44000,
,,,0.000904800000,  -0.44000,
,,,0.000905000000,  -0.44000,
,,,0.000905200000,  -0.44000,
,,,0.000905400000,  -0.40000,
,,,0.000905600000,  -0.44000,
,,,0.000905800000,  -0.36000,
,,,0.000906000000,  -0.48000,
,,,0.000906200000,  -0.44000,
,,,0.000906400000,  -0.44000,
,,,0.000906600000,  -0.40000,
,,,0.000906800000,  -0.44000,
,,,0.000907000000,  -0.40000,
,,,0.000907200000,  -0.44000,
,,,0.000907400000,  -0.40000,
,,,0.000907600000,  -0.44000,
,,,0.000907800000,  -0.44000,
,,,0.000908000000,  -0.40000,
,,,0.000908200000,  -0.36000,
,,,0.000908400000,  -0.44000,
,,,0.000908600000,  -0.40000,
,,,0.000908800000,  -0.36000,
,,,0.000909000000,  -0.40000,
,,,0.000909200000,  -0.40000,
,,,0.000909400000,  -0.40000,
,,,0.000909600000,  -0.40000,
,,,0.000909800000,  -0.40000,
,,,0.000910000000,  -0.40000,
,,,0.000910200000,  -0.36000,
,,,0.000910400000,  -0.40000,
,,,0.000910600000,  -0.44000,
,,,0.000910800000,  -0.44000,
,,,0.000911000000,  -0.40000,
,,,0.000911200000,  -0.40000,
,,,0.000911400000,  -0.36000,
,,,0.000911600000,  -0.40000,
,,,0.000911800000,  -0.32000,
,,,0.000912000000,  -0.36000,
,,,0.000912200000,  -0.40000,
,,,0.000912400000,  -0.40000,
,,,0.000912600000,  -0.36000,
,,,0.000912800000,  -0.40000,
,,,0.000913000000,  -0.36000,
,,,0.000913200000,  -0.40000,
,,,0.000913400000,  -0.36000,
,,,0.000913600000,  -0.36000,
,,,0.000913800000,  -0.40000,
,,,0.000914000000,  -0.36000,
,,,0.000914200000,  -0.40000,
,,,0.000914400000,  -0.36000,
,,,0.000914600000,  -0.36000,
,,,0.000914800000,  -0.36000,
,,,0.000915000000,  -0.32000,
,,,0.000915200000,  -0.32000,
,,,0.000915400000,  -0.36000,
,,,0.000915600000,  -0.36000,
,,,0.000915800000,  -0.36000,
,,,0.000916000000,  -0.36000,
,,,0.000916200000,  -0.36000,
,,,0.000916400000,  -0.32000,
,,,0.000916600000,  -0.32000,
,,,0.000916800000,  -0.36000,
,,,0.000917000000,  -0.32000,
,,,0.000917200000,  -0.32000,
,,,0.000917400000,  -0.36000,
,,,0.000917600000,  -0.36000,
,,,0.000917800000,  -0.36000,
,,,0.000918000000,  -0.32000,
,,,0.000918200000,  -0.32000,
,,,0.000918400000,  -0.32000,
,,,0.000918600000,  -0.36000,
,,,0.000918800000,  -0.32000,
,,,0.000919000000,  -0.36000,
,,,0.000919200000,  -0.32000,
,,,0.000919400000,  -0.28000,
,,,0.000919600000,  -0.32000,
,,,0.000919800000,  -0.32000,
,,,0.000920000000,  -0.32000,
,,,0.000920200000,  -0.32000,
,,,0.000920400000,  -0.32000,
,,,0.000920600000,  -0.32000,
,,,0.000920800000,  -0.28000,
,,,0.000921000000,  -0.36000,
,,,0.000921200000,  -0.28000,
,,,0.000921400000,  -0.32000,
,,,0.000921600000,  -0.28000,
,,,0.000921800000,  -0.28000,
,,,0.000922000000,  -0.24000,
,,,0.000922200000,  -0.32000,
,,,0.000922400000,  -0.32000,
,,,0.000922600000,  -0.28000,
,,,0.000922800000,  -0.32000,
,,,0.000923000000,  -0.32000,
,,,0.000923200000,  -0.28000,
,,,0.000923400000,  -0.28000,
,,,0.000923600000,  -0.24000,
,,,0.000923800000,  -0.28000,
,,,0.000924000000,  -0.32000,
,,,0.000924200000,  -0.28000,
,,,0.000924400000,  -0.28000,
,,,0.000924600000,  -0.32000,
,,,0.000924800000,  -0.28000,
,,,0.000925000000,  -0.28000,
,,,0.000925200000,  -0.24000,
,,,0.000925400000,  -0.28000,
,,,0.000925600000,  -0.28000,
,,,0.000925800000,  -0.28000,
,,,0.000926000000,  -0.32000,
,,,0.000926200000,  -0.28000,
,,,0.000926400000,  -0.28000,
,,,0.000926600000,  -0.28000,
,,,0.000926800000,  -0.24000,
,,,0.000927000000,  -0.20000,
,,,0.000927200000,  -0.24000,
,,,0.000927400000,  -0.28000,
,,,0.000927600000,  -0.28000,
,,,0.000927800000,  -0.24000,
,,,0.000928000000,  -0.20000,
,,,0.000928200000,  -0.24000,
,,,0.000928400000,  -0.20000,
,,,0.000928600000,  -0.20000,
,,,0.000928800000,  -0.20000,
,,,0.000929000000,  -0.20000,
,,,0.000929200000,  -0.24000,
,,,0.000929400000,  -0.28000,
,,,0.000929600000,  -0.24000,
,,,0.000929800000,  -0.20000,
,,,0.000930000000,  -0.24000,
,,,0.000930200000,  -0.24000,
,,,0.000930400000,  -0.24000,
,,,0.000930600000,  -0.24000,
,,,0.000930800000,  -0.24000,
,,,0.000931000000,  -0.24000,
,,,0.000931200000,  -0.20000,
,,,0.000931400000,  -0.28000,
,,,0.000931600000,  -0.24000,
,,,0.000931800000,  -0.24000,
,,,0.000932000000,  -0.20000,
,,,0.000932200000,  -0.24000,
,,,0.000932400000,  -0.24000,
,,,0.000932600000,  -0.24000,
,,,0.000932800000,  -0.20000,
,,,0.000933000000,  -0.16000,
,,,0.000933200000,  -0.20000,
,,,0.000933400000,  -0.20000,
,,,0.000933600000,  -0.24000,
,,,0.000933800000,  -0.20000,
,,,0.000934000000,  -0.20000,
,,,0.000934200000,  -0.16000,
,,,0.000934400000,  -0.20000,
,,,0.000934600000,  -0.20000,
,,,0.000934800000,  -0.20000,
,,,0.000935000000,  -0.20000,
,,,0.000935200000,  -0.24000,
,,,0.000935400000,  -0.20000,
,,,0.000935600000,  -0.24000,
,,,0.000935800000,  -0.20000,
,,,0.000936000000,  -0.20000,
,,,0.000936200000,  -0.20000,
,,,0.000936400000,  -0.16000,
,,,0.000936600000,  -0.16000,
,,,0.000936800000,  -0.24000,
,,,0.000937000000,  -0.16000,
,,,0.000937200000,  -0.20000,
,,,0.000937400000,  -0.20000,
,,,0.000937600000,  -0.20000,
,,,0.000937800000,  -0.16000,
,,,0.000938000000,  -0.20000,
,,,0.000938200000,  -0.16000,
,,,0.000938400000,  -0.16000,
,,,0.000938600000,  -0.16000,
,,,0.000938800000,  -0.12000,
,,,0.000939000000,  -0.16000,
,,,0.000939200000,  -0.12000,
,,,0.000939400000,  -0.16000,
,,,0.000939600000,  -0.16000,
,,,0.000939800000,  -0.16000,
,,,0.000940000000,  -0.16000,
,,,0.000940200000,  -0.12000,
,,,0.000940400000,  -0.12000,
,,,0.000940600000,  -0.16000,
,,,0.000940800000,  -0.20000,
,,,0.000941000000,  -0.12000,
,,,0.000941200000,  -0.12000,
,,,0.000941400000,  -0.16000,
,,,0.000941600000,  -0.12000,
,,,0.000941800000,  -0.16000,
,,,0.000942000000,  -0.12000,
,,,0.000942200000,  -0.16000,
,,,0.000942400000,  -0.12000,
,,,0.000942600000,  -0.12000,
,,,0.000942800000,  -0.12000,
,,,0.000943000000,  -0.12000,
,,,0.000943200000,  -0.12000,
,,,0.000943400000,  -0.12000,
,,,0.000943600000,  -0.12000,
,,,0.000943800000,  -0.12000,
,,,0.000944000000,  -0.12000,
,,,0.000944200000,  -0.08000,
,,,0.000944400000,  -0.08000,
,,,0.000944600000,  -0.12000,
,,,0.000944800000,  -0.12000,
,,,0.000945000000,  -0.08000,
,,,0.000945200000,  -0.12000,
,,,0.000945400000,  -0.08000,
,,,0.000945600000,  -0.12000,
,,,0.000945800000,  -0.08000,
,,,0.000946000000,  -0.12000,
,,,0.000946200000,  -0.08000,
,,,0.000946400000,  -0.12000,
,,,0.000946600000,  -0.08000,
,,,0.000946800000,  -0.12000,
,,,0.000947000000,  -0.08000,
,,,0.000947200000,  -0.12000,
,,,0.000947400000,  -0.08000,
,,,0.000947600000,  -0.04000,
,,,0.000947800000,  -0.04000,
,,,0.000948000000,  -0.04000,
,,,0.000948200000,  -0.08000,
,,,0.000948400000,  -0.08000,
,,,0.000948600000,  -0.08000,
,,,0.000948800000,  -0.08000,
,,,0.000949000000,  -0.08000,
,,,0.000949200000,  -0.08000,
,,,0.000949400000,  -0.04000,
,,,0.000949600000,  -0.08000,
,,,0.000949800000,  -0.04000,
,,,0.000950000000,  -0.08000,
,,,0.000950200000,  -0.08000,
,,,0.000950400000,  -0.08000,
,,,0.000950600000,  -0.08000,
,,,0.000950800000,   0.00000,
,,,0.000951000000,  -0.08000,
,,,0.000951200000,  -0.08000,
,,,0.000951400000,  -0.12000,
,,,0.000951600000,  -0.04000,
,,,0.000951800000,  -0.04000,
,,,0.000952000000,  -0.04000,
,,,0.000952200000,   0.00000,
,,,0.000952400000,  -0.08000,
,,,0.000952600000,  -0.04000,
,,,0.000952800000,  -0.04000,
,,,0.000953000000,  -0.08000,
,,,0.000953200000,   0.00000,
,,,0.000953400000,  -0.04000,
,,,0.000953600000,   0.00000,
,,,0.000953800000,   0.00000,
,,,0.000954000000,  -0.04000,
,,,0.000954200000,  -0.04000,
,,,0.000954400000,   0.00000,
,,,0.000954600000,  -0.04000,
,,,0.000954800000,  -0.04000,
,,,0.000955000000,   0.00000,
,,,0.000955200000,  -0.08000,
,,,0.000955400000,  -0.04000,
,,,0.000955600000,  -0.04000,
,,,0.000955800000,  -0.08000,
,,,0.000956000000,  -0.04000,
,,,0.000956200000,  -0.04000,
,,,0.000956400000,  -0.04000,
,,,0.000956600000,  -0.04000,
,,,0.000956800000,  -0.04000,
,,,0.000957000000,  -0.04000,
,,,0.000957200000,   0.00000,
,,,0.000957400000,  -0.04000,
,,,0.000957600000,   0.00000,
,,,0.000957800000,   0.00000,
,,,0.000958000000,   0.00000,
,,,0.000958200000,  -0.04000,
,,,0.000958400000,  -0.04000,
,,,0.000958600000,   0.00000,
,,,0.000958800000,   0.00000,
,,,0.000959000000,   0.04000,
,,,0.000959200000,  -0.04000,
,,,0.000959400000,   0.00000,
,,,0.000959600000,   0.00000,
,,,0.000959800000,   0.00000,
,,,0.000960000000,   0.00000,
,,,0.000960200000,  -0.04000,
,,,0.000960400000,   0.00000,
,,,0.000960600000,   0.00000,
,,,0.000960800000,   0.04000,
,,,0.000961000000,   0.00000,
,,,0.000961200000,   0.00000,
,,,0.000961400000,   0.04000,
,,,0.000961600000,   0.00000,
,,,0.000961800000,   0.00000,
,,,0.000962000000,  -0.04000,
,,,0.000962200000,   0.00000,
,,,0.000962400000,   0.00000,
,,,0.000962600000,   0.04000,
,,,0.000962800000,   0.00000,
,,,0.000963000000,   0.00000,
,,,0.000963200000,   0.00000,
,,,0.000963400000,   0.04000,
,,,0.000963600000,   0.00000,
,,,0.000963800000,   0.08000,
,,,0.000964000000,   0.08000,
,,,0.000964200000,   0.00000,
,,,0.000964400000,   0.00000,
,,,0.000964600000,   0.04000,
,,,0.000964800000,   0.04000,
,,,0.000965000000,  -0.04000,
,,,0.000965200000,   0.04000,
,,,0.000965400000,   0.04000,
,,,0.000965600000,   0.04000,
,,,0.000965800000,   0.00000,
,,,0.000966000000,   0.04000,
,,,0.000966200000,   0.08000,
,,,0.000966400000,   0.04000,
,,,0.000966600000,   0.04000,
,,,0.000966800000,   0.04000,
,,,0.000967000000,   0.04000,
,,,0.000967200000,   0.04000,
,,,0.000967400000,   0.08000,
,,,0.000967600000,   0.08000,
,,,0.000967800000,   0.12000,
,,,0.000968000000,   0.08000,
,,,0.000968200000,   0.12000,
,,,0.000968400000,   0.08000,
,,,0.000968600000,   0.08000,
,,,0.000968800000,   0.08000,
,,,0.000969000000,   0.04000,
,,,0.000969200000,   0.08000,
,,,0.000969400000,   0.12000,
,,,0.000969600000,   0.12000,
,,,0.000969800000,   0.08000,
,,,0.000970000000,   0.08000,
,,,0.000970200000,   0.12000,
,,,0.000970400000,   0.08000,
,,,0.000970600000,   0.16000,
,,,0.000970800000,   0.08000,
,,,0.000971000000,   0.08000,
,,,0.000971200000,   0.12000,
,,,0.000971400000,   0.16000,
,,,0.000971600000,   0.08000,
,,,0.000971800000,   0.08000,
,,,0.000972000000,   0.12000,
,,,0.000972200000,   0.08000,
,,,0.000972400000,   0.12000,
,,,0.000972600000,   0.12000,
,,,0.000972800000,   0.12000,
,,,0.000973000000,   0.08000,
,,,0.000973200000,   0.12000,
,,,0.000973400000,   0.12000,
,,,0.000973600000,   0.12000,
,,,0.000973800000,   0.12000,
,,,0.000974000000,   0.12000,
,,,0.000974200000,   0.16000,
,,,0.000974400000,   0.16000,
,,,0.000974600000,   0.16000,
,,,0.000974800000,   0.12000,
,,,0.000975000000,   0.12000,
,,,0.000975200000,   0.12000,
,,,0.000975400000,   0.12000,
,,,0.000975600000,   0.16000,
,,,0.000975800000,   0.12000,
,,,0.000976000000,   0.12000,
,,,0.000976200000,   0.12000,
,,,0.000976400000,   0.12000,
,,,0.000976600000,   0.12000,
,,,0.000976800000,   0.12000,
,,,0.000977000000,   0.12000,
,,,0.000977200000,   0.12000,
,,,0.000977400000,   0.16000,
,,,0.000977600000,   0.16000,
,,,0.000977800000,   0.16000,
,,,0.000978000000,   0.20000,
,,,0.000978200000,   0.20000,
,,,0.000978400000,   0.20000,
,,,0.000978600000,   0.12000,
,,,0.000978800000,   0.16000,
,,,0.000979000000,   0.20000,
,,,0.000979200000,   0.12000,
,,,0.000979400000,   0.16000,
,,,0.000979600000,   0.20000,
,,,0.000979800000,   0.20000,
,,,0.000980000000,   0.20000,
,,,0.000980200000,   0.12000,
,,,0.000980400000,   0.16000,
,,,0.000980600000,   0.20000,
,,,0.000980800000,   0.20000,
,,,0.000981000000,   0.16000,
,,,0.000981200000,   0.20000,
,,,0.000981400000,   0.16000,
,,,0.000981600000,   0.16000,
,,,0.000981800000,   0.16000,
,,,0.000982000000,   0.16000,
,,,0.000982200000,   0.20000,
,,,0.000982400000,   0.20000,
,,,0.000982600000,   0.16000,
,,,0.000982800000,   0.16000,
,,,0.000983000000,   0.20000,
,,,0.000983200000,   0.24000,
,,,0.000983400000,   0.20000,
,,,0.000983600000,   0.24000,
,,,0.000983800000,   0.24000,
,,,0.000984000000,   0.20000,
,,,0.000984200000,   0.20000,
,,,0.000984400000,   0.20000,
,,,0.000984600000,   0.20000,
,,,0.000984800000,   0.20000,
,,,0.000985000000,   0.16000,
,,,0.000985200000,   0.20000,
,,,0.000985400000,   0.20000,
,,,0.000985600000,   0.20000,
,,,0.000985800000,   0.20000,
,,,0.000986000000,   0.16000,
,,,0.000986200000,   0.20000,
,,,0.000986400000,   0.24000,
,,,0.000986600000,   0.24000,
,,,0.000986800000,   0.24000,
,,,0.000987000000,   0.24000,
,,,0.000987200000,   0.28000,
,,,0.000987400000,   0.28000,
,,,0.000987600000,   0.20000,
,,,0.000987800000,   0.24000,
,,,0.000988000000,   0.28000,
,,,0.000988200000,   0.24000,
,,,0.000988400000,   0.24000,
,,,0.000988600000,   0.24000,
,,,0.000988800000,   0.28000,
,,,0.000989000000,   0.20000,
,,,0.000989200000,   0.28000,
,,,0.000989400000,   0.28000,
,,,0.000989600000,   0.28000,
,,,0.000989800000,   0.24000,
,,,0.000990000000,   0.28000,
,,,0.000990200000,   0.24000,
,,,0.000990400000,   0.24000,
,,,0.000990600000,   0.28000,
,,,0.000990800000,   0.28000,
,,,0.000991000000,   0.24000,
,,,0.000991200000,   0.24000,
,,,0.000991400000,   0.28000,
,,,0.000991600000,   0.24000,
,,,0.000991800000,   0.28000,
,,,0.000992000000,   0.24000,
,,,0.000992200000,   0.28000,
,,,0.000992400000,   0.28000,
,,,0.000992600000,   0.32000,
,,,0.000992800000,   0.32000,
,,,0.000993000000,   0.28000,
,,,0.000993200000,   0.28000,
,,,0.000993400000,   0.24000,
,,,0.000993600000,   0.28000,
,,,0.000993800000,   0.32000,
,,,0.000994000000,   0.28000,
,,,0.000994200000,   0.28000,
,,,0.000994400000,   0.28000,
,,,0.000994600000,   0.32000,
,,,0.000994800000,   0.32000,
,,,0.000995000000,   0.24000,
,,,0.000995200000,   0.28000,
,,,0.000995400000,   0.28000,
,,,0.000995600000,   0.32000,
,,,0.000995800000,   0.32000,
,,,0.000996000000,   0.32000,
,,,0.000996200000,   0.32000,
,,,0.000996400000,   0.32000,
,,,0.000996600000,   0.32000,
,,,0.000996800000,   0.28000,
,,,0.000997000000,   0.32000,
,,,0.000997200000,   0.32000,
,,,0.000997400000,   0.32000,
,,,0.000997600000,   0.36000,
,,,0.000997800000,   0.32000,
,,,0.000998000000,   0.36000,
,,,0.000998200000,   0.32000,
,,,0.000998400000,   0.32000,
,,,0.000998600000,   0.32000,
,,,0.000998800000,   0.36000,
,,,0.000999000000,   0.32000,
,,,0.000999200000,   0.36000,
,,,0.000999400000,   0.36000,
,,,0.000999600000,   0.32000,
,,,0.000999800000,   0.36000,
,,,0.001000000000,   0.36000,
,,,0.001000200000,   0.28000,
,,,0.001000400000,   0.36000,
,,,0.001000600000,   0.36000,
,,,0.001000800000,   0.36000,
,,,0.001001000000,   0.32000,
,,,0.001001200000,   0.36000,
,,,0.001001400000,   0.36000,
,,,0.001001600000,   0.36000,
,,,0.001001800000,   0.36000,
,,,0.001002000000,   0.32000,
,,,0.001002200000,   0.32000,
,,,0.001002400000,   0.40000,
,,,0.001002600000,   0.36000,
,,,0.001002800000,   0.36000,
,,,0.001003000000,   0.40000,
,,,0.001003200000,   0.32000,
,,,0.001003400000,   0.32000,
,,,0.001003600000,   0.40000,
,,,0.001003800000,   0.36000,
,,,0.001004000000,   0.40000,
,,,0.001004200000,   0.40000,
,,,0.001004400000,   0.36000,
,,,0.001004600000,   0.36000,
,,,0.001004800000,   0.36000,
,,,0.001005000000,   0.32000,
,,,0.001005200000,   0.40000,
,,,0.001005400000,   0.40000,
,,,0.001005600000,   0.36000,
,,,0.001005800000,   0.36000,
,,,0.001006000000,   0.36000,
,,,0.001006200000,   0.40000,
,,,0.001006400000,   0.36000,
,,,0.001006600000,   0.40000,
,,,0.001006800000,   0.36000,
,,,0.001007000000,   0.36000,
,,,0.001007200000,   0.40000,
,,,0.001007400000,   0.36000,
,,,0.001007600000,   0.40000,
,,,0.001007800000,   0.40000,
,,,0.001008000000,   0.44000,
,,,0.001008200000,   0.36000,
,,,0.001008400000,   0.44000,
,,,0.001008600000,   0.40000,
,,,0.001008800000,   0.40000,
,,,0.001009000000,   0.44000,
,,,0.001009200000,   0.40000,
,,,0.001009400000,   0.48000,
,,,0.001009600000,   0.40000,
,,,0.001009800000,   0.40000,
,,,0.001010000000,   0.44000,
,,,0.001010200000,   0.44000,
,,,0.001010400000,   0.48000,
,,,0.001010600000,   0.44000,
,,,0.001010800000,   0.40000,
,,,0.001011000000,   0.40000,
,,,0.001011200000,   0.40000,
,,,0.001011400000,   0.40000,
,,,0.001011600000,   0.40000,
,,,0.001011800000,   0.44000,
,,,0.001012000000,   0.44000,
,,,0.001012200000,   0.44000,
,,,0.001012400000,   0.48000,
,,,0.001012600000,   0.40000,
,,,0.001012800000,   0.44000,
,,,0.001013000000,   0.40000,
,,,0.001013200000,   0.44000,
,,,0.001013400000,   0.40000,
,,,0.001013600000,   0.48000,
,,,0.001013800000,   0.44000,
,,,0.001014000000,   0.44000,
,,,0.001014200000,   0.44000,
,,,0.001014400000,   0.44000,
,,,0.001014600000,   0.48000,
,,,0.001014800000,   0.44000,
,,,0.001015000000,   0.48000,
,,,0.001015200000,   0.44000,
,,,0.001015400000,   0.44000,
,,,0.001015600000,   0.52000,
,,,0.001015800000,   0.44000,
,,,0.001016000000,   0.48000,
,,,0.001016200000,   0.44000,
,,,0.001016400000,   0.40000,
,,,0.001016600000,   0.44000,
,,,0.001016800000,   0.48000,
,,,0.001017000000,   0.48000,
,,,0.001017200000,   0.48000,
,,,0.001017400000,   0.52000,
,,,0.001017600000,   0.44000,
,,,0.001017800000,   0.48000,
,,,0.001018000000,   0.48000,
,,,0.001018200000,   0.48000,
,,,0.001018400000,   0.44000,
,,,0.001018600000,   0.48000,
,,,0.001018800000,   0.48000,
,,,0.001019000000,   0.48000,
,,,0.001019200000,   0.52000,
,,,0.001019400000,   0.48000,
,,,0.001019600000,   0.48000,
,,,0.001019800000,   0.48000,
,,,0.001020000000,   0.44000,
,,,0.001020200000,   0.52000,
,,,0.001020400000,   0.44000,
,,,0.001020600000,   0.52000,
,,,0.001020800000,   0.56000,
,,,0.001021000000,   0.56000,
,,,0.001021200000,   0.52000,
,,,0.001021400000,   0.52000,
,,,0.001021600000,   0.48000,
,,,0.001021800000,   0.48000,
,,,0.001022000000,   0.48000,
,,,0.001022200000,   0.48000,
,,,0.001022400000,   0.52000,
,,,0.001022600000,   0.52000,
,,,0.001022800000,   0.52000,
,,,0.001023000000,   0.52000,
,,,0.001023200000,   0.52000,
,,,0.001023400000,   0.52000,
,,,0.001023600000,   0.52000,
,,,0.001023800000,   0.52000,
,,,0.001024000000,   0.52000,
,,,0.001024200000,   0.52000,
,,,0.001024400000,   0.52000,
,,,0.001024600000,   0.56000,
,,,0.001024800000,   0.52000,
,,,0.001025000000,   0.52000,
,,,0.001025200000,   0.56000,
,,,0.001025400000,   0.52000,
,,,0.001025600000,   0.52000,
,,,0.001025800000,   0.56000,
,,,0.001026000000,   0.52000,
,,,0.001026200000,   0.52000,
,,,0.001026400000,   0.52000,
,,,0.001026600000,   0.52000,
,,,0.001026800000,   0.56000,
,,,0.001027000000,   0.60000,
,,,0.001027200000,   0.56000,
,,,0.001027400000,   0.56000,
,,,0.001027600000,   0.60000,
,,,0.001027800000,   0.56000,
,,,0.001028000000,   0.56000,
,,,0.001028200000,   0.56000,
,,,0.001028400000,   0.52000,
,,,0.001028600000,   0.52000,
,,,0.001028800000,   0.56000,
,,,0.001029000000,   0.60000,
,,,0.001029200000,   0.52000,
,,,0.001029400000,   0.56000,
,,,0.001029600000,   0.52000,
,,,0.001029800000,   0.56000,
,,,0.001030000000,   0.56000,
,,,0.001030200000,   0.60000,
,,,0.001030400000,   0.56000,
,,,0.001030600000,   0.56000,
,,,0.001030800000,   0.56000,
,,,0.001031000000,   0.60000,
,,,0.001031200000,   0.60000,
,,,0.001031400000,   0.60000,
,,,0.001031600000,   0.56000,
,,,0.001031800000,   0.56000,
,,,0.001032000000,   0.56000,
,,,0.001032200000,   0.60000,
,,,0.001032400000,   0.60000,
,,,0.001032600000,   0.60000,
,,,0.001032800000,   0.56000,
,,,0.001033000000,   0.52000,
,,,0.001033200000,   0.60000,
,,,0.001033400000,   0.64000,
,,,0.001033600000,   0.60000,
,,,0.001033800000,   0.56000,
,,,0.001034000000,   0.60000,
,,,0.001034200000,   0.60000,
,,,0.001034400000,   0.56000,
,,,0.001034600000,   0.60000,
,,,0.001034800000,   0.64000,
,,,0.001035000000,   0.60000,
,,,0.001035200000,   0.60000,
,,,0.001035400000,   0.60000,
,,,0.001035600000,   0.60000,
,,,0.001035800000,   0.64000,
,,,0.001036000000,   0.60000,
,,,0.001036200000,   0.64000,
,,,0.001036400000,   0.60000,
,,,0.001036600000,   0.64000,
,,,0.001036800000,   0.68000,
,,,0.001037000000,   0.60000,
,,,0.001037200000,   0.64000,
,,,0.001037400000,   0.64000,
,,,0.001037600000,   0.64000,
,,,0.001037800000,   0.64000,
,,,0.001038000000,   0.64000,
,,,0.001038200000,   0.68000,
,,,0.001038400000,   0.64000,
,,,0.001038600000,   0.64000,
,,,0.001038800000,   0.64000,
,,,0.001039000000,   0.64000,
,,,0.001039200000,   0.64000,
,,,0.001039400000,   0.64000,
,,,0.001039600000,   0.64000,
,,,0.001039800000,   0.60000,
,,,0.001040000000,   0.64000,
,,,0.001040200000,   0.64000,
,,,0.001040400000,   0.72000,
,,,0.001040600000,   0.68000,
,,,0.001040800000,   0.64000,
,,,0.001041000000,   0.64000,
,,,0.001041200000,   0.64000,
,,,0.001041400000,   0.64000,
,,,0.001041600000,   0.64000,
,,,0.001041800000,   0.64000,
,,,0.001042000000,   0.64000,
,,,0.001042200000,   0.76000,
,,,0.001042400000,   0.72000,
,,,0.001042600000,   0.68000,
,,,0.001042800000,   0.68000,
,,,0.001043000000,   0.68000,
,,,0.001043200000,   0.72000,
,,,0.001043400000,   0.68000,
,,,0.001043600000,   0.72000,
,,,0.001043800000,   0.72000,
,,,0.001044000000,   0.72000,
,,,0.001044200000,   0.72000,
,,,0.001044400000,   0.68000,
,,,0.001044600000,   0.68000,
,,,0.001044800000,   0.68000,
,,,0.001045000000,   0.68000,
,,,0.001045200000,   0.72000,
,,,0.001045400000,   0.68000,
,,,0.001045600000,   0.72000,
,,,0.001045800000,   0.68000,
,,,0.001046000000,   0.72000,
,,,0.001046200000,   0.76000,
,,,0.001046400000,   0.72000,
,,,0.001046600000,   0.72000,
,,,0.001046800000,   0.72000,
,,,0.001047000000,   0.76000,
,,,0.001047200000,   0.72000,
,,,0.001047400000,   0.72000,
,,,0.001047600000,   0.72000,
,,,0.001047800000,   0.72000,
,,,0.001048000000,   0.72000,
,,,0.001048200000,   0.72000,
,,,0.001048400000,   0.72000,
,,,0.001048600000,   0.72000,
,,,0.001048800000,   0.76000,
,,,0.001049000000,   0.76000,
,,,0.001049200000,   0.80000,
,,,0.001049400000,   0.72000,
,,,0.001049600000,   0.72000,
,,,0.001049800000,   0.76000,
,,,0.001050000000,   0.76000,
,,,0.001050200000,   0.76000,
,,,0.001050400000,   0.76000,
,,,0.001050600000,   0.76000,
,,,0.001050800000,   0.72000,
,,,0.001051000000,   0.72000,
,,,0.001051200000,   0.76000,
,,,0.001051400000,   0.72000,
,,,0.001051600000,   0.76000,
,,,0.001051800000,   0.72000,
,,,0.001052000000,   0.76000,
,,,0.001052200000,   0.76000,
,,,0.001052400000,   0.76000,
,,,0.001052600000,   0.76000,
,,,0.001052800000,   0.76000,
,,,0.001053000000,   0.76000,
,,,0.001053200000,   0.80000,
,,,0.001053400000,   0.76000,
,,,0.001053600000,   0.80000,
,,,0.001053800000,   0.80000,
,,,0.001054000000,   0.76000,
,,,0.001054200000,   0.72000,
,,,0.001054400000,   0.76000,
,,,0.001054600000,   0.80000,
,,,0.001054800000,   0.72000,
,,,0.001055000000,   0.76000,
,,,0.001055200000,   0.80000,
,,,0.001055400000,   0.76000,
,,,0.001055600000,   0.76000,
,,,0.001055800000,   0.80000,
,,,0.001056000000,   0.76000,
,,,0.001056200000,   0.80000,
,,,0.001056400000,   0.80000,
,,,0.001056600000,   0.80000,
,,,0.001056800000,   0.80000,
,,,0.001057000000,   0.80000,
,,,0.001057200000,   0.80000,
,,,0.001057400000,   0.80000,
,,,0.001057600000,   0.80000,
,,,0.001057800000,   0.80000,
,,,0.001058000000,   0.84000,
,,,0.001058200000,   0.80000,
,,,0.001058400000,   0.76000,
,,,0.001058600000,   0.84000,
,,,0.001058800000,   0.84000,
,,,0.001059000000,   0.80000,
,,,0.001059200000,   0.84000,
,,,0.001059400000,   0.80000,
,,,0.001059600000,   0.76000,
,,,0.001059800000,   0.84000,
,,,0.001060000000,   0.80000,
,,,0.001060200000,   0.80000,
,,,0.001060400000,   0.80000,
,,,0.001060600000,   0.80000,
,,,0.001060800000,   0.84000,
,,,0.001061000000,   0.84000,
,,,0.001061200000,   0.84000,
,,,0.001061400000,   0.84000,
,,,0.001061600000,   0.84000,
,,,0.001061800000,   0.84000,
,,,0.001062000000,   0.88000,
,,,0.001062200000,   0.88000,
,,,0.001062400000,   0.88000,
,,,0.001062600000,   0.80000,
,,,0.001062800000,   0.84000,
,,,0.001063000000,   0.84000,
,,,0.001063200000,   0.84000,
,,,0.001063400000,   0.84000,
,,,0.001063600000,   0.88000,
,,,0.001063800000,   0.88000,
,,,0.001064000000,   0.84000,
,,,0.001064200000,   0.84000,
,,,0.001064400000,   0.88000,
,,,0.001064600000,   0.88000,
,,,0.001064800000,   0.88000,
,,,0.001065000000,   0.84000,
,,,0.001065200000,   0.84000,
,,,0.001065400000,   0.88000,
,,,0.001065600000,   0.88000,
,,,0.001065800000,   0.80000,
,,,0.001066000000,   0.84000,
,,,0.001066200000,   0.84000,
,,,0.001066400000,   0.92000,
,,,0.001066600000,   0.88000,
,,,0.001066800000,   0.92000,
,,,0.001067000000,   0.92000,
,,,0.001067200000,   0.88000,
,,,0.001067400000,   0.88000,
,,,0.001067600000,   0.88000,
,,,0.001067800000,   0.92000,
,,,0.001068000000,   0.84000,
,,,0.001068200000,   0.88000,
,,,0.001068400000,   0.92000,
,,,0.001068600000,   0.88000,
,,,0.001068800000,   0.92000,
,,,0.001069000000,   0.88000,
,,,0.001069200000,   0.84000,
,,,0.001069400000,   0.88000,
,,,0.001069600000,   0.84000,
,,,0.001069800000,   0.88000,
,,,0.001070000000,   0.92000,
,,,0.001070200000,   0.92000,
,,,0.001070400000,   0.92000,
,,,0.001070600000,   0.92000,
,,,0.001070800000,   0.88000,
,,,0.001071000000,   0.88000,
,,,0.001071200000,   0.92000,
,,,0.001071400000,   0.96000,
,,,0.001071600000,   0.96000,
,,,0.001071800000,   0.92000,
,,,0.001072000000,   0.92000,
,,,0.001072200000,   0.96000,
,,,0.001072400000,   0.88000,
,,,0.001072600000,   0.88000,
,,,0.001072800000,   0.92000,
,,,0.001073000000,   0.92000,
,,,0.001073200000,   0.92000,
,,,0.001073400000,   0.92000,
,,,0.001073600000,   0.88000,
,,,0.001073800000,   0.92000,
,,,0.001074000000,   0.92000,
,,,0.001074200000,   0.92000,
,,,0.001074400000,   0.96000,
,,,0.001074600000,   0.96000,
,,,0.001074800000,   0.92000,
,,,0.001075000000,   0.92000,
,,,0.001075200000,   1.00000,
,,,0.001075400000,   0.96000,
,,,0.001075600000,   0.96000,
,,,0.001075800000,   0.92000,
,,,0.001076000000,   0.96000,
,,,0.001076200000,   0.92000,
,,,0.001076400000,   0.92000,
,,,0.001076600000,   0.92000,
,,,0.001076800000,   1.00000,
,,,0.001077000000,   0.96000,
,,,0.001077200000,   0.96000,
,,,0.001077400000,   0.96000,
,,,0.001077600000,   0.92000,
,,,0.001077800000,   0.92000,
,,,0.001078000000,   0.92000,
,,,0.001078200000,   0.92000,
,,,0.001078400000,   1.04000,
,,,0.001078600000,   0.96000,
,,,0.001078800000,   0.96000,
,,,0.001079000000,   1.00000,
,,,0.001079200000,   0.96000,
,,,0.001079400000,   0.96000,
,,,0.001079600000,   0.96000,
,,,0.001079800000,   0.96000,
,,,0.001080000000,   0.96000,
,,,0.001080200000,   1.00000,
,,,0.001080400000,   1.00000,
,,,0.001080600000,   0.96000,
,,,0.001080800000,   0.92000,
,,,0.001081000000,   0.96000,
,,,0.001081200000,   1.00000,
,,,0.001081400000,   1.00000,
,,,0.001081600000,   1.00000,
,,,0.001081800000,   1.00000,
,,,0.001082000000,   1.00000,
,,,0.001082200000,   1.00000,
,,,0.001082400000,   1.00000,
,,,0.001082600000,   1.00000,
,,,0.001082800000,   1.04000,
,,,0.001083000000,   1.00000,
,,,0.001083200000,   0.96000,
,,,0.001083400000,   1.00000,
,,,0.001083600000,   1.00000,
,,,0.001083800000,   1.00000,
,,,0.001084000000,   1.00000,
,,,0.001084200000,   1.00000,
,,,0.001084400000,   1.00000,
,,,0.001084600000,   0.96000,
,,,0.001084800000,   1.00000,
,,,0.001085000000,   1.04000,
,,,0.001085200000,   1.00000,
,,,0.001085400000,   0.96000,
,,,0.001085600000,   1.00000,
,,,0.001085800000,   1.00000,
,,,0.001086000000,   1.00000,
,,,0.001086200000,   1.04000,
,,,0.001086400000,   1.04000,
,,,0.001086600000,   1.04000,
,,,0.001086800000,   1.00000,
,,,0.001087000000,   1.04000,
,,,0.001087200000,   1.00000,
,,,0.001087400000,   1.00000,
,,,0.001087600000,   1.04000,
,,,0.001087800000,   1.04000,
,,,0.001088000000,   1.04000,
,,,0.001088200000,   1.04000,
,,,0.001088400000,   1.04000,
,,,0.001088600000,   1.04000,
,,,0.001088800000,   1.04000,
,,,0.001089000000,   1.04000,
,,,0.001089200000,   1.04000,
,,,0.001089400000,   1.04000,
,,,0.001089600000,   1.08000,
,,,0.001089800000,   1.08000,
,,,0.001090000000,   1.00000,
,,,0.001090200000,   1.08000,
,,,0.001090400000,   1.08000,
,,,0.001090600000,   1.04000,
,,,0.001090800000,   1.04000,
,,,0.001091000000,   1.08000,
,,,0.001091200000,   1.08000,
,,,0.001091400000,   1.08000,
,,,0.001091600000,   1.04000,
,,,0.001091800000,   1.12000,
,,,0.001092000000,   1.04000,
,,,0.001092200000,   1.08000,
,,,0.001092400000,   1.08000,
,,,0.001092600000,   1.04000,
,,,0.001092800000,   1.12000,
,,,0.001093000000,   1.08000,
,,,0.001093200000,   1.12000,
,,,0.001093400000,   1.08000,
,,,0.001093600000,   1.12000,
,,,0.001093800000,   1.08000,
,,,0.001094000000,   1.04000,
,,,0.001094200000,   1.08000,
,,,0.001094400000,   1.08000,
,,,0.001094600000,   1.08000,
,,,0.001094800000,   1.12000,
,,,0.001095000000,   1.04000,
,,,0.001095200000,   1.08000,
,,,0.001095400000,   1.12000,
,,,0.001095600000,   1.12000,
,,,0.001095800000,   1.12000,
,,,0.001096000000,   1.08000,
,,,0.001096200000,   1.08000,
,,,0.001096400000,   1.12000,
,,,0.001096600000,   1.12000,
,,,0.001096800000,   1.08000,
,,,0.001097000000,   1.12000,
,,,0.001097200000,   1.12000,
,,,0.001097400000,   1.12000,
,,,0.001097600000,   1.12000,
,,,0.001097800000,   1.12000,
,,,0.001098000000,   1.16000,
,,,0.001098200000,   1.12000,
,,,0.001098400000,   1.12000,
,,,0.001098600000,   1.12000,
,,,0.001098800000,   1.08000,
,,,0.001099000000,   1.12000,
,,,0.001099200000,   1.08000,
,,,0.001099400000,   1.16000,
,,,0.001099600000,   1.12000,
,,,0.001099800000,   1.12000,
,,,0.001100000000,   1.16000,
,,,0.001100200000,   1.12000,
,,,0.001100400000,   1.12000,
,,,0.001100600000,   1.16000,
,,,0.001100800000,   1.20000,
,,,0.001101000000,   1.16000,
,,,0.001101200000,   1.12000,
,,,0.001101400000,   1.12000,
,,,0.001101600000,   1.12000,
,,,0.001101800000,   1.16000,
,,,0.001102000000,   1.12000,
,,,0.001102200000,   1.16000,
,,,0.001102400000,   1.16000,
,,,0.001102600000,   1.16000,
,,,0.001102800000,   1.16000,
,,,0.001103000000,   1.12000,
,,,0.001103200000,   1.20000,
,,,0.001103400000,   1.20000,
,,,0.001103600000,   1.20000,
,,,0.001103800000,   1.16000,
,,,0.001104000000,   1.12000,
,,,0.001104200000,   1.16000,
,,,0.001104400000,   1.16000,
,,,0.001104600000,   1.16000,
,,,0.001104800000,   1.20000,
,,,0.001105000000,   1.16000,
,,,0.001105200000,   1.16000,
,,,0.001105400000,   1.16000,
,,,0.001105600000,   1.16000,
,,,0.001105800000,   1.16000,
,,,0.001106000000,   1.20000,
,,,0.001106200000,   1.20000,
,,,0.001106400000,   1.20000,
,,,0.001106600000,   1.24000,
,,,0.001106800000,   1.20000,
,,,0.001107000000,   1.20000,
,,,0.001107200000,   1.24000,
,,,0.001107400000,   1.20000,
,,,0.001107600000,   1.20000,
,,,0.001107800000,   1.20000,
,,,0.001108000000,   1.20000,
,,,0.001108200000,   1.20000,
,,,0.001108400000,   1.20000,
,,,0.001108600000,   1.20000,
,,,0.001108800000,   1.20000,
,,,0.001109000000,   1.20000,
,,,0.001109200000,   1.20000,
,,,0.001109400000,   1.20000,
,,,0.001109600000,   1.20000,
,,,0.001109800000,   1.20000,
,,,0.001110000000,   1.20000,
,,,0.001110200000,   1.24000,
,,,0.001110400000,   1.20000,
,,,0.001110600000,   1.20000,
,,,0.001110800000,   1.20000,
,,,0.001111000000,   1.20000,
,,,0.001111200000,   1.20000,
,,,0.001111400000,   1.20000,
,,,0.001111600000,   1.28000,
,,,0.001111800000,   1.24000,
,,,0.001112000000,   1.24000,
,,,0.001112200000,   1.24000,
,,,0.001112400000,   1.24000,
,,,0.001112600000,   1.24000,
,,,0.001112800000,   1.28000,
,,,0.001113000000,   1.32000,
,,,0.001113200000,   1.28000,
,,,0.001113400000,   1.24000,
,,,0.001113600000,   1.20000,
,,,0.001113800000,   1.24000,
,,,0.001114000000,   1.28000,
,,,0.001114200000,   1.20000,
,,,0.001114400000,   1.28000,
,,,0.001114600000,   1.24000,
,,,0.001114800000,   1.24000,
,,,0.001115000000,   1.24000,
,,,0.001115200000,   1.24000,
,,,0.001115400000,   1.20000,
,,,0.001115600000,   1.24000,
,,,0.001115800000,   1.24000,
,,,0.001116000000,   1.28000,
,,,0.001116200000,   1.28000,
,,,0.001116400000,   1.28000,
,,,0.001116600000,   1.28000,
,,,0.001116800000,   1.32000,
,,,0.001117000000,   1.24000,
,,,0.001117200000,   1.28000,
,,,0.001117400000,   1.32000,
,,,0.001117600000,   1.32000,
,,,0.001117800000,   1.32000,
,,,0.001118000000,   1.28000,
,,,0.001118200000,   1.28000,
,,,0.001118400000,   1.28000,
,,,0.001118600000,   1.28000,
,,,0.001118800000,   1.28000,
,,,0.001119000000,   1.24000,
,,,0.001119200000,   1.32000,
,,,0.001119400000,   1.32000,
,,,0.001119600000,   1.32000,
,,,0.001119800000,   1.32000,
,,,0.001120000000,   1.28000,
,,,0.001120200000,   1.32000,
,,,0.001120400000,   1.24000,
,,,0.001120600000,   1.28000,
,,,0.001120800000,   1.28000,
,,,0.001121000000,   1.28000,
,,,0.001121200000,   1.36000,
,,,0.001121400000,   1.36000,
,,,0.001121600000,   1.32000,
,,,0.001121800000,   1.32000,
,,,0.001122000000,   1.32000,
,,,0.001122200000,   1.32000,
,,,0.001122400000,   1.36000,
,,,0.001122600000,   1.36000,
,,,0.001122800000,   1.32000,
,,,0.001123000000,   1.32000,
,,,0.001123200000,   1.36000,
,,,0.001123400000,   1.28000,
,,,0.001123600000,   1.32000,
,,,0.001123800000,   1.28000,
,,,0.001124000000,   1.32000,
,,,0.001124200000,   1.28000,
,,,0.001124400000,   1.36000,
,,,0.001124600000,   1.32000,
,,,0.001124800000,   1.32000,
,,,0.001125000000,   1.32000,
,,,0.001125200000,   1.28000,
,,,0.001125400000,   1.32000,
,,,0.001125600000,   1.36000,
,,,0.001125800000,   1.36000,
,,,0.001126000000,   1.40000,
,,,0.001126200000,   1.36000,
,,,0.001126400000,   1.36000,
,,,0.001126600000,   1.40000,
,,,0.001126800000,   1.40000,
,,,0.001127000000,   1.36000,
,,,0.001127200000,   1.32000,
,,,0.001127400000,   1.36000,
,,,0.001127600000,   1.32000,
,,,0.001127800000,   1.32000,
,,,0.001128000000,   1.36000,
,,,0.001128200000,   1.40000,
,,,0.001128400000,   1.32000,
,,,0.001128600000,   1.40000,
,,,0.001128800000,   1.36000,
,,,0.001129000000,   1.40000,
,,,0.001129200000,   1.40000,
,,,0.001129400000,   1.36000,
,,,0.001129600000,   1.36000,
,,,0.001129800000,   1.40000,
,,,0.001130000000,   1.40000,
,,,0.001130200000,   1.36000,
,,,0.001130400000,   1.36000,
,,,0.001130600000,   1.36000,
,,,0.001130800000,   1.40000,
,,,0.001131000000,   1.40000,
,,,0.001131200000,   1.40000,
,,,0.001131400000,   1.40000,
,,,0.001131600000,   1.40000,
,,,0.001131800000,   1.40000,
,,,0.001132000000,   1.40000,
,,,0.001132200000,   1.36000,
,,,0.001132400000,   1.40000,
,,,0.001132600000,   1.40000,
,,,0.001132800000,   1.44000,
,,,0.001133000000,   1.40000,
,,,0.001133200000,   1.40000,
,,,0.001133400000,   1.44000,
,,,0.001133600000,   1.36000,
,,,0.001133800000,   1.40000,
,,,0.001134000000,   1.40000,
,,,0.001134200000,   1.40000,
,,,0.001134400000,   1.40000,
,,,0.001134600000,   1.40000,
,,,0.001134800000,   1.40000,
,,,0.001135000000,   1.44000,
,,,0.001135200000,   1.44000,
,,,0.001135400000,   1.44000,
,,,0.001135600000,   1.40000,
,,,0.001135800000,   1.44000,
,,,0.001136000000,   1.44000,
,,,0.001136200000,   1.44000,
,,,0.001136400000,   1.44000,
,,,0.001136600000,   1.44000,
,,,0.001136800000,   1.44000,
,,,0.001137000000,   1.40000,
,,,0.001137200000,   1.44000,
,,,0.001137400000,   1.44000,
,,,0.001137600000,   1.40000,
,,,0.001137800000,   1.44000,
,,,0.001138000000,   1.48000,
,,,0.001138200000,   1.44000,
,,,0.001138400000,   1.44000,
,,,0.001138600000,   1.48000,
,,,0.001138800000,   1.40000,
,,,0.001139000000,   1.44000,
,,,0.001139200000,   1.48000,
,,,0.001139400000,   1.48000,
,,,0.001139600000,   1.48000,
,,,0.001139800000,   1.44000,
,,,0.001140000000,   1.48000,
,,,0.001140200000,   1.44000,
,,,0.001140400000,   1.48000,
,,,0.001140600000,   1.48000,
,,,0.001140800000,   1.48000,
,,,0.001141000000,   1.48000,
,,,0.001141200000,   1.44000,
,,,0.001141400000,   1.48000,
,,,0.001141600000,   1.48000,
,,,0.001141800000,   1.48000,
,,,0.001142000000,   1.48000,
,,,0.001142200000,   1.48000,
,,,0.001142400000,   1.48000,
,,,0.001142600000,   1.48000,
,,,0.001142800000,   1.48000,
,,,0.001143000000,   1.52000,
,,,0.001143200000,   1.52000,
,,,0.001143400000,   1.48000,
,,,0.001143600000,   1.44000,
,,,0.001143800000,   1.48000,
,,,0.001144000000,   1.52000,
,,,0.001144200000,   1.44000,
,,,0.001144400000,   1.48000,
,,,0.001144600000,   1.52000,
,,,0.001144800000,   1.48000,
,,,0.001145000000,   1.56000,
,,,0.001145200000,   1.44000,
,,,0.001145400000,   1.48000,
,,,0.001145600000,   1.52000,
,,,0.001145800000,   1.52000,
,,,0.001146000000,   1.48000,
,,,0.001146200000,   1.52000,
,,,0.001146400000,   1.52000,
,,,0.001146600000,   1.56000,
,,,0.001146800000,   1.52000,
,,,0.001147000000,   1.52000,
,,,0.001147200000,   1.52000,
,,,0.001147400000,   1.52000,
,,,0.001147600000,   1.56000,
,,,0.001147800000,   1.52000,
,,,0.001148000000,   1.56000,
,,,0.001148200000,   1.56000,
,,,0.001148400000,   1.52000,
,,,0.001148600000,   1.52000,
,,,0.001148800000,   1.52000,
,,,0.001149000000,   1.56000,
,,,0.001149200000,   1.52000,
,,,0.001149400000,   1.56000,
,,,0.001149600000,   1.56000,
,,,0.001149800000,   1.56000,
,,,0.001150000000,   1.56000,
,,,0.001150200000,   1.48000,
,,,0.001150400000,   1.56000,
,,,0.001150600000,   1.56000,
,,,0.001150800000,   1.60000,
,,,0.001151000000,   1.56000,
,,,0.001151200000,   1.52000,
,,,0.001151400000,   1.60000,
,,,0.001151600000,   1.52000,
,,,0.001151800000,   1.52000,
,,,0.001152000000,   1.56000,
,,,0.001152200000,   1.56000,
,,,0.001152400000,   1.56000,
,,,0.001152600000,   1.60000,
,,,0.001152800000,   1.60000,
,,,0.001153000000,   1.60000,
,,,0.001153200000,   1.56000,
,,,0.001153400000,   1.52000,
,,,0.001153600000,   1.56000,
,,,0.001153800000,   1.56000,
,,,0.001154000000,   1.56000,
,,,0.001154200000,   1.56000,
,,,0.001154400000,   1.60000,
,,,0.001154600000,   1.56000,
,,,0.001154800000,   1.56000,
,,,0.001155000000,   1.56000,
,,,0.001155200000,   1.56000,
,,,0.001155400000,   1.56000,
,,,0.001155600000,   1.60000,
,,,0.001155800000,   1.60000,
,,,0.001156000000,   1.60000,
,,,0.001156200000,   1.60000,
,,,0.001156400000,   1.60000,
,,,0.001156600000,   1.60000,
,,,0.001156800000,   1.60000,
,,,0.001157000000,   1.56000,
,,,0.001157200000,   1.52000,
,,,0.001157400000,   1.56000,
,,,0.001157600000,   1.64000,
,,,0.001157800000,   1.64000,
,,,0.001158000000,   1.64000,
,,,0.001158200000,   1.60000,
,,,0.001158400000,   1.60000,
,,,0.001158600000,   1.60000,
,,,0.001158800000,   1.60000,
,,,0.001159000000,   1.60000,
,,,0.001159200000,   1.60000,
,,,0.001159400000,   1.60000,
,,,0.001159600000,   1.64000,
,,,0.001159800000,   1.64000,
,,,0.001160000000,   1.56000,
,,,0.001160200000,   1.64000,
,,,0.001160400000,   1.64000,
,,,0.001160600000,   1.60000,
,,,0.001160800000,   1.64000,
,,,0.001161000000,   1.68000,
,,,0.001161200000,   1.68000,
,,,0.001161400000,   1.64000,
,,,0.001161600000,   1.60000,
,,,0.001161800000,   1.60000,
,,,0.001162000000,   1.64000,
,,,0.001162200000,   1.64000,
,,,0.001162400000,   1.68000,
,,,0.001162600000,   1.64000,
,,,0.001162800000,   1.64000,
,,,0.001163000000,   1.64000,
,,,0.001163200000,   1.68000,
,,,0.001163400000,   1.60000,
,,,0.001163600000,   1.60000,
,,,0.001163800000,   1.68000,
,,,0.001164000000,   1.64000,
,,,0.001164200000,   1.64000,
,,,0.001164400000,   1.68000,
,,,0.001164600000,   1.60000,
,,,0.001164800000,   1.64000,
,,,0.001165000000,   1.64000,
,,,0.001165200000,   1.68000,
,,,0.001165400000,   1.68000,
,,,0.001165600000,   1.68000,
,,,0.001165800000,   1.68000,
,,,0.001166000000,   1.68000,
,,,0.001166200000,   1.68000,
,,,0.001166400000,   1.64000,
,,,0.001166600000,   1.68000,
,,,0.001166800000,   1.72000,
,,,0.001167000000,   1.68000,
,,,0.001167200000,   1.64000,
,,,0.001167400000,   1.68000,
,,,0.001167600000,   1.68000,
,,,0.001167800000,   1.72000,
,,,0.001168000000,   1.68000,
,,,0.001168200000,   1.64000,
,,,0.001168400000,   1.64000,
,,,0.001168600000,   1.64000,
,,,0.001168800000,   1.68000,
,,,0.001169000000,   1.68000,
,,,0.001169200000,   1.72000,
,,,0.001169400000,   1.68000,
,,,0.001169600000,   1.64000,
,,,0.001169800000,   1.64000,
,,,0.001170000000,   1.72000,
,,,0.001170200000,   1.72000,
,,,0.001170400000,   1.72000,
,,,0.001170600000,   1.72000,
,,,0.001170800000,   1.72000,
,,,0.001171000000,   1.72000,
,,,0.001171200000,   1.68000,
,,,0.001171400000,   1.76000,
,,,0.001171600000,   1.72000,
,,,0.001171800000,   1.72000,
,,,0.001172000000,   1.72000,
,,,0.001172200000,   1.76000,
,,,0.001172400000,   1.68000,
,,,0.001172600000,   1.76000,
,,,0.001172800000,   1.76000,
,,,0.001173000000,   1.76000,
,,,0.001173200000,   1.72000,
,,,0.001173400000,   1.76000,
,,,0.001173600000,   1.68000,
,,,0.001173800000,   1.72000,
,,,0.001174000000,   1.72000,
,,,0.001174200000,   1.72000,
,,,0.001174400000,   1.76000,
,,,0.001174600000,   1.76000,
,,,0.001174800000,   1.76000,
,,,0.001175000000,   1.76000,
,,,0.001175200000,   1.72000,
,,,0.001175400000,   1.72000,
,,,0.001175600000,   1.80000,
,,,0.001175800000,   1.76000,
,,,0.001176000000,   1.76000,
,,,0.001176200000,   1.80000,
,,,0.001176400000,   1.72000,
,,,0.001176600000,   1.76000,
,,,0.001176800000,   1.72000,
,,,0.001177000000,   1.72000,
,,,0.001177200000,   1.76000,
,,,0.001177400000,   1.76000,
,,,0.001177600000,   1.84000,
,,,0.001177800000,   1.80000,
,,,0.001178000000,   1.76000,
,,,0.001178200000,   1.80000,
,,,0.001178400000,   1.76000,
,,,0.001178600000,   1.76000,
,,,0.001178800000,   1.76000,
,,,0.001179000000,   1.76000,
,,,0.001179200000,   1.76000,
,,,0.001179400000,   1.80000,
,,,0.001179600000,   1.76000,
,,,0.001179800000,   1.72000,
,,,0.001180000000,   1.76000,
,,,0.001180200000,   1.76000,
,,,0.001180400000,   1.80000,
,,,0.001180600000,   1.80000,
,,,0.001180800000,   1.76000,
,,,0.001181000000,   1.80000,
,,,0.001181200000,   1.84000,
,,,0.001181400000,   1.80000,
,,,0.001181600000,   1.80000,
,,,0.001181800000,   1.84000,
,,,0.001182000000,   1.80000,
,,,0.001182200000,   1.84000,
,,,0.001182400000,   1.80000,
,,,0.001182600000,   1.84000,
,,,0.001182800000,   1.80000,
,,,0.001183000000,   1.80000,
,,,0.001183200000,   1.80000,
,,,0.001183400000,   1.84000,
,,,0.001183600000,   1.84000,
,,,0.001183800000,   1.84000,
,,,0.001184000000,   1.84000,
,,,0.001184200000,   1.80000,
,,,0.001184400000,   1.80000,
,,,0.001184600000,   1.80000,
,,,0.001184800000,   1.80000,
,,,0.001185000000,   1.76000,
,,,0.001185200000,   1.84000,
,,,0.001185400000,   1.80000,
,,,0.001185600000,   1.84000,
,,,0.001185800000,   1.84000,
,,,0.001186000000,   1.84000,
,,,0.001186200000,   1.84000,
,,,0.001186400000,   1.80000,
,,,0.001186600000,   1.84000,
,,,0.001186800000,   1.84000,
,,,0.001187000000,   1.88000,
,,,0.001187200000,   1.84000,
,,,0.001187400000,   1.84000,
,,,0.001187600000,   1.92000,
,,,0.001187800000,   1.80000,
,,,0.001188000000,   1.84000,
,,,0.001188200000,   1.84000,
,,,0.001188400000,   1.84000,
,,,0.001188600000,   1.84000,
,,,0.001188800000,   1.84000,
,,,0.001189000000,   1.88000,
,,,0.001189200000,   1.88000,
,,,0.001189400000,   1.84000,
,,,0.001189600000,   1.88000,
,,,0.001189800000,   1.84000,
,,,0.001190000000,   1.88000,
,,,0.001190200000,   1.84000,
,,,0.001190400000,   1.88000,
,,,0.001190600000,   1.92000,
,,,0.001190800000,   1.88000,
,,,0.001191000000,   1.88000,
,,,0.001191200000,   1.84000,
,,,0.001191400000,   1.84000,
,,,0.001191600000,   1.92000,
,,,0.001191800000,   1.92000,
,,,0.001192000000,   1.92000,
,,,0.001192200000,   1.96000,
,,,0.001192400000,   1.92000,
,,,0.001192600000,   1.92000,
,,,0.001192800000,   1.88000,
,,,0.001193000000,   1.88000,
,,,0.001193200000,   1.88000,
,,,0.001193400000,   1.88000,
,,,0.001193600000,   1.88000,
,,,0.001193800000,   1.88000,
,,,0.001194000000,   1.88000,
,,,0.001194200000,   1.92000,
,,,0.001194400000,   1.92000,
,,,0.001194600000,   1.92000,
,,,0.001194800000,   1.88000,
,,,0.001195000000,   1.92000,
,,,0.001195200000,   1.92000,
,,,0.001195400000,   1.92000,
,,,0.001195600000,   1.92000,
,,,0.001195800000,   1.92000,
,,,0.001196000000,   1.96000,
,,,0.001196200000,   1.92000,
,,,0.001196400000,   1.88000,
,,,0.001196600000,   1.92000,
,,,0.001196800000,   1.96000,
,,,0.001197000000,   1.92000,
,,,0.001197200000,   1.92000,
,,,0.001197400000,   1.88000,
,,,0.001197600000,   1.92000,
,,,0.001197800000,   1.92000,
,,,0.001198000000,   1.92000,
,,,0.001198200000,   1.92000,
,,,0.001198400000,   1.96000,
,,,0.001198600000,   1.96000,
,,,0.001198800000,   1.96000,
,,,0.001199000000,   1.92000,
,,,0.001199200000,   1.96000,
,,,0.001199400000,   1.92000,
,,,0.001199600000,   1.92000,
,,,0.001199800000,   1.92000,
,,,0.001200000000,   1.96000,
,,,0.001200200000,   1.92000,
,,,0.001200400000,   1.96000,
,,,0.001200600000,   1.96000,
,,,0.001200800000,   1.96000,
,,,0.001201000000,   1.96000,
,,,0.001201200000,   1.92000,
,,,0.001201400000,   1.96000,
,,,0.001201600000,   1.96000,
,,,0.001201800000,   1.96000,
,,,0.001202000000,   1.92000,
,,,0.001202200000,   1.92000,
,,,0.001202400000,   2.00000,
,,,0.001202600000,   2.00000,
,,,0.001202800000,   1.96000,
,,,0.001203000000,   1.92000,
,,,0.001203200000,   1.96000,
,,,0.001203400000,   1.96000,
,,,0.001203600000,   1.96000,
,,,0.001203800000,   1.96000,
,,,0.001204000000,   1.96000,
,,,0.001204200000,   1.96000,
,,,0.001204400000,   1.96000,
,,,0.001204600000,   1.96000,
,,,0.001204800000,   1.96000,
,,,0.001205000000,   2.00000,
,,,0.001205200000,   2.00000,
,,,0.001205400000,   1.96000,
,,,0.001205600000,   1.96000,
,,,0.001205800000,   2.00000,
,,,0.001206000000,   2.04000,
,,,0.001206200000,   2.00000,
,,,0.001206400000,   2.00000,
,,,0.001206600000,   2.04000,
,,,0.001206800000,   1.96000,
,,,0.001207000000,   2.00000,
,,,0.001207200000,   2.04000,
,,,0.001207400000,   2.00000,
,,,0.001207600000,   1.96000,
,,,0.001207800000,   2.00000,
,,,0.001208000000,   1.96000,
,,,0.001208200000,   2.00000,
,,,0.001208400000,   2.00000,
,,,0.001208600000,   2.04000,
,,,0.001208800000,   2.00000,
,,,0.001209000000,   2.00000,
,,,0.001209200000,   2.04000,
,,,0.001209400000,   1.96000,
,,,0.001209600000,   2.00000,
,,,0.001209800000,   1.96000,
,,,0.001210000000,   2.00000,
,,,0.001210200000,   2.04000,
,,,0.001210400000,   2.04000,
,,,0.001210600000,   2.04000,
,,,0.001210800000,   1.96000,
,,,0.001211000000,   2.00000,
,,,0.001211200000,   2.00000,
,,,0.001211400000,   2.00000,
,,,0.001211600000,   2.04000,
,,,0.001211800000,   2.00000,
,,,0.001212000000,   2.04000,
,,,0.001212200000,   2.00000,
,,,0.001212400000,   2.00000,
,,,0.001212600000,   2.00000,
,,,0.001212800000,   2.00000,
,,,0.001213000000,   1.96000,
,,,0.001213200000,   1.96000,
,,,0.001213400000,   2.00000,
,,,0.001213600000,   2.04000,
,,,0.001213800000,   2.00000,
,,,0.001214000000,   2.00000,
,,,0.001214200000,   1.96000,
,,,0.001214400000,   1.92000,
,,,0.001214600000,   2.00000,
,,,0.001214800000,   2.00000,
,,,0.001215000000,   2.00000,
,,,0.001215200000,   2.00000,
,,,0.001215400000,   1.96000,
,,,0.001215600000,   1.96000,
,,,0.001215800000,   2.00000,
,,,0.001216000000,   1.96000,
,,,0.001216200000,   1.96000,
,,,0.001216400000,   1.96000,
,,,0.001216600000,   1.96000,
,,,0.001216800000,   1.92000,
,,,0.001217000000,   1.92000,
,,,0.001217200000,   1.96000,
,,,0.001217400000,   1.96000,
,,,0.001217600000,   1.92000,
,,,0.001217800000,   1.96000,
,,,0.001218000000,   1.92000,
,,,0.001218200000,   1.96000,
,,,0.001218400000,   1.96000,
,,,0.001218600000,   1.92000,
,,,0.001218800000,   1.96000,
,,,0.001219000000,   1.96000,
,,,0.001219200000,   1.96000,
,,,0.001219400000,   1.88000,
,,,0.001219600000,   1.88000,
,,,0.001219800000,   1.96000,
,,,0.001220000000,   1.96000,
,,,0.001220200000,   1.96000,
,,,0.001220400000,   1.96000,
,,,0.001220600000,   1.92000,
,,,0.001220800000,   1.96000,
,,,0.001221000000,   1.92000,
,,,0.001221200000,   1.92000,
,,,0.001221400000,   1.92000,
,,,0.001221600000,   1.92000,
,,,0.001221800000,   1.88000,
,,,0.001222000000,   1.88000,
,,,0.001222200000,   1.92000,
,,,0.001222400000,   1.92000,
,,,0.001222600000,   1.92000,
,,,0.001222800000,   1.84000,
,,,0.001223000000,   1.88000,
,,,0.001223200000,   1.92000,
,,,0.001223400000,   1.88000,
,,,0.001223600000,   1.88000,
,,,0.001223800000,   1.96000,
,,,0.001224000000,   1.88000,
,,,0.001224200000,   1.88000,
,,,0.001224400000,   1.88000,
,,,0.001224600000,   1.88000,
,,,0.001224800000,   1.96000,
,,,0.001225000000,   1.92000,
,,,0.001225200000,   1.88000,
,,,0.001225400000,   1.92000,
,,,0.001225600000,   1.92000,
,,,0.001225800000,   1.88000,
,,,0.001226000000,   1.92000,
,,,0.001226200000,   1.92000,
,,,0.001226400000,   1.92000,
,,,0.001226600000,   1.84000,
,,,0.001226800000,   1.88000,
,,,0.001227000000,   1.84000,
,,,0.001227200000,   1.84000,
,,,0.001227400000,   1.92000,
,,,0.001227600000,   1.80000,
,,,0.001227800000,   1.84000,
,,,0.001228000000,   1.88000,
,,,0.001228200000,   1.88000,
,,,0.001228400000,   1.88000,
,,,0.001228600000,   1.84000,
,,,0.001228800000,   1.88000,
,,,0.001229000000,   1.92000,
,,,0.001229200000,   1.88000,
,,,0.001229400000,   1.84000,
,,,0.001229600000,   1.84000,
,,,0.001229800000,   1.92000,
,,,0.001230000000,   1.84000,
,,,0.001230200000,   1.84000,
,,,0.001230400000,   1.84000,
,,,0.001230600000,   1.84000,
,,,0.001230800000,   1.80000,
,,,0.001231000000,   1.80000,
,,,0.001231200000,   1.84000,
,,,0.001231400000,   1.84000,
,,,0.001231600000,   1.80000,
,,,0.001231800000,   1.84000,
,,,0.001232000000,   1.88000,
,,,0.001232200000,   1.84000,
,,,0.001232400000,   1.80000,
,,,0.001232600000,   1.80000,
,,,0.001232800000,   1.84000,
,,,0.001233000000,   1.84000,
,,,0.001233200000,   1.84000,
,,,0.001233400000,   1.84000,
,,,0.001233600000,   1.80000,
,,,0.001233800000,   1.80000,
,,,0.001234000000,   1.80000,
,,,0.001234200000,   1.80000,
,,,0.001234400000,   1.84000,
,,,0.001234600000,   1.84000,
,,,0.001234800000,   1.80000,
,,,0.001235000000,   1.84000,
,,,0.001235200000,   1.84000,
,,,0.001235400000,   1.84000,
,,,0.001235600000,   1.80000,
,,,0.001235800000,   1.76000,
,,,0.001236000000,   1.80000,
,,,0.001236200000,   1.80000,
,,,0.001236400000,   1.88000,
,,,0.001236600000,   1.80000,
,,,0.001236800000,   1.80000,
,,,0.001237000000,   1.80000,
,,,0.001237200000,   1.80000,
,,,0.001237400000,   1.80000,
,,,0.001237600000,   1.80000,
,,,0.001237800000,   1.84000,
,,,0.001238000000,   1.80000,
,,,0.001238200000,   1.80000,
,,,0.001238400000,   1.80000,
,,,0.001238600000,   1.80000,
,,,0.001238800000,   1.80000,
,,,0.001239000000,   1.80000,
,,,0.001239200000,   1.76000,
,,,0.001239400000,   1.76000,
,,,0.001239600000,   1.76000,
,,,0.001239800000,   1.80000,
,,,0.001240000000,   1.76000,
,,,0.001240200000,   1.76000,
,,,0.001240400000,   1.76000,
,,,0.001240600000,   1.80000,
,,,0.001240800000,   1.72000,
,,,0.001241000000,   1.72000,
,,,0.001241200000,   1.76000,
,,,0.001241400000,   1.72000,
,,,0.001241600000,   1.80000,
,,,0.001241800000,   1.76000,
,,,0.001242000000,   1.84000,
,,,0.001242200000,   1.76000,
,,,0.001242400000,   1.76000,
,,,0.001242600000,   1.72000,
,,,0.001242800000,   1.72000,
,,,0.001243000000,   1.76000,
,,,0.001243200000,   1.76000,
,,,0.001243400000,   1.76000,
,,,0.001243600000,   1.72000,
,,,0.001243800000,   1.76000,
,,,0.001244000000,   1.72000,
,,,0.001244200000,   1.72000,
,,,0.001244400000,   1.72000,
,,,0.001244600000,   1.76000,
,,,0.001244800000,   1.76000,
,,,0.001245000000,   1.76000,
,,,0.001245200000,   1.76000,
,,,0.001245400000,   1.76000,
,,,0.001245600000,   1.72000,
,,,0.001245800000,   1.72000,
,,,0.001246000000,   1.76000,
,,,0.001246200000,   1.72000,
,,,0.001246400000,   1.72000,
,,,0.001246600000,   1.68000,
,,,0.001246800000,   1.72000,
,,,0.001247000000,   1.76000,
,,,0.001247200000,   1.72000,
,,,0.001247400000,   1.68000,
,,,0.001247600000,   1.68000,
,,,0.001247800000,   1.76000,
,,,0.001248000000,   1.72000,
,,,0.001248200000,   1.68000,
,,,0.001248400000,   1.72000,
,,,0.001248600000,   1.68000,
,,,0.001248800000,   1.68000,
,,,0.001249000000,   1.64000,
,,,0.001249200000,   1.68000,
,,,0.001249400000,   1.72000,
,,,0.001249600000,   1.72000,
,,,0.001249800000,   1.68000,
,,,0.001250000000,   1.68000,
,,,0.001250200000,   1.72000,
,,,0.001250400000,   1.64000,
,,,0.001250600000,   1.68000,
,,,0.001250800000,   1.64000,
,,,0.001251000000,   1.68000,
,,,0.001251200000,   1.72000,
,,,0.001251400000,   1.72000,
,,,0.001251600000,   1.68000,
,,,0.001251800000,   1.68000,
,,,0.001252000000,   1.68000,
,,,0.001252200000,   1.68000,
,,,0.001252400000,   1.64000,
,,,0.001252600000,   1.64000,
,,,0.001252800000,   1.60000,
,,,0.001253000000,   1.64000,
,,,0.001253200000,   1.72000,
,,,0.001253400000,   1.64000,
,,,0.001253600000,   1.64000,
,,,0.001253800000,   1.64000,
,,,0.001254000000,   1.68000,
,,,0.001254200000,   1.68000,
,,,0.001254400000,   1.68000,
,,,0.001254600000,   1.64000,
,,,0.001254800000,   1.64000,
,,,0.001255000000,   1.68000,
,,,0.001255200000,   1.64000,
,,,0.001255400000,   1.64000,
,,,0.001255600000,   1.64000,
,,,0.001255800000,   1.64000,
,,,0.001256000000,   1.64000,
,,,0.001256200000,   1.68000,
,,,0.001256400000,   1.64000,
,,,0.001256600000,   1.64000,
,,,0.001256800000,   1.60000,
,,,0.001257000000,   1.64000,
,,,0.001257200000,   1.60000,
,,,0.001257400000,   1.60000,
,,,0.001257600000,   1.56000,
,,,0.001257800000,   1.68000,
,,,0.001258000000,   1.60000,
,,,0.001258200000,   1.60000,
,,,0.001258400000,   1.60000,
,,,0.001258600000,   1.60000,
,,,0.001258800000,   1.60000,
,,,0.001259000000,   1.56000,
,,,0.001259200000,   1.64000,
,,,0.001259400000,   1.68000,
,,,0.001259600000,   1.60000,
,,,0.001259800000,   1.68000,
,,,0.001260000000,   1.60000,
,,,0.001260200000,   1.64000,
,,,0.001260400000,   1.60000,
,,,0.001260600000,   1.60000,
,,,0.001260800000,   1.60000,
,,,0.001261000000,   1.64000,
,,,0.001261200000,   1.64000,
,,,0.001261400000,   1.56000,
,,,0.001261600000,   1.56000,
,,,0.001261800000,   1.56000,
,,,0.001262000000,   1.60000,
,,,0.001262200000,   1.60000,
,,,0.001262400000,   1.56000,
,,,0.001262600000,   1.56000,
,,,0.001262800000,   1.60000,
,,,0.001263000000,   1.60000,
,,,0.001263200000,   1.60000,
,,,0.001263400000,   1.56000,
,,,0.001263600000,   1.60000,
,,,0.001263800000,   1.56000,
,,,0.001264000000,   1.56000,
,,,0.001264200000,   1.56000,
,,,0.001264400000,   1.56000,
,,,0.001264600000,   1.60000,
,,,0.001264800000,   1.56000,
,,,0.001265000000,   1.56000,
,,,0.001265200000,   1.60000,
,,,0.001265400000,   1.56000,
,,,0.001265600000,   1.60000,
,,,0.001265800000,   1.56000,
,,,0.001266000000,   1.60000,
,,,0.001266200000,   1.56000,
,,,0.001266400000,   1.60000,
,,,0.001266600000,   1.52000,
,,,0.001266800000,   1.52000,
,,,0.001267000000,   1.52000,
,,,0.001267200000,   1.52000,
,,,0.001267400000,   1.56000,
,,,0.001267600000,   1.56000,
,,,0.001267800000,   1.56000,
,,,0.001268000000,   1.56000,
,,,0.001268200000,   1.52000,
,,,0.001268400000,   1.56000,
,,,0.001268600000,   1.56000,
,,,0.001268800000,   1.52000,
,,,0.001269000000,   1.52000,
,,,0.001269200000,   1.52000,
,,,0.001269400000,   1.48000,
,,,0.001269600000,   1.52000,
,,,0.001269800000,   1.56000,
,,,0.001270000000,   1.56000,
,,,0.001270200000,   1.48000,
,,,0.001270400000,   1.48000,
,,,0.001270600000,   1.56000,
,,,0.001270800000,   1.52000,
,,,0.001271000000,   1.56000,
,,,0.001271200000,   1.52000,
,,,0.001271400000,   1.52000,
,,,0.001271600000,   1.52000,
,,,0.001271800000,   1.52000,
,,,0.001272000000,   1.48000,
,,,0.001272200000,   1.48000,
,,,0.001272400000,   1.52000,
,,,0.001272600000,   1.48000,
,,,0.001272800000,   1.52000,
,,,0.001273000000,   1.48000,
,,,0.001273200000,   1.52000,
,,,0.001273400000,   1.48000,
,,,0.001273600000,   1.48000,
,,,0.001273800000,   1.48000,
,,,0.001274000000,   1.48000,
,,,0.001274200000,   1.44000,
,,,0.001274400000,   1.52000,
,,,0.001274600000,   1.52000,
,,,0.001274800000,   1.48000,
,,,0.001275000000,   1.48000,
,,,0.001275200000,   1.52000,
,,,0.001275400000,   1.44000,
,,,0.001275600000,   1.48000,
,,,0.001275800000,   1.48000,
,,,0.001276000000,   1.48000,
,,,0.001276200000,   1.44000,
,,,0.001276400000,   1.48000,
,,,0.001276600000,   1.48000,
,,,0.001276800000,   1.44000,
,,,0.001277000000,   1.48000,
,,,0.001277200000,   1.48000,
,,,0.001277400000,   1.44000,
,,,0.001277600000,   1.48000,
,,,0.001277800000,   1.44000,
,,,0.001278000000,   1.48000,
,,,0.001278200000,   1.48000,
,,,0.001278400000,   1.48000,
,,,0.001278600000,   1.44000,
,,,0.001278800000,   1.44000,
,,,0.001279000000,   1.44000,
,,,0.001279200000,   1.44000,
,,,0.001279400000,   1.44000,
,,,0.001279600000,   1.44000,
,,,0.001279800000,   1.48000,
,,,0.001280000000,   1.52000,
,,,0.001280200000,   1.48000,
,,,0.001280400000,   1.40000,
,,,0.001280600000,   1.44000,
,,,0.001280800000,   1.44000,
,,,0.001281000000,   1.44000,
,,,0.001281200000,   1.44000,
,,,0.001281400000,   1.44000,
,,,0.001281600000,   1.44000,
,,,0.001281800000,   1.44000,
,,,0.001282000000,   1.44000,
,,,0.001282200000,   1.40000,
,,,0.001282400000,   1.48000,
,,,0.001282600000,   1.48000,
,,,0.001282800000,   1.44000,
,,,0.001283000000,   1.40000,
,,,0.001283200000,   1.44000,
,,,0.001283400000,   1.44000,
,,,0.001283600000,   1.40000,
,,,0.001283800000,   1.40000,
,,,0.001284000000,   1.40000,
,,,0.001284200000,   1.44000,
,,,0.001284400000,   1.40000,
,,,0.001284600000,   1.40000,
,,,0.001284800000,   1.44000,
,,,0.001285000000,   1.40000,
,,,0.001285200000,   1.40000,
,,,0.001285400000,   1.40000,
,,,0.001285600000,   1.44000,
,,,0.001285800000,   1.40000,
,,,0.001286000000,   1.40000,
,,,0.001286200000,   1.40000,
,,,0.001286400000,   1.40000,
,,,0.001286600000,   1.40000,
,,,0.001286800000,   1.40000,
,,,0.001287000000,   1.36000,
,,,0.001287200000,   1.36000,
,,,0.001287400000,   1.40000,
,,,0.001287600000,   1.40000,
,,,0.001287800000,   1.36000,
,,,0.001288000000,   1.40000,
,,,0.001288200000,   1.40000,
,,,0.001288400000,   1.36000,
,,,0.001288600000,   1.32000,
,,,0.001288800000,   1.40000,
,,,0.001289000000,   1.36000,
,,,0.001289200000,   1.40000,
,,,0.001289400000,   1.44000,
,,,0.001289600000,   1.36000,
,,,0.001289800000,   1.36000,
,,,0.001290000000,   1.36000,
,,,0.001290200000,   1.36000,
,,,0.001290400000,   1.36000,
,,,0.001290600000,   1.36000,
,,,0.001290800000,   1.40000,
,,,0.001291000000,   1.36000,
,,,0.001291200000,   1.36000,
,,,0.001291400000,   1.40000,
,,,0.001291600000,   1.32000,
,,,0.001291800000,   1.32000,
,,,0.001292000000,   1.36000,
,,,0.001292200000,   1.36000,
,,,0.001292400000,   1.36000,
,,,0.001292600000,   1.36000,
,,,0.001292800000,   1.36000,
,,,0.001293000000,   1.36000,
,,,0.001293200000,   1.32000,
,,,0.001293400000,   1.32000,
,,,0.001293600000,   1.32000,
,,,0.001293800000,   1.28000,
,,,0.001294000000,   1.32000,
,,,0.001294200000,   1.36000,
,,,0.001294400000,   1.36000,
,,,0.001294600000,   1.32000,
,,,0.001294800000,   1.32000,
,,,0.001295000000,   1.36000,
,,,0.001295200000,   1.32000,
,,,0.001295400000,   1.32000,
,,,0.001295600000,   1.32000,
,,,0.001295800000,   1.32000,
,,,0.001296000000,   1.32000,
,,,0.001296200000,   1.28000,
,,,0.001296400000,   1.28000,
,,,0.001296600000,   1.32000,
,,,0.001296800000,   1.28000,
,,,0.001297000000,   1.28000,
,,,0.001297200000,   1.28000,
,,,0.001297400000,   1.32000,
,,,0.001297600000,   1.32000,
,,,0.001297800000,   1.32000,
,,,0.001298000000,   1.28000,
,,,0.001298200000,   1.28000,
,,,0.001298400000,   1.28000,
,,,0.001298600000,   1.28000,
,,,0.001298800000,   1.32000,
,,,0.001299000000,   1.32000,
,,,0.001299200000,   1.28000,
,,,0.001299400000,   1.28000,
,,,0.001299600000,   1.28000,
,,,0.001299800000,   1.28000,
,,,0.001300000000,   1.28000,
,,,0.001300200000,   1.24000,
,,,0.001300400000,   1.32000,
,,,0.001300600000,   1.32000,
,,,0.001300800000,   1.32000,
,,,0.001301000000,   1.28000,
,,,0.001301200000,   1.28000,
,,,0.001301400000,   1.32000,
,,,0.001301600000,   1.24000,
,,,0.001301800000,   1.28000,
,,,0.001302000000,   1.24000,
,,,0.001302200000,   1.24000,
,,,0.001302400000,   1.28000,
,,,0.001302600000,   1.24000,
,,,0.001302800000,   1.28000,
,,,0.001303000000,   1.28000,
,,,0.001303200000,   1.24000,
,,,0.001303400000,   1.24000,
,,,0.001303600000,   1.28000,
,,,0.001303800000,   1.24000,
,,,0.001304000000,   1.28000,
,,,0.001304200000,   1.24000,
,,,0.001304400000,   1.28000,
,,,0.001304600000,   1.28000,
,,,0.001304800000,   1.24000,
,,,0.001305000000,   1.24000,
,,,0.001305200000,   1.24000,
,,,0.001305400000,   1.24000,
,,,0.001305600000,   1.24000,
,,,0.001305800000,   1.24000,
,,,0.001306000000,   1.24000,
,,,0.001306200000,   1.20000,
,,,0.001306400000,   1.24000,
,,,0.001306600000,   1.24000,
,,,0.001306800000,   1.20000,
,,,0.001307000000,   1.20000,
,,,0.001307200000,   1.20000,
,,,0.001307400000,   1.24000,
,,,0.001307600000,   1.24000,
,,,0.001307800000,   1.24000,
,,,0.001308000000,   1.24000,
,,,0.001308200000,   1.24000,
,,,0.001308400000,   1.24000,
,,,0.001308600000,   1.20000,
,,,0.001308800000,   1.16000,
,,,0.001309000000,   1.24000,
,,,0.001309200000,   1.20000,
,,,0.001309400000,   1.20000,
,,,0.001309600000,   1.20000,
,,,0.001309800000,   1.20000,
,,,0.001310000000,   1.20000,
,,,0.001310200000,   1.20000,
,,,0.001310400000,   1.20000,
,,,0.001310600000,   1.24000,
,,,0.001310800000,   1.20000,
,,,0.001311000000,   1.24000,
,,,0.001311200000,   1.24000,
,,,0.001311400000,   1.16000,
,,,0.001311600000,   1.12000,
,,,0.001311800000,   1.16000,
,,,0.001312000000,   1.16000,
,,,0.001312200000,   1.16000,
,,,0.001312400000,   1.20000,
,,,0.001312600000,   1.24000,
,,,0.001312800000,   1.16000,
,,,0.001313000000,   1.16000,
,,,0.001313200000,   1.20000,
,,,0.001313400000,   1.16000,
,,,0.001313600000,   1.16000,
,,,0.001313800000,   1.16000,
,,,0.001314000000,   1.16000,
,,,0.001314200000,   1.16000,
,,,0.001314400000,   1.16000,
,,,0.001314600000,   1.16000,
,,,0.001314800000,   1.20000,
,,,0.001315000000,   1.12000,
,,,0.001315200000,   1.16000,
,,,0.001315400000,   1.16000,
,,,0.001315600000,   1.16000,
,,,0.001315800000,   1.16000,
